INFORMCION GENERAL,,,,,,,,,,DATOS DEL PROPIETARIO,CARACTERISTICAS,,,,,,,,,,,,,SITUACION ,,,,,,,,,,,,,
NO. DE EXPEDIENTE,TIPO AERÓDROMO,DESIGNADOR,NOMBRE,ESTADO,MUNICIPIO,TIPO DE OPERACIÓN,TIPO DE SERVICIO,CLASIFICACION,CLAVE DE REFERENCIA,NOMBRE,ELEV (M),SISTEMA,"LATITUD
°","LATITUD
'","LATITUD
''","LONGITUD
°","LONGITUD
'","LONGITUD
''",ORIENTACION 1A,ORIENTACION 2A,LONGITUD DE PISTA A,ANCHO DE PISTA A,TIPO DE SUPERFICIE A,FECHA DE EXPEDICIÓN,DURACIÓN DEL PERMISO/  AUTORIZACIÓN,FECHA DE  VENCIMIENTO,MES,AÑO,¿VIGENTE?,SITUACIÓN,AEROPUERTO DE CORDINACIÓN,,,,,,
SP 001,AERÓDROMO,GRN,AEROPUERTO REGIONAL DE GUERRERO NEGRO,BAJA CALIFORNIA,ENSENADA,DIURNO,SERVICIO PARTICULAR,TERRESTRE,3-A,EJIDO EL COSTEÑO,3.00,WGS-84,28,1,33.80,114,1,26.40,12,30,"2,200.00",40.00,ASFALTO,04/11/2024,180 DIAS,04/05/2025,MAY,2025,NO,EN TRAMITE,"AEROPUERTO INTERNACIONAL DE TIJUANA, BAJA CALIFORNIA",,,,,,
SP 002,AERÓDROMO,EPZ,LA ESPERANZA ,COAHUILA,MATAMOROS,DIURNO,SERVICIO PARTICULAR,TERRESTRE,2-B,GABRIEL HUGO DE LA MORA ESQUIVIAS ,"1,115.00",,25,31,48.00,103,18,7.00,8,26,"1,100.00",20.00,ASFALTO,18/06/2007,180 DIAS,18/12/2007,DIC,2007,NO,INOPERATIVO,"AEROPUERTO INTERNACIONAL DE TORREON, COAHUILA",,,,,,
SP 003,AERÓDROMO,TLG,TURISMO LAGO GUERRERO,TAMAULIPAS,HUACHINERA,DIURNO,SERVICIO PARTICULAR,TERRESTRE,2-B,"TURISMO LAGO GUERRERO, S.A.",150.00,NAD 27,24,2,38.90,98,42,18.52,6,24,"1,300.00",15.00,ASFALTO,26/08/2003,90 DÍAS,26/11/2003,NOV,2003,NO,INOPERATIVO,"AEROPUERTO DE CIUDAD VICTORIA, TAMAULIPAS",,,,,,
SP 004,AERÓDROMO,AIB,AGRICOLA LAS ISABELES,CHIHUAHUA,VILLA AHUMADA,DIURNO,SERVICIO PARTICULAR,TERRESTRE,2-A,"AGRICOLA LAS ISABELES, S.P.R. DE R.L.","1,300.00",WGS-84,30,16,27.00,106,44,59.00,18,36,"1,200.00",18.00,TERRACERÍA,15/04/2004,5 AÑOS,15/04/2009,ABR,2009,NO,INOPERATIVO,"AEROPUERTO INTERNACIONAL DE CIUDAD JUAREZ, CHIHUAHUA",,,,,,
HP 005,BARCO-HELIPUERTO,HYI,CLARION (ANTES CARTADEDECES),SINALOA,MAZATLAN,DIURNO,SERVICIO PARTICULAR,HELIPUERTO MIXTO,H-1,MT PESCA INDUSTRIAL S.A. DE C.V. ,0.00,NO APLICA,NO APLICA,NO APLICA,NO APLICA,NO APLICA,NO APLICA,NO APLICA,NO APLICA,NO APLICA,,,,04/04/2025,15 AÑOS,04/04/2040,ABR,2040,SI,VIGENTE,"AEROPUERTO INTERNACIONAL DE MAZATLAN, SINALOA",,,,,,
SP 006,AERÓDROMO,ZRA,ZARUPA,CHIHUAHUA,MORELOS,DIURNO,SERVICIO PARTICULAR,TERRESTRE,1-A,HUGO DE LA ROCHA CRUZ,"1,612.00",WGS-84,26,27,44.58,107,47,7.38,14,32,735.00,20.00,TERRACERÍA,11/12/2007,180 DIAS,11/06/2008,JUN,2008,NO,INOPERATIVO,"AEROPUERTO INTERNACIONAL DE CHIHUAHUA, CHIHUAHUA",,,,,,
SP 007,AERÓDROMO,CEB,CAPITAN BIROTES,SINALOA,NAVOLATO,DIURNO,SERVICIO PARTICULAR,TERRESTRE,1-A,MARTÍN LEOBARDO HERAS CAMACHO ,13.00,WGS-84,24,49,54.00,107,40,5.06,8,26,530.00,15.00,TERRACERÍA,19/03/2015,15 AÑOS,19/03/2030,MAR,2030,SI,VIGENTE,"AEROPUERTO INTERNACIONAL DE CULIACAN, SINALOA",,,,,,
HP 008,HELIPUERTO,,ARISTOS MEXICO,CIUDAD DE MÉXICO,CUAUHTÉMOC,DIURNO,SERVICIO PARTICULAR,ELEVADO,H-1,"HOTELES ARISTOS, S.A. DE C.V.","2,295.00",NAD 27,19,25,36.90,99,9,49.00,,,,,,SIN AUTORIZACIÓN,SIN AUTORIZACIÓN,SIN AUTORIZACIÓN,NOV,2003,NO,INOPERATIVO,"AEROPUERTO INTERNACIONAL DE LA CIUDAD DE MEXICO, CIUDAD DE MEXICO",,,,,,
SP 009,AERÓDROMO,MBY,MACHO BAYO,DURANGO,OTAEZ,DIURNO,SERVICIO PARTICULAR,TERRESTRE,1-A,COMISARIADO EJIDAL DEL POBLADO BANOME ,"2,425.00",WGS-84,24,44,46.00,106,13,13.00,12,30,700.00,12.00,TERRACERÍA,02/10/2009,5 AÑOS,02/10/2014,OCT,2014,NO,INOPERATIVO,"AEROPUERTO INTERNACIONAL DE DURANGO, DURANGO",,,,,,
SP 010,AERÓDROMO,ACC,CABO CORTES,BAJA CALIFORNIA SUR,LOS CABOS,DIURNO,SERVICIO PARTICULAR,TERRESTRE,2-A,"LA RIVERA DESARROLLO BCS, S. DE R.L. DE C.V.",17.00,WGS-84,23,30,39.60,109,28,56.70,7,25,825.00,22.00,TERRACERÍA,01/10/2015,15 AÑOS,01/10/2030,OCT,2030,SI,VIGENTE,"AEROPUERTO INTERNACIONAL DE LOS CABOS, BAJA CALIFORNIA SUR",,,,,,
SP 011,AERÓDROMO,ADY,CLUB AEREO DEL YAQUI,SONORA,CAJEME,DIURNO,SERVICIO PARTICULAR,TERRESTRE,1-A,"CLUB AEREO DEL YAQUI, S.C.                   ",30.00,NAD 27,27,26,49.00,110,1,11.00,8,26,790.00,15.00,ASFALTO,07/07/2005,5 AÑOS,07/07/2010,JUL,2010,NO,EN TRAMITE,"AEROPUERTO INTERNACIONAL DE CIUDAD OBREGON, SONORA",,,,,,
SP 012,AERÓDROMO,LEH,LA LECHUGUILLA,CHIHUAHUA,MORELOS,DIURNO,SERVICIO PARTICULAR,TERRESTRE,1-A,JESUS MANUEL CHAPARRO CHAVEZ,"1,122.00",NAD 27,26,10,24.00,107,21,48.00,2,20,600.00,15.00,TERRACERÍA,12/10/2004,180 DIAS,12/04/2005,ABR,2005,NO,INOPERATIVO,"AEROPUERTO INTERNACIONAL DE CHIHUAHUA, CHIHUAHUA",,,,,,
SP 013,AERÓDROMO,SAV,SANTA ANA MALOAPAN,VERACRUZ,MARTINEZ DE LA TORRE,DIURNO,SERVICIO PARTICULAR,TERRESTRE,1-A,ANTONIO VELAZQUEZ CRUZ Y HERMANOS,105.00,WGS-84,20,3,39.00,97,5,16.00,2,20,"1,100.00",12.00,ASFALTO,08/08/2018,15 AÑOS ,08/08/2033,AGO ,2033,SI ,VIGENTE ,"AEROPUERTO INTERNACIONAL DE VERACRUZ, VERACRUZ",,,,,,
SP 014,AERÓDROMO,GAA,RANCHO SANTA ROSA,GUANAJUATO,SAN DIEGO DE LA UNION,DIURNO,SERVICIO PARTICULAR,TERRESTRE,1-A,ROBERTO LASCURAIN GARGOLLO,"2,140.00",,21,26,40.30,100,56,14.10,9,27,555.00,15.00,TERRACERÍA,20/10/1999,60 DÍAS,SIN AUTORIZACIÓN,DIC,1999,NO,INOPERATIVO,"AEROPUERTO INTERNACIONAL DE GUANAJUATO, GUANAJUATO",,,,,,
SP 015,AERÓDROMO,AST,AEROFUMIGACIONES NAYARIT,BAJA CALIFORNIA,MEXICALI,DIURNO,SERVICIO PARTICULAR,TERRESTRE,1-A,JORGE GUTIERREZ ESPINOZA,20.00,WGS-84,32,18,51.60,115,16,21.60,8,26,600.00,15.00,TERRACERÍA,23/04/2002,90 DÍAS,SIN AUTORIZACIÓN,JUL,2002,NO,INOPERATIVO,"AEROPUERTO INTERNACIONAL DE MEXICALI, BAJA CALIFORNIA",,,,,,
SP 016,AERÓDROMO,POM,POTRERO DE LOS MEDINA,SINALOA,BADIRAGUATO,DIURNO,SERVICIO PARTICULAR,TERRESTRE,1-A,JORGE SAENZ MEDINA,"1,100.00",NAD 27,25,32,19.20,107,21,43.20,14,32,600.00,15.00,TERRACERÍA,29/01/2002,90 DÍAS,SIN AUTORIZACIÓN,ABR,2002,NO,INOPERATIVO,"AEROPUERTO INTERNACIONAL DE CULIACAN, SINALOA",,,,,,
HP 017,HELIPUERTO,HFN,FARALLON,CIUDAD DE MÉXICO,ALVARO OBREGON,DIURNO,SERVICIO PARTICULAR,ELEVADO,H-1,"COMPAÑÍA PERIODÍSTICA ESTO, S.A. DE C.V.","2,354.00",WGS-84,19,19,21.70,99,12,15.70,,,,,,08/02/2017,15 AÑOS,08/02/2032,FEB,2032,SI,VIGENTE,"AEROPUERTO INTERNACIONAL DE LA CIUDAD DE MEXICO, CIUDAD DE MEXICO",,,,,,
HP 018,HELIPUERTO,HKT,ELEKTRA II,CIUDAD DE MÉXICO,TLALPAN,DIURNO,SERVICIO PARTICULAR,SUPERFICIE,H-1,"ELEKTRA COMERCIAL, S.A. DE C.V.","2,340.00",NAD 27,19,17,46.38,99,11,8.38,,,,,,08/05/2003,180 DIAS,08/11/2003,NOV,2003,NO,INOPERATIVO,"AEROPUERTO INTERNACIONAL DE LA CIUDAD DE MEXICO, CIUDAD DE MEXICO",,,,,,
SP 019,AERÓDROMO,AZT,LOS AZTECAS,TAMAULIPAS,CIUDAD MANTE,DIURNO,SERVICIO PARTICULAR,TERRESTRE,1-A,GUSTAVO LATOFSKI SMITH,23.00,WGS-84,22,30,50.70,98,37,57.06,11,29,"1,000.00",8.00,ASFALTO,15/02/2021,180 DIAS ,15/08/2021,AGO,2021,NO,EN TRAMITE,"AEROPUERTO INTERNACIONAL DE TAMPICO, TAMAULIPAS",,,,,,
SP 020,AERÓDROMO,HGU (CAMBIAR DESIGNADOR POR PGU),HACIENDA GUADALUPE,COAHUILA,MELCHOR MUZQUIZ,DIURNO,SERVICIO PARTICULAR,TERRESTRE,2-A,"COMPAÑIA GANADERA VALLE DE GUADALUPE, S.A. DE C.V.","1,172.00",WGS-84,29,1,37.40,102,23,51.60,14,32,"1,060.00",14.00,TERRACERÍA,08/12/2016,15 AÑOS,08/12/2031,DIC,2031,SI,VIGENTE,"AEROPUERTO INTERNACIONAL DE MONCLOVA, COAHUILA",,,,,,
HP 021,HELIPUERTO,HUF,UNEFON,CIUDAD DE MÉXICO,TLALPAN,DIURNO,SERVICIO PARTICULAR,ELEVADO,H-1,"OPERADORA UNEFON, S.A. DE C.V.","2,419.00",WGS-84,19,18,17.90,99,12,32.10,,,,,,29/11/2002,5 AÑOS,29/11/2007,NOV,2007,NO,INOPERATIVO,"AEROPUERTO INTERNACIONAL DE LA CIUDAD DE MEXICO, CIUDAD DE MEXICO",,,,,,
SP 022,AERÓDROMO,CXE,CAMPECHE,BAJA CALIFORNIA,MEXICALI,DIURNO,SERVICIO PARTICULAR,TERRESTRE,1-A,C. ROSINA GUTIÉRREZ MACÍAS,30.00,WGS-84,32,31,54.26,114,59,22.59,11,29,560.00,10.00,TERRACERÍA,08/02/2013,180 DIAS,08/08/2013,AGO,2013,NO,INOPERATIVO,"AEROPUERTO INTERNACIONAL DE MEXICALI, BAJA CALIFORNIA",,,,,,
SP 023,AERÓDROMO,SFC,SANTA FE,SONORA,CABORCA,DIURNO,SERVICIO PARTICULAR,TERRESTRE,1-A,"SOCIEDAD DE PRODUCCION RURAL DE R.I., MARIA ISABEL DEL OLIVO",230.00,WGS-84,30,39,52.00,112,17,13.00,8,26,800.00,18.00,TERRACERÍA,01/06/2007,5 AÑOS,01/06/2012,JUN,2012,NO,INOPERATIVO,"AEROPUERTO INTERNACIONAL DE NOGALES, SONORA",,,,,,
SP 024,AERÓDROMO,LEQ,LA ESCUADRA,TAMAULIPAS,PADILLA,DIURNO,SERVICIO PARTICULAR,TERRESTRE,1-A,RUBEN LEAL MUBARQUI,170.00,WGS-84,24,4,7.00,99,0,46.00,10,28,670.00,9.00,TERRACERÍA,04/09/2014,15 AÑOS,04/09/2029,SEP,2029,SI,VIGENTE,"AEROPUERTO DE CIUDAD VICTORIA, TAMAULIPAS",,,,,,
HP 025,HELIPUERTO,,SARABIA,BAJA CALIFORNIA,ENSENADA,DIURNO,SERVICIO PARTICULAR,SUPERFICIE,H-1,"DEL RIO HELICOPTERS, S.A. DE C.V.",5.00,WGS-84,31,46,50.40,116,35,30.50,,,,,,23/04/2004,180 DIAS,23/10/2004,OCT,2004,NO,INOPERATIVO,"AEROPUERTO INTERNACIONAL DE TIJUANA, BAJA CALIFORNIA",,,,,,
HP 026,HELIPUERTO,HAO,HOSPITAL ANGELES DE LAS LOMAS,ESTADO DE MEXICO,HUIXQUILUCAN,DIURNO,SERVICIO PARTICULAR,ELEVADO,H-1,"HOSPITAL ANGELES DEL PEDREGAL, S.A. DE C.V.","2,560.00",WGS-84,19,23,36.00,99,16,56.50,,,,,,12/03/2015,30 AÑOS,12/03/2045,MAR,2045,SI,VIGENTE,"AEROPUERTO INTERNACIONAL DE TOLUCA, ESTADO DE MEXICO",,,,,,
SP 027,AERÓDROMO,PPC,PUNTA PESCADERO,BAJA CALIFORNIA SUR,LA PAZ,DIURNO,SERVICIO PARTICULAR,TERRESTRE,1-A,"OPERADORA DE SERVICIOS HOTELEROS Y TURISTICOS, S.A. DE C.V.",9.00,WGS-84,23,48,13.00,109,42,28.00,11,29,"1,014.00",20.00,ASFALTO,30/04/2021,12 AÑOS,31/05/2033,MAY,2033,SI,VIGENTE,"AEROPUERTO INTERNACIONAL DE LA PAZ, BAJA CALIFORNIA SUR",,,,,,
SP 028,AERÓDROMO,VGL,VASCOGIL,DURANGO,SANTIAGO PAPASQUIARO,DIURNO,SERVICIO PARTICULAR Y A TERCEROS,TERRESTRE,1-A,H. AYUNTAMIENTO SANTIAGO PAPASQUIARO,"1,047.00",WGS-84,24,54,3.78,106,23,6.69,13,31,420.00,12.00,CONCRETO,10/02/2022,15 AÑOS,10/02/2037,FEB,2037,SI,VIGENTE,"AEROPUERTO INTERNACIONAL DE DURANGO, DURANGO",,,,,,
SP 029,AERÓDROMO,MRR,EL MORALAR,VERACRUZ,SAN JUAN EVANGELISTA,DIURNO,SERVICIO PARTICULAR,TERRESTRE,1-A,CLEMENTE MAITRET COLLADO,50.00,WGS-84,17,37,57.00,94,54,34.00,3,21,520,18,TERRACERIA,16/11/2023,15 AÑOS,29-4-20238,ABR,2038,SI,VIGENTE,"AEROPUERTO DE MINATITLAN, VERACRUZ",,,,,,
HP 030,HELIPUERTO,,NESTLE,CIUDAD DE MÉXICO,MIGUEL HIDALGO,DIURNO,SERVICIO PARTICULAR,ELEVADO,H-1,"NESTLE MEXICO, S.A. DE C.V.","2,285.00",,19,26,15.00,99,11,14.00,,,,,,18/05/2007,180 DIAS,18/11/2007,NOV,2007,NO,INOPERATIVO,"AEROPUERTO INTERNACIONAL DE LA CIUDAD DE MEXICO, CIUDAD DE MEXICO",,,,,,
SP 031,AERÓDROMO,PNL,PIEDRAS BLANCAS,NUEVO LEÓN,ALLENDE,DIURNO,SERVICIO PARTICULAR,TERRESTRE,1-A,GLORIA MARGARITA SALAZAR SALAZAR,450.00,WGS-84,25,17,38.99,100,0,57.86,13,31,600.00,20.00,TERRACERÍA,04/11/2009,5 AÑOS,04/11/2014,NOV,2014,NO,INOPERATIVO,"AEROPUERTO INTERNACIONAL DE MONTERREY, NUEVO LEON",,,,,,
HP 032,HELIPUERTO,HCQ,PLAZA CARACOL DOS,QUINTANA ROO,BENITO JUAREZ (CANCUN),DIURNO,SERVICIO PARTICULAR,ELEVADO,H-1,"PLAZA CARACOL DOS, S.A. DE C.V.",11.00,WGS-84,22,8,5.00,86,45,40.00,,,,,,23/08/2002,90 DÍAS,SIN AUTORIZACIÓN,NOV,2002,NO,INOPERATIVO,"AEROPUERTO INTERNACIONAL DE CANCUN, QUINTANA ROO",,,,,,
HP 033,HELIPUERTO,HPP,CABO DE PEÑAS,ESTADO DE MEXICO,HUIXQUILUCAN,DIURNO,SERVICIO PARTICULAR Y A TERCEROS,ELEVADO,H-1,"CABO DE PEÑAS EDIFICIOS Y TERRENOS, S.A. DE C.V.","2,526.50",WGS-84,19,24,7.96,99,16,30.32,,,,,,15/08/2025,180 DIAS,15/02/2026,FEB,2026,NO,EN TRAMITE,"AEROPUERTO INTERNACIONAL DE LA CIUDAD DE MEXICO, CIUDAD DE MEXICO",,,,,,
SP 034,AERÓDROMO,JPN,PISTA DE JALPAN,QUERETARO,QUERETARO,DIURNO,SERVICIO PARTICULAR,TERRESTRE,1-A,GOBIERNO DEL ESTADO DE QUERETARO,720.00,WGS-84,21,15,7.00,99,28,50.00,15,33,"1,200.00",20.00,ASFALTO,30/04/2018,30 AÑOS,30/04/2049,ABR,2049,SI,VIGENTE,AEROPUERTO INTERCONTINENTAL DE QUERÉTARO.,,,,,,
SP 035,AERÓDROMO,JCN,JAZMINES DE COYULTITA,NAYARIT,EL NAYAR,DIURNO,SERVICIO PARTICULAR,TERRESTRE,1-A,"H. AYUNTAMIENTO CONSTITUCIONAL  EL NAYAR, NAYARIT","1,140.00",WGS-84,22,0,12.80,104,38,55.60,15,33,960.00,16.00,TERRACERÍA,27/11/2002,90 DÍAS,27/02/2003,FEB,2003,NO,INOPERATIVO,"AEROPUERTO DE TEPIC, NAYARIT",,,,,,
SP 036,AERÓDROMO,JNN,EL JANEÑO,SONORA,ALTAR,DIURNO,SERVICIO PARTICULAR,TERRESTRE,1-A,"SOCIEDAD DE PRODUCCION RURAL DE R.I., MARIA ISABEL DEL OLIVO",610.00,WGS-84,31,9,2.00,111,58,25.00,7,25,700.00,10.00,TERRACERÍA,01/06/2007,5 AÑOS,01/06/2012,JUN,2012,NO,INOPERATIVO,"AEROPUERTO INTERNACIONAL DE NOGALES, SONORA",,,,,,
SP 037,AERÓDROMO,PRC,PUERTECITOS,BAJA CALIFORNIA,ENSENADA,DIURNO,SERVICIO PARTICULAR,TERRESTRE,2-C,"PUERTECITOS SAN RAFAEL, S.A. DE C.V.",10.00,NAD 27,30,21,13.00,114,38,18.70,16,34,970.00,30.00,TERRACERÍA,03/11/2005,5 AÑOS,03/11/2010,NOV,2010,NO,INOPERATIVO,"AEROPUERTO INTERNACIONAL DE SAN FELIPE, BAJA CALIFORNIA",,,,,,
SP 038,AERÓDROMO,HRH,HERNANDEZ RANCH,MICHOACÁN,TANCITARO,DIURNO,SERVICIO PARTICULAR,TERRESTRE,1-A,JOSE CARLOS HERNANDEZ CANO,"2,064.00",WGS-84,19,19,46.00,102,19,38.00,18,36,500.00,12.00,cONCRETO,05/11/2014,15 AÑOS,05/11/2029,NOV,2029,SI,VIGENTE,"AEROPUERTO DE URUAPAN, MICHOACAN",,,,,,
SP 039,AERÓDROMO,RLS,LOMA ROJA,PUEBLA,RAFAEL LARA GRAJALES,DIURNO,SERVICIO PARTICULAR,TERRESTRE,2-A,LIC. RODRIGO FERNANDO LOPEZ SAINZ DE JUAMBELZ,"2,354.00",WGS-84,19,15,10.20,97,40,38.80,3,21,"1,200.00",15.00,ASFALTO,30/07/2013,15 AÑOS,30/07/2028,JUL,2028,SI,VIGENTE,"AEROPUERTO INTERNACIONAL ""HERMANOS SERDÁN"" DE HUEJOTZINGO, PUE.",,,,,,
HP 040,HELIPUERTO,HGJ,HELIPUERTO GUADALAJARA,JALISCO,GUADALAJARA,DIURNO,SERVICIO PARTICULAR,ELEVADO,H-2,H. AYUNTAMIENTO DE GUADALAJARA,"1,550.00",,20,43,0.00,103,18,30.00,,,,,,SIN AUTORIZACIÓN,,SIN AUTORIZACIÓN,ENE,2000,NO,INOPERATIVO,"AEROPUERTO INTERNACIONAL DE GUADALAJARA, JALISCO",,,,,,
SP 041,AERÓDROMO,BGA,LAS BRISAS,SINALOA,GUASAVE,DIURNO,SERVICIO PARTICULAR,TERRESTRE,1-A,BENITO GAXIOLA MEZA,18.00,WGS-84,25,29,14.52,108,14,48.36,9,27,678.00,10.00,PAVIMENTO Y TERRACERIA,17/11/2013,15 AÑOS,17/11/2028,NOV,2028,SI,VIGENTE,"AEROPUERTO INTERNACIONAL DE LOS MOCHIS, SINALOA",,,,,,
SP 042,AERÓDROMO,NVO,PISTA NUEVO LEON BAJA II,BAJA CALIFORNIA,MEXICALI,DIURNO,SERVICIO PARTICULAR,TERRESTRE,1-A,JOSE FELIX HERNANDEZ FERNANDEZ,15.00,NAD 27,32,24,56.90,115,10,15.30,8,26,500.00,10.00,TERRACERÍA,04/03/2003,180 DIAS,04/09/2003,SEP,2003,NO,INOPERATIVO,"AEROPUERTO INTERNACIONAL DE MEXICALI, BAJA CALIFORNIA",,,,,,
SP 043,AERÓDROMO,LOC,LOS OLIVOS,SONORA,CABORCA,DIURNO,SERVICIO PARTICULAR,TERRESTRE,1-A,"SOCIEDAD DE PRODUCCION RURAL DE R.I. ""MARIA ISABEL DEL OLIVO""",14.00,WGS-84,30,34,41.00,112,56,54.00,1,19,650.00,12.00,TERRACERÍA,01/06/2007,5 AÑOS,01/06/2012,JUN,2012,NO,INOPERATIVO,"AEROPUERTO INTERNACIONAL DE NOGALES, SONORA",,,,,,
SP 044,AERÓDROMO,EJR,RANCHO EL JARALITO,SAN LUIS POTOSÍ,SANTA MARIA DEL RIO,DIURNO,SERVICIO PARTICULAR,TERRESTRE,1-A,ESTEBAN GONZALEZ ORTIZ,"1,889.00",,21,39,19.00,100,46,44.00,18,36,"1,000.00",10.00,ASFALTO,20/06/2012,180 DIAS,20/12/2012,DIC,2012,NO,INOPERATIVO,"AEROPUERTO INTERNACIONAL DE SAN LUIS POTOSI, SAN LUIS POTOSI",,,,,,
SP 045,AERÓDROMO,SDC,SAN JUAN DE CAMARONES,DURANGO,SANTIAGO PAPASQUIARO,DIURNO,SERVICIO PARTICULAR,TERRESTRE,1-A,BIENES COMUNALES DE SAN JUAN DE CAMARONES,630.00,WGS-84,24,55,24.00,106,24,40.00,7,25,345.00,15.00,TERRACERÍA,12/03/2009,180 DIAS,12/09/2009,SEP,2009,NO,INOPERATIVO,"AEROPUERTO INTERNACIONAL DE DURANGO, DURANGO",,,,,,
HP 046,HELIPUERTO,HBA,PLAZA CORPORATIVO BANAMEX,CIUDAD DE MÉXICO,ALVARO OBREGON,DIURNO Y NOCTURNO,SERVICIO PARTICULAR,ELEVADO,H-1,"INMUEBLES BANAMEX, S.A. DE C.V.","2,563.50",,19,22,26.55,99,15,31.90,,,,,,07/11/2019,15 AÑOS,07/11/2034,NOV,2034,SI ,VIGENTE,"AEROPUERTO INTERNACIONAL DE LA CIUDAD DE MEXICO, CIUDAD DE MEXICO",,,,,,
HP 047,HELIPUERTO,HAA,ALMATER,BAJA CALIFORNIA,MEXICALI,DIURNO,SERVICIO PARTICULAR,ELEVADO,H-1,HOSPITAL ALMATER S.A DE C.V.,17.00,WGS-84,32,39,52.40,115,28,34.70,,,,,,SIN AUTORIZACIÓN,,SIN AUTORIZACIÓN,ABR,2008,NO,INOPERATIVO,"AEROPUERTO INTERNACIONAL DE MEXICALI, BAJA CALIFORNIA",,,,,,
SP 048,AERÓDROMO,LNC,LA ANACUA,TAMAULIPAS,SOTO LA MARINA,DIURNO,SERVICIO PARTICULAR,TERRESTRE,1-A,JOSE LUIS FRANCO ALVAREZ,50.00,WGS-84,23,24,39.00,97,49,57.50,16,34,930.00,20.00,TERRENO NATURAL CON PASTO,09/03/2016,15 AÑOS,09/03/2031,MAR,2031,SI,VIGENTE,"AEROPUERTO INTERNACIONAL DE TAMPICO, TAMAULIPAS",,,,,,
SP 049,AERÓDROMO,PAC,PISTA AÉREA CADENAS,MICHOACÁN,BUENAVISTA,DIURNO,SERVICIO PARTICULAR,TERRESTRE,1-A,RIGOBERTO CADENAS HERNANDEZ,400.00,NAD 27,19,12,7.00,102,37,30.00,9,27,700.00,14.00,TERRACERÍA,18/02/2008,5 AÑOS,18/02/2013,FEB,2013,NO,INOPERATIVO,"AEROPUERTO DE ZAMORA, MICHOACAN",,,,,,
SP 050,AERÓDROMO,SFR,SAN FERNANDO,TAMAULIPAS,SAN FERNANDO,DIURNO,SERVICIO PARTICULAR,TERRESTRE,2-A,H. AYUNTAMIENTO CONSTITUCIONAL DE SAN FERNANDO,55.00,NAD 27,24,49,0.00,98,7,0.00,14,32,"1,100.00",18.00,ASFALTO,12/12/1988,5 AÑOS,SIN AUTORIZACIÓN,DIC,1993,NO,INOPERATIVO,"AEROPUERTO INTERNACIONAL DE TAMPICO, TAMAULIPAS",,,,,,
HP 051,HELIPUERTO,AKA,CASA ACAPULCO,GUERRERO,ACAPULCO DE JUÁREZ,DIURNO,SERVICIO PARTICULAR,TERRESTRE,H-1,"GOBIERNO DEL ESTADO DE GUERRERO, SECRETARIA DE DESARROLLO URBANO Y OBRAS PUBLICAS",40.00,,16,48,30.00,99,50,20.00,,,,,,SIN AUTORIZACIÓN,,SIN AUTORIZACIÓN,SEP,2010,NO,INOPERATIVO,"AEROPUERTO INTERNACIONAL DE ACAPULCO, GUERRERO",,,,,,
SP 052,AERÓDROMO,AFM,PALO VERDE ANTES AERO FUMIGACIONES MARATU,SINALOA,CULIACAN,DIURNO,SERVICIO PARTICULAR,TERRESTRE,1-A,C. CIDNEY AARON OLIVAS MEDINA,6.00,WGS-84,24,28,41.00,107,24,28.00,,,700.00,9.00,ASFALTO,30/09/2020,15 AÑOS,30/09/2035,SEP,2035,SI,VIGENTE,"AEROPUERTO INTERNACIONAL DE CULIACAN, SINALOA",,,,,,
SP 053,AERÓDROMO,RAV,C.P.A. RODOLFO AMPARAN ROSALES       ,CHIHUAHUA,ALDAMA,DIURNO,SERVICIO PARTICULAR,TERRESTRE,1-A,RODOLFO CRISTO AMPARAN FRIAS,"1,254.00",WGS-84,28,51,19.52,105,52,48.12,15,33,"1,200.00",30.00,TERRACERÍA,05/11/2021,15 AÑOS,05/11/2036,NOV,2036,SI,VIGENTE,"AEROPUERTO INTERNACIONAL DE CHIHUAHUA, CHIHUAHUA",,,,,,
SP 054,AERÓDROMO,MCB,"MANJARREZ DE CABORCA ""CAP. RAUL BUENTELLO""",SONORA,CABORCA,DIURNO,SERVICIO PARTICULAR Y A TERCEROS,TERRESTRE,1-A,BLANCA IRENE BUENTELLO LEÓN,255.00,WGS-84,30,42,6.00,112,13,27.00,6,24,"2,000.00",57.00,TERRACERÍA,05/01/2023,15 AÑOS,05/01/2038,DIC,2038,SI,VIGENTE,"AEROPUERTO INTERNACIONAL DE NOGALES, SONORA",,,,,,
SP 055,AERÓDROMO,JRS,LAS CRUCES,SINALOA,GUASAVE,DIURNO,SERVICIO PARTICULAR,TERRESTRE,1-A,JESUS RAMON SANCHEZ SANCHEZ,30.00,WGS-84,25,34,46.20,108,24,58.80,9,27,550.00,30.00,TERRACERÍA,03/03/2006,5 AÑOS,03/03/2011,MAR,2011,NO,INOPERATIVO,"AEROPUERTO INTERNACIONAL DE LOS MOCHIS, SINALOA",,,,,,
SP 056,AERÓDROMO,LCD,LA CANDELARIA BORDERS,COAHUILA,GUERRERO,DIURNO,SERVICIO PARTICULAR,TERRESTRE,1-A,BORDERS MELON S.P.R. DE R.L.,NO DISPONIBLE,,28,20,34.50,100,30.00,19.17,NO DISPONIBLE,NO DISPONIBLE,NO DISPONIBLE,NO DISPONIBLE,TERRACERÍA,SIN AUTORIZACIÓN,,SIN AUTORIZACIÓN,,2010,NO,INOPERATIVO,"AEROPUERTO INTERNACIONAL DE PIEDRAS NEGRAS, COAHUILA",,,,,,
HP 057,HELIPUERTO,,PLAZA INSURGENTES SUR (4),CIUDAD DE MÉXICO,ALVARO OBREGON,DIURNO,SERVICIO PARTICULAR,ELEVADO,H-1,"PLAZA INSURGENTES, S.A. DE C.V.","2,372.00",,19,21,3.70,99,11,11.80,,,,,,30/04/2003,5 AÑOS,30/04/2008,ABR,2008,NO,INOPERATIVO,"AEROPUERTO INTERNACIONAL DE LA CIUDAD DE MEXICO, CIUDAD DE MEXICO",,,,,,
SP 058,AERÓDROMO,LCI,LA CARIDAD,SONORA,NACOZARI,DIURNO,SERVICIO PARTICULAR,TERRESTRE,2-B,"MEXICANA DE COBRE, S.A. DE C.V.","1,452.00",WGS-84,30,28,57.21,109,38,40.18,15,33,"2,500.00",30.00,ASFALTO,09/12/2013,15 AÑOS,19/12/2028,DIC,2028,SI,VIGENTE,"AEROPUERTO INTERNACIONAL DE NOGALES, SONORA",,,,,,
SP 059,AERÓDROMO,PCL,PUNTA COLORADA,BAJA CALIFORNIA SUR,LOS CABOS,DIURNO,SERVICIO PARTICULAR,TERRESTRE,1-A,"HOTEL PUNTA COLORADA, S.A.",11.00,WGS-84,23,34,30.82,109,32,9.12,18,36,700.00,25.00,TERRACERÍA,04/10/2023,15 AÑOS,04/10/2038,OCT,2038,SI,VIGENTE,"AEROPUERTO INTERNACIONAL DE LOS CABOS, BAJA CALIFORNIA SUR",,,,,,
SP 060,AERÓDROMO,JGY,EL JAGUEY,GUANAJUATO,DOLORES HIDALGO,DIURNO,SERVICIO PARTICULAR,TERRESTRE,1-A,TOMAS GARZA VALDEZ                    ,"1,986.00",WGS-84,21,13,52.12,100,50,9.35,5,23,760.00,20.00,TERRACERÍA,22/10/2014,15 AÑOS,22/10/2029,OCT,2029,SI,VIGENTE,"AEROPUERTO INTERNACIONAL DE GUANAJUATO, GUANAJUATO",,,,,,
SP 061,AERÓDROMO,PCT,PUNTA COLONET,BAJA CALIFORNIA,ENSENADA,DIURNO,SERVICIO PARTICULAR,TERRESTRE,1-A,AGRICOLA COLONET S.A DE C.V,NO DISPONIBLE,WGS-84,30,57,22.19,116,14,4.97,11,29,"1,200.00",25.00,TERRACERÍA,27/07/2011,180 DIAS,27/01/2012,ENE,2012,NO,INOPERATIVO,"AEROPUERTO INTERNACIONAL DE TIJUANA, BAJA CALIFORNIA",,,,,,
SP 062,AERÓDROMO,LBH,LOMA BLANCA,MICHOACÁN,TEPALCATEPEC,DIURNO,SERVICIO PARTICULAR,TERRESTRE,1-A,FRANCISCO JAVIER ALVAREZ RAMIREZ,300.00,WGS-84,19,4,28.00,102,47,56.00,7,25,510.00,15.00,TERRACERÍA,14/03/2018,15 AÑOS,14/03/2033,MAR,2033,SI,VIGENTE,"AEROPUERTO DE URUAPAN, MICHOACAN",,,,,,
SP 063,AERÓDROMO,SCE,SANTA CECILIA,COAHUILA,ZARAGOZA,DIURNO,SERVICIO PARTICULAR,TERRESTRE,3-B,"COMPAÑÍA GANADERA SANTA CECILIA, S.A. DE C.V.",610.00,NAD 27,28,23,49.00,101,16,3.00,12,30,"2,200.00",45.00,TERRACERÍA,21/08/2006,5 AÑOS,21/08/2011,AGO,2011,NO,INOPERATIVO,"AEROPUERTO INTERNACIONAL DE PIEDRAS NEGRAS, COAHUILA",,,,,,
SP 065,AERÓDROMO,RPX,RANCHO PROVIDENCIA,CHIHUAHUA,VILLA AHUMADA,DIURNO,SERVICIO PARTICULAR,TERRESTRE,2-B,RICARDO FUENTES VARELA,"1,250.00",WGS-84,30,17,40.00,106,45,5.70,18,36,"1,000.00",25.00,TERRACERÍA,14/12/2010,5 AÑOS,14/12/2015,DIC,2015,NO,INOPERATIVO,"AEROPUERTO INTERNACIONAL DE CIUDAD JUAREZ, CHIHUAHUA",,,,,,
HP 066,HELIPUERTO,HLO,TERRACOTA CIEN,CIUDAD DE MÉXICO,CUAJIMALPA,DIURNO,SERVICIO PARTICULAR,ELEVADO,H-1,"DESARROLLOS TOTOLAPA, S.A. DE C.V.","2,686.10",WGS-84,19,21,31.38,99,16,33.86,,,,,,23/01/2019,180 DIAS ,23/06/2019,JUN,2019,NO,INOPERATIVO,"AEROPUERTO INTERNACIONAL DE LA CIUDAD DE MEXICO, CIUDAD DE MEXICO",,,,,,
HP 067,HELIPUERTO,HGN,TORRE GAN,CIUDAD DE MÉXICO,MIGUEL HIDALGO,DIURNO,SERVICIO PARTICULAR,ELEVADO,H-1,"ANTAIR, S.A. DE C.V.","2,302.00",WGS-84,19,25,41.76,99,10,51.09,,,,,,25/02/2015,15 AÑOS,25/02/2030,FEB,2030,SI,VIGENTE,"AEROPUERTO INTERNACIONAL DE LA CIUDAD DE MEXICO, CIUDAD DE MEXICO",,,,,,
SP 068,AERÓDROMO,NLH,NO LE HACE,TAMAULIPAS,SAN FERNANDO,DIURNO,SERVICIO PARTICULAR Y A TERCEROS,TERRESTRE,2-B,"AVENTURAS MEXICANAS,S.A. DE C.V. ",16.00,WGS-84,24,47,6.07,97,55,43.46,15,33,"1,250.00",15.00,ASFALTO,25/11/2019,15 AÑOS,25/11/2034,NOV,2034,SI,VIGENTE,"AEROPUERTO INTERNACIONAL DE MATAMOROS, TAMAULIPAS",,,,,,
HP 069,HELIPUERTO,HVF,PUNTO CENTRAL,NUEVO LEÓN,SAN PEDRO GARZA GARCIA,DIURNO,SERVICIO PARTICULAR,SUPERFICIE,H-1,AEROSERVICIOS  TÉCNICOS REGIOMONTANOS S.A. DE C.V.,632.00,WGS-84,25,38,46.00,100,21,16.70,,,,,,12/02/2018,180 DIAS,12/08/2018,NOV,2018,NO,INOPERATIVO,"AEROPUERTO INTERNACIONAL DE MONTERREY, NUEVO LEON",,,,,,
SP 070,AERÓDROMO,MAX,MIGUEL ALEMAN,CHIAPAS,COMITAN,DIURNO,SERVICIO PARTICULAR,TERRESTRE,1-A,"SERVICIOS AEREOS SAN CRISTOBAL, S. A. DE C. V.","1,578.00",WGS-84,16,12,57.88,92,6,50.71,5,23,900.00,15.00,TERRACERÍA,04/05/2016,5 AÑOS,01/01/2021,ENE,2021,NO,INOPERATIVO,"AEROPUERTO INTERNACIONAL DE TUXTLA GUTIERREZ, CHIAPAS",,,,,,
SP 071,AERÓDROMO,PDI,PALOS DULCES,SINALOA,GUASAVE,DIURNO,SERVICIO PARTICULAR,TERRESTRE,1-A,"AEROFUMIGACIONES AGRICOLAS KEBAGA, S.A. DE C.V.",15.00,WGS-84,25,32,16.10,108,29,28.10,2,20,800.00,8.00,TERRACERÍA,SIN AUTORIZACIÓN,,SIN AUTORIZACIÓN,FEB,2003,NO,INOPERATIVO,"AEROPUERTO INTERNACIONAL DE LOS MOCHIS, SINALOA",,,,,,
SP 072,AERÓDROMO,EFO,EL FORTIN,COAHUILA,SAN BUENAVENTURA,DIURNO,SERVICIO PARTICULAR,TERRESTRE,1-A,"JESUS MARIA RAMON VALDES (DEFUNCION) / EL FORTIN HOLDING, S.A.PI. DE C.V.     ","1,050.00",WGS-84,27,58,55.00,102,5,40.02,17,35,"1,540.00",18.00,PAVIMENTO FLEXIBLE,23/12/2019,15 AÑOS,23/12/2034,DIC,2034,SI,VIGENTE,"AEROPUERTO INTERNACIONAL DE MONCLOVA, COAHUILA",,,,,,
SP 073,AERÓDROMO,RMK,"RANCHO MEDIO KILO
(Proceso de Terminación a solicitud de Permisionario)",AGUASCALIENTES,JESUS GOMEZ PORTUGAL DE SAN FRANCISCO DE LOS ROMOS,DIURNO,SERVICIO PARTICULAR,TERRESTRE,2-A,ING. FELIPE ARTEAGA NIEPMAN,"1,906.00",WGS-84,21,59,58.00,102,16,19.00,7,25,"1,300.00",15.00,TERRACERÍA,01/10/2008,5 AÑOS,01/10/2013,OCT,2013,NO,INOPERATIVO,"AEROPUERTO INTERNACIONAL DE AGUASCALIENTES, AGUASCALIENTES",,,,,,
SP 074,AERÓDROMO,LCS,LAS CRUCES,BAJA CALIFORNIA SUR,LA PAZ,DIURNO,SERVICIO PARTICULAR,TERRESTRE,1-A,"LAS CRUCES, S. DE R.L. DE C.V.",6.50,NAD 27,24,12,22.00,110,5,7.00,1,19,850.00,27.00,TERRACERÍA,19/10/2017,15 AÑOS,19/10/2032,OCT,2032,SI,VIGENTE,"AEROPUERTO INTERNACIONAL DE LA PAZ, BAJA CALIFORNIA SUR",,,,,,
SP 075,AERÓDROMO,JDN,EL JARDIN,COAHUILA,OCAMPO,DIURNO,SERVICIO PARTICULAR,TERRESTRE,2-B,"RESERVAS ECOLÓGICAS SUSTENTABLES LA LAGUNA, S.A. DE C.V.","1,234.00",WGS-84,29,10,25.70,102,35,6.40,18,36,"1,500.00",23.00,TERRACERÍA,06/06/2013,5 AÑOS,06/06/2018,JUN,2018,NO,INOPERATIVO,"AEROPUERTO INTERNACIONAL DE MONCLOVA, COAHUILA",,,,,,
SP 076,AERÓDROMO,LAJ,LA JOYA,COAHUILA,TORREON,DIURNO,SERVICIO PARTICULAR,TERRESTRE,1-A,FERNANDO LEIJA PEREZ GALLARDO,"1,118.00",,25,32,10.00,103,19,45.00,8,26,700.00,20.00,ASFALTO,25/03/2009,180 DIAS,25/11/2009,NOV,2009,NO,INOPERATIVO,"AEROPUERTO INTERNACIONAL DE TORREON, COAHUILA",,,,,,
SP 077,AERÓDROMO,RGP,GUADALUPE,COAHUILA,ARTEAGA,DIURNO,SERVICIO PARTICULAR,TERRESTRE,1-A,"DESARROLLO AGROINDUSTRIAL DEL NORTE, S. DE .P.R. DE R.L.","2,026.00",NAD 27,25,11,11.00,100,46,16.00,2,20,606.00,20.00,TERRACERÍA,24/01/2002,90 DÍAS,SIN AUTORIZACIÓN,ABR,2002,NO,INOPERATIVO,"AEROPUERTO INTERNACIONAL ""PLAN DE GUADALUPE"" DE RAMOS ARIZPE, COAH.",,,,,,
SP 078,AERÓDROMO,APS,MIELERAS,COAHUILA,TORREON,DIURNO,SERVICIO PARTICULAR,TERRESTRE,1-A,"ASOCIACION DE PILOTOS AVIADORES Y PROPIETARIOS DE AVIONES FUMIGADORES DE LA REGION LAGUNERA, A.C.","1,130.00",WGS-84,25,28,6.25,103,21,4.90,8,26,750.00,15.00,ASFALTO,01/12/2010,180 DIAS,01/06/2011,JUN,2011,NO,INOPERATIVO,"AEROPUERTO INTERNACIONAL DE TORREON, COAHUILA",,,,,,
SP 079,AERÓDROMO,CNG,CIENEGA DE LOS ACOSTA,CHIHUAHUA,GUADALUPE Y CALVO,DIURNO,SERVICIO PARTICULAR,TERRESTRE,1-A,LAZARO ACOSTA DE LA ROCHA,NO DISPONIBLE,NAD 27,27,7,0.00,107,8,0.00,,,500.00,10.00,TERRACERÍA,22/06/2010,180 DIAS,22/12/2010,DIC,2010,NO,INOPERATIVO,"AEROPUERTO INTERNACIONAL DE CHIHUAHUA, CHIHUAHUA",,,,,,
SP 080,AERÓDROMO,BCM,EL BAZTAN,MICHOACÁN,HUETAMO,DIURNO,SERVICIO PARTICULAR,TERRESTRE,1-A,"COMPAÑÍA MINERA EL BAZTAN, S.A. DE C.V.",310.00,WGS-84,18,44,27.00,101,9,45.00,15,33,700.00,25.00,TERRACERÍA,08/03/2017,15 AÑOS,01/01/2032,ENE,2032,SI,VIGENTE,"AEROPUERTO DE MORELIA, MICHOACAN",,,,,,
SP 081,AERÓDROMO,NAG,NIDO DE AGUILAS,TAMAULIPAS,SOTO LA MARINA,DIURNO,SERVICIO PARTICULAR,TERRESTRE,1-A,TAMMY DOROTEA WILEY DENNISTON,30.00,NAD 27,23,49,28.02,98,10,42.78,18,36,734.00,40.00,TERRACERÍA,05/06/2007,180 DIAS,05/12/2007,FEB,2010,NO,INOPERATIVO,"AEROPUERTO DE CIUDAD VICTORIA, TAMAULIPAS",,,,,,
SP 082,AERÓDROMO,AHO,EL AHIJADERO,VERACRUZ,TLALIXCOYAN,DIURNO,SERVICIO PARTICULAR,TERRESTRE,1-A,MARINA COLLADO TASSINARI,30.00,WGS-84,18,45,12.97,96,11,50.31,17,35,650.00,12.00,TERRACERIA,13/07/2021,15 AÑOS ,13/07/2036,JUL,2036,SI,VIGENTE,"AEROPUERTO INTERNACIONAL DE VERACRUZ, VERACRUZ",,,,,,
SP 083,AERÓDROMO,RMA,MANANTIALES,TAMAULIPAS,GONZALEZ,DIURNO,SERVICIO PARTICULAR,TERRESTRE,1-A,"GRUPO AGRO INDUSTRIAL ARIAS, S.A. DE C.V.",241.00,WGS-84,22,57,11.90,98,24,44.10,15,33,"1,130.00",25.00,TERRACERÍA,28/02/2014,15 AÑOS,28/02/2029,FEB,2029,SI,VIGENTE,"AEROPUERTO INTERNACIONAL DE TAMPICO, TAMAULIPAS",,,,,,
SP 084,AERÓDROMO,RHZ,RANCHO LAS HERMANAS,COAHUILA,ZARAGOZA,DIURNO,SERVICIO PARTICULAR,TERRESTRE,1-A,ARIEL RODRIGUEZ GARZA,740.00,NAD 27,28,35,27.00,101,36,48.00,13,31,"1,200.00",18.00,TERRACERÍA,30/06/2009,5 AÑOS,30/06/2014,JUN,2014,NO,INOPERATIVO,"AEROPUERTO INTERNACIONAL DE PIEDRAS NEGRAS, COAHUILA",,,,,,
SP 085,AERÓDROMO,BAU,BABUNICA,SINALOA,BABUNICA,DIURNO,SERVICIO PARTICULAR,TERRESTRE,1-A,BONIFACIO OSORIO QUINTERO,700.00,,25,33,4.80,107,17,56.40,5,23,900.00,30.00,TERRACERÍA,13/01/1998,60 DÍAS,SIN AUTORIZACIÓN,ABR,1998,NO,INOPERATIVO,"AEROPUERTO INTERNACIONAL DE CULIACAN, SINALOA",,,,,,
SP 086,AERÓDROMO,CGB,RINCON DE MARIA,COAHUILA,MELCHOR MUZQUIZ,DIURNO,SERVICIO PARTICULAR,TERRESTRE,1-A,CRISTOPHER GOLDSBURY BARCLAY JR.,853.00,WGS-84,28,33,30.00,102,3,54.90,10,28,"1,500.00",20.00,ASFALTO,24/07/2017,15 AÑOS,24/07/2032,JUL,2032,SI,VIGENTE,"AEROPUERTO INTERNACIONAL DE PIEDRAS NEGRAS, COAHUILA",,,,,,
SP 087,AERÓDROMO,ALG,ALGODONERA DE TAPACHULA,CHIAPAS,TAPACHULA,DIURNO,SERVICIO PARTICULAR,TERRESTRE,1-A,"SOCIEDAD DE PRODUCCION RURAL DE RESPONSABILIDAD.ILIMITADA             ""FRUTAS ASAKE""",40.00,WGS-84,14,49,21.05,92,19,59.51,4,22,700.00,20.00,TERRACERÍA,15/10/2009,5 AÑOS,15/10/2014,OCT,2014,NO,INOPERATIVO,"AEROPUERTO INTERNACIONAL DE TAPACHULA, CHIAPAS",,,,,,
HP 088,HELIPUERTO,,PLAYA MUJERES RESORT,QUINTANA ROO,ISLA MUJERES,DIURNO,SERVICIO PARTICULAR,SUPERFICIE,H-1,"DESARROLLOS QUINTANA ROO, S.A. DE C.V.",11.00,WGS-84,21,14,21.00,86,48,20.00,,,,,,24/09/2009,180 DIAS,24/03/2010,MAR,2010,NO,INOPERATIVO,"AEROPUERTO INTERNACIONAL DE CANCUN, QUINTANA ROO",,,,,,
SP 089,AERÓDROMO,NHL,"NAHUAL
(PISTA DEL ESTERO DE JUAN JOSE RIOS)",SINALOA,AHOME,DIURNO,SERVICIO PARTICULAR,TERRESTRE,1-A,JUAN JOSE LEON OSORNO,10.00,NAD 27,25,46,9.00,108,49,56.00,7,25,500.00,13.40,TERRACERÍA,04/12/2009,5 AÑOS,04/12/2014,DIC,2014,NO,INOPERATIVO,"AEROPUERTO INTERNACIONAL DE LOS MOCHIS, SINALOA",,,,,,
HP 090,HELIPUERTO,HHL,HUMBERTO LOBO MORALES,NUEVO LEÓN,GARZA GARCIA,DIURNO,SERVICIO PARTICULAR,SUPERFICIE,H-1,MARIA IRMA DE LA GARZA HERRERA,646.00,WGS-84,25,38,34.62,100,21,35.88,,,,,,08/11/2023,15 AÑOS,08/11/2038,NOV,2038,SI,VIGENTE,"AEROPUERTO INTERNACIONAL DEL NORTE, NUEVO LEON",,,,,,
SP 091,AERÓDROMO,FFV,FERTILIZANTES Y FUMIGACIONES DEL VALLE ,CHIHUAHUA,CUAUHTÉMOC,DIURNO,SERVICIO PARTICULAR,TERRESTRE,1-A,"FERTILIZANTES Y FUMIGACIONES DEL VALLE, S.A. DE C.V.","2,000.00",NAD 27,28,42,53.00,106,54,42.00,9,27,800.00,23.00,TERRACERÍA,06/07/2001,30 DÍAS,SIN AUTORIZACIÓN,AGO,2001,NO,INOPERATIVO,"AEROPUERTO INTERNACIONAL DE CHIHUAHUA, CHIHUAHUA",,,,,,
SP 093,AERÓDROMO,SRJ,SAN RAFAEL,SINALOA,CULIACAN,DIURNO,SERVICIO PARTICULAR,TERRESTRE,1-A,"SAN RAFAEL AGRICULTORES, S.A. DE C.V.",20.00,NAD 27,24,38,37.00,107,25,30.50,9,27,700.00,25.00,TERRACERÍA,08/08/2007,5 AÑOS,08/08/2012,AGO,2012,NO,INOPERATIVO,"AEROPUERTO INTERNACIONAL DE CULIACAN, SINALOA",,,,,,
SP 094,AERÓDROMO,CJM,JIMENEZ,CHIHUAHUA,JIMÉNEZ,DIURNO,SERVICIO PARTICULAR,TERRESTRE,1-A,C.P.A. JORGE ENRIQUE ABES VILLEGAS                ,"1,150.00",WGS-84,27,8,35.00,104,56,28.00,15,33,"1,650.00",40.00,ASFALTO,01/10/2015,15 AÑOS,01/10/2030,OCT,2030,SI,VIGENTE,"AEROPUERTO INTERNACIONAL DE CHIHUAHUA, CHIHUAHUA",,,,,,
SP 095,AERÓDROMO,MCI,PISTA MUNICIPAL DE CIUDAD CUAUHTEMOC,CHIHUAHUA,CUSIHUIRIACHI,DIURNO,SERVICIO PARTICULAR,TERRESTRE,1-A,H. AYUNTAMIENTO CONSTITUCIONAL DE CUSIHUIRIACHI,"2,090.00",NAD 27,28,21,45.50,106,52,56.10,,,,,TERRACERÍA,SIN AUTORIZACIÓN,,SIN AUTORIZACIÓN,NOV,2000,NO,INOPERATIVO,"AEROPUERTO INTERNACIONAL DE CHIHUAHUA, CHIHUAHUA",,,,,,
HP 096,HELIPUERTO,HCR,PARQUE REFORMA,CIUDAD DE MÉXICO,MIGUEL HIDALGO,DIURNO,SERVICIO PARTICULAR,ELEVADO,H-1,CONDOMINIO PARQUE REFORMA,"2,330.00",NAD 27,19,23,37.40,99,14,21.00,,,,,,19/09/2019,15 AÑOS,19/09/2034,SEP,2034,SI ,VIGENTE,"AEROPUERTO INTERNACIONAL DE LA CIUDAD DE MEXICO, CIUDAD DE MEXICO",,,,,,
SP 097,AERÓDROMO,PNY,HACIENDA PANOAYA,ESTADO DE MEXICO,AMECAMECA,DIURNO,SERVICIO PARTICULAR,TERRESTRE,1-A,HACIENDA PANOAYA S.A. DE C.V.,"2,473.00",WGS-84,19,8,32.63,98,46,5.10,7,25,250,30,TERRACERÍA,15/06/2012,180 DIAS,15/12/2012,DIC,2012,NO,INOPERATIVO,"AEROPUERTO INTERNACIONAL DE LA CIUDAD DE MEXICO, CIUDAD DE MEXICO",,,,,,
HP 098,HELIPUERTO,HPI,PUEBLA INVERSIONISTA,CIUDAD DE MÉXICO,MAGDALENA CONTRERAS,DIURNO,SERVICIO PARTICULAR,ELEVADO,H-1,"PUEBLA INVERSIONISTA, S.A. DE C.V.","2,360.00",WGS-84,19,19,46.88,99,12,50.94,,,,,,07/06/2018,15 AÑOS,07/06/2033,JUN,2033,SI,VIGENTE,"AEROPUERTO INTERNACIONAL DE LA CIUDAD DE MEXICO, CIUDAD DE MEXICO",,,,,,
HP 099,HELIPUERTO,HMD,MILENIO DIARIO antes NOVEDADES EDITORES,CIUDAD DE MÉXICO,CUAUHTÉMOC,DIURNO,SERVICIO PARTICULAR,ELEVADO,H-1,"MILENIO DIARIO, S.A. DE C.V.","2,256.00",NAD 27,19,25,53.00,99,8,54.00,,,,,,22/05/2019,15 AÑOS,22/05/2034,MAY,2034,SI,VIGENTE,"AEROPUERTO INTERNACIONAL DE LA CIUDAD DE MEXICO, CIUDAD DE MEXICO",,,,,,
SP 100,AERÓDROMO,MAV,MALVINAS,TAMAULIPAS,TAMPICO ,DIURNO,SERVICIO PARTICULAR,TERRESTRE,1-A,MALVINAS S.A. DE C.V.,10.00,WGS-84,22,41,13.40,97,55,45.80,13,31,580.00,10.00,PASTO,10/02/2017,180 DIAS,10/08/2017,AGO,2017,NO,INOPERATIVO,"AEROPUERTO INTERNACIONAL DE TAMPICO, TAMAULIPAS",,,,,,
SP 101,AERÓDROMO,RLZ,EL LLORON,CHIHUAHUA,GUADALUPE,DIURNO,SERVICIO PARTICULAR,TERRESTRE,2-A,LUIS M. VILLARREAL ALMANZA             ,"1,560.00",WGS-84,30,41,34.00,105,30,6.00,3,21,930.00,20.00,TERRACERÍA,15/04/2005,5 AÑOS,15/04/2010,ABR,2010,NO,INOPERATIVO,"AEROPUERTO INTERNACIONAL DE CHIHUAHUA, CHIHUAHUA",,,,,,
SP 102,AERÓDROMO,GMO,CLUB AERODEPORTE DE MAZATLAN,SINALOA,MAZATLÁN,DIURNO,SERVICIO PARTICULAR,TERRESTRE,1-A,"CLUB AERODEPORTE DE MAZATLAN, A.C.",15.00,,23,27,40.00,106,32,30.00,9,27,260.00,30.00,TERRACERÍA,28/09/2004,180 DIAS,28/03/2005,MAR,2005,NO,INOPERATIVO,"AEROPUERTO INTERNACIONAL DE MAZATLAN, SINALOA",,,,,,
HP 103,HELIPUERTO,HPM,TORRE EJECUTIVA PEMEX,CIUDAD DE MÉXICO,MIGUEL HIDALGO,DIURNO Y NOCTURNO,SERVICIO PARTICULAR,ELEVADO,H-1,PETROLEOS MEXICANOS PEMEX,"2,460.00",WGS-84,19,26,20.74,99,10,29.43,,,,,,06/03/2015,30 AÑOS,06/03/2045,MAR,2045,SI,VIGENTE,"AEROPUERTO INTERNACIONAL DE LA CIUDAD DE MEXICO, CIUDAD DE MEXICO",,,,,,
SP 104,AERÓDROMO,ALX,ALIZAL,DURANGO,TAMAZULA,DIURNO,SERVICIO PARTICULAR,TERRESTRE,1-A,RIGOBERTO RIOS CASTILOS,"2,391.00",WGS-84,25,27,13.75,106,55,15.93,1,19,720.00,10.00,TERRACERÍA,21/01/2020,15 AÑOS,21/01/2035,ENE,2035,SI,VIGENTE,"AEROPUERTO INTERNACIONAL DE CULIACAN, SINALOA",,,,,,
SP 105,AERÓDROMO,PTA,LAS POTRANCAS,TAMAULIPAS,VILLA ALDAMA,DIURNO,SERVICIO PARTICULAR,TERRESTRE,1-A,FELIX CANTU AGUILAR,245.00,WGS-84,23,2,32.50,98,9,8.60,2,20,"1,600.00",30.00,ASFALTO,06/09/2018,15 AÑOS,06/09/2033,SEP,2033,SI,VIGENTE,"AEROPUERTO INTERNACIONAL DE TAMPICO, TAMAULIPAS",,,,,,
SP 106,AERÓDROMO,FRR antes CHX,JOSE ANGEL  ESPINOZA FERRUSQUILLA,SINALOA,CHOIX,DIURNO,SERVICIO PARTICULAR,TERRESTRE,1-A,H. AYUNTAMIENTO DE CHOIX,240.00,WGS-84,26,43,12.00,108,19,56.00,10,28,"1,440.00",8.00,ASFALTO,26/11/2013,180 DIAS,26/05/2014,MAY,2014,NO,INOPERATIVO,"AEROPUERTO INTERNACIONAL DE LOS MOCHIS, SINALOA",,,,,,
HP 107,HELIPUERTO,HRE,CAMINO REAL MONTERREY,NUEVO LEÓN,MONTERREY,DIURNO,SERVICIO PARTICULAR,ELEVADO,H-1,"CAMINO REAL MONTERREY, S.A. DE C.V.",693.00,WGS-84,25,39,1.30,100,20,5.10,,,,,,24/09/2019,15 AÑOS,24/09/2034,SEP,2034,SI,VIGENTE,"AEROPUERTO INTERNACIONAL DE MONTERREY, NUEVO LEON",,,,,,
SP 108,AERÓDROMO,AAP,AGROPECUARIA AMPARAN,SONORA,NAVOJOA,DIURNO,SERVICIO PARTICULAR,TERRESTRE,1-A,"AGROPECUARIA AMPARAN, S.A. DE C.V.",NO DISPONIBLE,,26,58,51.00,109,32,13.00,,,,,,29/03/2010,180 DIAS,29/09/2010,SEP,2010,NO,INOPERATIVO,"AEROPUERTO INTERNACIONAL DE CIUDAD OBREGON, SONORA",,,,,,
SP 109,AERÓDROMO,HRC,HERCULES,COAHUILA,SIERRA MOJADA,DIURNO,SERVICIO PARTICULAR,TERRESTRE,4-B                        3-A,"MINERA DEL NORTE, S.A. DE C.V.","1,385.00",WGS-84,28,2,10.00,103,46,18.00,9,27,"1,950.00",20.00,ASFALTO,09/08/2018,15 AÑOS,09/08/2033,AGO,2033,SI ,VIGENTE ,"AEROPUERTO INTERNACIONAL DE MONCLOVA, COAHUILA",,,,,,
SP 110,AERÓDROMO,EZM,EL ZAMORA,TAMAULIPAS,SOTO LA MARINA,DIURNO,SERVICIO PARTICULAR,TERRESTRE,1-A,EDUARDO MIGUEL FRANCO ALVAREZ,22.00,WGS-84,23,25,26.70,97,55,15.99,15,33,960.00,9.00,ASFALTO,15/05/2014,15 AÑOS,15/05/2029,MAY,2029,SI,VIGENTE,"AEROPUERTO INTERNACIONAL DE TAMPICO, TAMAULIPAS",,,,,,
SP 111,AERÓDROMO,ACH,SAN ANTONIO CHABLE,YUCATÁN,CHOCHOLA,DIURNO,SERVICIO PARTICULAR,TERRESTRE,2-B,LUIS FERNANDO PREVE CASTRO Y/O ALEJANDRO PREVE CASTRO Y/O CARLOS ENRIQUE PREVE TORRES,24.00,,20,43,51.00,89,52,36.00,14,32,"1,000.00",17.00,TERRACERÍA,01/02/2001,60 DÍAS,SIN AUTORIZACIÓN,ABR,2001,NO,INOPERATIVO,"AEROPUERTO INTERNACIONAL DE MERIDA, YUCATAN",,,,,,
SP 112,AERÓDROMO,RBO,RANCHO BRAVO,MORELOS,JOJUTLA DE JUAREZ,DIURNO,SERVICIO PARTICULAR,TERRESTRE,1-A,MIGUEL ALEJANDRO BRAVO MENA,950.00,WGS-84,18,35,30.70,99,15,37.70,1,19,500.00,20.00,TERRACERÍA,31/12/2001,60 DÍAS,SIN AUTORIZACIÓN,MAR,2002,NO,INOPERATIVO,"AEROPUERTO INTERNACIONAL DE CUERNAVACA, MORELOS",,,,,,
SP 113,AERÓDROMO,STT,SANTO TOMAS,CHIAPAS,SUCHIATE,DIURNO,SERVICIO PARTICULAR,TERRESTRE,1-A,ASOCIACION AGRICOLA DE PRODUCTORES DE PLATANO DEL SOCONUSCO,10.00,WGS-84,14,38,44.70,92,12,5.82,7,25,800.00,6.00,ASFALTO Y CONCRETO HIDRAULICO,15/04/2016,15 AÑOS,15/04/2031,ABR,2031,SI,VIGENTE,"AEROPUERTO INTERNACIONAL DE TAPACHULA, CHIAPAS",,,,,,
SP 114,AERÓDROMO,LAA,LA BASE,CHIAPAS,TAPACHULA,DIURNO,SERVICIO PARTICULAR,TERRESTRE,1-A,PEDRO CHANG SANTOS,24.50,WGS-84,14,45,40.46,92,20,28.10,4,22,800.00,20.00,ASFALTO Y PASTO,04/11/2014,15 AÑOS,04/11/2029,NOV,2029,SI,VIGENTE,"AEROPUERTO INTERNACIONAL DE TAPACHULA, CHIAPAS",,,,,,
SP 115,AERÓDROMO,GIA,LA GLORIA,CHIAPAS,MAZATAN,DIURNO,SERVICIO PARTICULAR,TERRESTRE,1-A,LUIS GOMEZ FERNANDEZ                 ,25.00,WGS-84,14,55,11.40,92,25,53.90,9,27,800.00,15.40,TERRACERÍA,29/11/2007,180 DIAS,29/05/2008,MAY,2008,NO,INOPERATIVO,"AEROPUERTO DE TUXTLA GUTIERREZ, CHIAPAS",,,,,,
SP 116,AERÓDROMO,TNH,TANCHOLIN,VERACRUZ,TEMPORAL,DIURNO,SERVICIO PARTICULAR,TERRESTRE,3-B,"CORPORATIVO GANADERO, S. DE P.R. DE R.L DE C.V.",40.00,WGS-84,21,38,52.10,98,35,51.60,2,20,"1,200.00",18.00,ASFALTO,28/02/2007,5 AÑOS,28/02/2012,FEB,2012,NO,EN TRAMITE,"AEROPUERTO INTERNACIONAL DE TAMPICO, TAMAULIPAS",,,,,,
SP 117,AERÓDROMO,CMG,CAMAGUEY,SINALOA,GUASAVE,DIURNO,SERVICIO PARTICULAR,TERRESTRE,2-A,"H. AYUNTAMIENTO DE GUASAVE, SINALOA",21.00,NAD 27,25,39,7.11,108,32,16.26,9,27,"1,600.00",20.00,ASFALTO,05/12/2016,15 AÑOS,05/12/2031,DIC,2031,SI,VIGENTE,"AEROPUERTO INTERNACIONAL DE LOS MOCHIS, SINALOA",,,,,,
SP 118,AERÓDROMO,PTE,SANTA TERESA,CHIAPAS,TAPACHULA,DIURNO,SERVICIO PARTICULAR,TERRESTRE,1-A,VICTOR ADOLFO TOLEDO GARCIA,8.00,WGS-84,14,39,52.72,92,19,37.00,10,28,800.00,20.00,TERRACERÍA,06/03/2017,180 DIAS,06/09/2017,SEP,2017,NO,INOPERATIVO,"AEROPUERTO INTERNACIONAL DE TAPACHULA, CHIAPAS",,,,,,
SP 119,AERÓDROMO,PLL,POTRERILLOS,NUEVO LEÓN,CHINA,DIURNO,SERVICIO PARTICULAR,TERRESTRE,2-A,JOSE MARTINEZ MINOR,163.00,WGS-84,25,47,49.00,99,15,2.00,15,33,800.00,33.00,TERRACERÍA,13/07/2006,180 DIAS,13/01/2007,ENE,2007,NO,INOPERATIVO,"AEROPUERTO INTERNACIONAL DE MONTERREY, NUEVO LEON",,,,,,
HP 120,HELIPUERTO,HMZ,HOSPITAL MUGUERZA SALTILLO,COAHUILA,SALTILLO,DIURNO,SERVICIO PARTICULAR,ELEVADO,H-1,"HOSPITALES MODERNOS DE SALTILLO, S.A. DE C.V.","1,478.00",,25,28,45.62,100,58,40.00,,,,,,SIN AUTORIZACIÓN,,SIN AUTORIZACIÓN,ABR,2000,NO,INOPERATIVO,"AEROPUERTO INTERNACIONAL ""PLAN DE GUADALUPE"" DE RAMOS ARIZPE, COAH.",,,,,,
HP 121,HELIPUERTO,HNC,"NUTEC
",NUEVO LEÓN,MONTERREY,DIURNO,SERVICIO PARTICULAR,ELEVADO,H-1,"NUTEC CORPORATIVO, S.A DE C.V",786.00,WGS-84,25,41,20.10,100,30,24.10,,,,,,25/07/2016,15 AÑOS,25/07/2031,JUL,2031,SI,VIGENTE,"AEROPUERTO INTERNACIONAL DE MONTERREY, NUEVO LEON",,,,,,
SP 122,AERÓDROMO,ECW,EL CAPULLO,VERACRUZ,PANUCO,DIURNO,SERVICIO PARTICULAR,TERRESTRE,1-A,"EL CAPULLO Y LA LAGUNA DE SAN CRISTOBAL, S. DE P.R. DE R.L. DE C.V.",10.00,,22,3,34.00,98,9,27.00,8,26,700.00,10.00,TERRACERÍA,31/01/2001,5 AÑOS,31/01/2006,ENE,2006,NO,INOPERATIVO,"AEROPUERTO INTERNACIONAL DE TAMPICO, TAMAULIPAS",,,,,,
SP 123,AERÓDROMO,NAJ,EL NARANJITO,DURANGO,SANTIAGO PAPASQUIARO,DIURNO,SERVICIO PARTICULAR,TERRESTRE,1-A,BIENES COMUNALES DE SAN JUAN DE CAMARONES,"1,067.00",,24,52,48.00,106,26,16.00,8,26,300.00,15.00,TERRACERÍA,27/03/2007,180 DIAS,27/09/2007,SEP,2007,NO,INOPERATIVO,"AEROPUERTO INTERNACIONAL DE DURANGO, DURANGO",,,,,,
SP 124,AERÓDROMO,SIV,SILVA,MICHOACÁN,TEPALCATEPEC,DIURNO,SERVICIO PARTICULAR,TERRESTRE,1-A,ALFONSO SILVA LEAL,387.00,WGS-84,19,12,21.31,102,49,54.37,12,30,650.00,10.00,TERRACERÍA,05/03/2020,180 DIAS,05/09/2020,SEP,2020,NO,INOPERATIVO,"AEROPUERTO DE URUAPAN, MICHOACAN",,,,,,
SP 125,AERÓDROMO,RLX,LA EQUIS,CHIHUAHUA,VILLA AHUMADA,DIURNO,SERVICIO PARTICULAR,TERRESTRE,2-A,LUIS M. VILLARREAL ALMANZA             ,"1,260.00",WGS-84,30,30,45.00,106,25,55.00,8,26,"1,140.00",25.00,TERRACERÍA,15/04/2004,5 AÑOS,15/04/2009,ABR,2009,NO,INOPERATIVO,"AEROPUERTO INTERNACIONAL DE CHIHUAHUA, CHIHUAHUA",,,,,,
SP 126,AERÓDROMO,PSK,PUNTA SAN CARLOS,BAJA CALIFORNIA,ENSENADA,DIURNO,SERVICIO PARTICULAR,TERRESTRE,1-A,"SOCIEDAD GRUPO ACES SAN CARLOS, S.P.R. DE R.L.",18.00,WGS-84,29,37,10.10,115,30,10.70,10,28,960.00,10.00,TERRACERÍA,13/11/2015,15 AÑOS,13/11/2030,NOV,2030,SI,VIGENTE,"AEROPUERTO INTERNACIONAL DE ENSENADA, BAJA CALIFORNIA",,,,,,
SP 127,AERÓDROMO,STX,SANTA ELENA ,COAHUILA,CIUDAD ACUÑA,DIURNO,SERVICIO PARTICULAR,TERRESTRE,1-A,GUILLERMO DE LOS SANTOS TREVIÑO,560.00,,29,38,35.00,101,53,41.00,12,30,600.00,35.00,TERRACERÍA,05/03/1998,60 DÍAS,SIN AUTORIZACIÓN,MAY,1998,NO,INOPERATIVO,"AEROPUERTO INTERNACIONAL DE PIEDRAS NEGRAS, COAHUILA",,,,,,
SP 128,AERÓDROMO,AGD,LOS ALGODONES,NUEVO LEÓN,EL CARMEN,DIURNO,SERVICIO PARTICULAR,TERRESTRE,1-A,GUSTAVO JAVIER SAUCEDA FLORES,500.00,WGS-84,25,52,12.00,100,20,20.00,10,28,590.00,20.00,ASFALTO,03/11/2003,90 DÍAS,03/02/2004,FEB,2004,NO,INOPERATIVO,"AEROPUERTO INTERNACIONAL DE MONTERREY, NUEVO LEON",,,,,,
SP 129,AERÓDROMO,AED,AIR PARK AERODEPORTES,NUEVO LEÓN,CADEREYTA,DIURNO,SERVICIO PARTICULAR,TERRESTRE,1-A,"AIR PARK AERODEPORTES, S.A. DE C.V.",400.00,WGS-84,25,31,20.00,100,4,46.00,13,31,670.00,8.80,ASFALTO,12/03/2025,180 DIAS,12/09/2025,SEP,2025,NO,EN TRAMITE,"AEROPUERTO INTERNACIONAL DE MONTERREY, NUEVO LEON",,,,,,
SP 130,AERÓDROMO,RVP,EL PRESON,CHIHUAHUA,VILLA AHUMADA,DIURNO,SERVICIO PARTICULAR,TERRESTRE,2-A,ROMULO ESCOBAR VALDEZ,"1,280.00",WGS-84,30,55,54.00,106,25,45.00,1,19,840.00,20.00,TERRACERÍA,15/04/2005,5 AÑOS,15/04/2010,ABR,2010,NO,INOPERATIVO,"AEROPUERTO INTERNACIONAL DE CHIHUAHUA, CHIHUAHUA",,,,,,
SP 131,AERÓDROMO,TRP,TRANSPACIFICO,SINALOA,AHOME,DIURNO,SERVICIO PARTICULAR,TERRESTRE,2-B,MARTIN ESTRADA USSHER                 ,22.00,,25,48,0.00,108,57,5.00,11,29,"1,000.00",22.00,ASFALTO,29/12/2001,60 DÍAS,SIN AUTORIZACIÓN,MAR,2002,NO,INOPERATIVO,"AEROPUERTO INTERNACIONAL DE LOS MOCHIS, SINALOA",,,,,,
SP 132,AERÓDROMO,FTA,FELIPE TERRONES ACOSTA,VERACRUZ,TIERRA BLANCA,DIURNO,SERVICIO PARTICULAR,TERRESTRE,1-A,HILARIO HERRERA CARLIN,76.00,WGS-84,18,29,23.00,96,21,35.00,5,23,650.00,9.00,ASFALTO,02/02/2004,5 AÑOS,02/02/2009,FEB,2009,NO,INOPERATIVO,"AEROPUERTO INTERNACIONAL DE VERACRUZ, VERACRUZ",,,,,,
SP 133,AERÓDROMO,AFL,CLUB AEREO FRANCISCO LOBO,NUEVO LEÓN,GARCÍA,DIURNO,SERVICIO PARTICULAR,TERRESTRE,1-A,"CLUB AEREO FRANCISCO LOBO, A.C.           ",598.00,WGS-84,25,47,39.68,100,26,49.90,9,27,"1,743.00",20.00,ASFALTO,20/02/2015,15 AÑOS,20/02/2030,FEB,2030,SI,VIGENTE,"AEROPUERTO INTERNACIONAL DEL NORTE, NUEVO LEON",,,,,,
SP 134,AERÓDROMO,SRS,SANTA ROSA DE LIMA,YUCATÁN,MAXCANU,DIURNO,SERVICIO PARTICULAR,TERRESTRE,2-B,"GRUPO PLAN PLANIFICACION, S.A. DE C.V.",50.00,,20,35,48.00,90,5,8.40,8,26,"1,200.00",25.00,TERRACERÍA,17/04/2001,60 DÍAS,SIN AUTORIZACIÓN,JUN,2001,NO,INOPERATIVO,"AEROPUERTO INTERNACIONAL DE MERIDA, YUCATAN",,,,,,
SP 135,AERÓDROMO,LPH,LA PICHIHUILA,CHIHUAHUA,MORELOS,DIURNO,SERVICIO PARTICULAR,TERRESTRE,1-A,HILARIO BOJORQUEZ RODRIGUEZ,"1,398.00",,26,21,36.42,107,48,5.76,,,,,TERRACERÍA,21/10/2003,45 DÍAS,SIN AUTORIZACIÓN,DIC,2003,NO,INOPERATIVO,"AEROPUERTO INTERNACIONAL DE LOS MOCHIS, SINALOA",,,,,,
SP 136,AERÓDROMO,RJS,RANCHO SAN JOSE DE PEDRERO,TABASCO,TEAPA,DIURNO,SERVICIO PARTICULAR,TERRESTRE,1-A,"SAN JOSE DE PEDRERO, S.P.R. DE R.L. DE C.V.",16.00,WGS-84,17,43,2.00,92,56,42.00,7,25,450.00,5.00,ASFALTO,20/05/2008,5 AÑOS,20/05/2013,MAY,2013,NO,INOPERATIVO,"AEROPUERTO INTERNACIONAL DE VILLAHERMOSA, TABASCO",,,,,,
SP 137,AERÓDROMO,RAB,RANCHO AGUA BLANCA,CHIHUAHUA,JANOS,DIURNO,SERVICIO PARTICULAR,TERRESTRE,3-B,MANUEL HERNANDEZ GABILONDO            ,"1,460.00",,30,46,33.00,108,41,23.00,13,31,"1,630.00",18.00,TERRACERÍA,27/07/2006,5 AÑOS,27/07/2011,JUL,2011,NO,INOPERATIVO,"AEROPUERTO INTERNACIONAL DE CIUDAD JUAREZ, CHIHUAHUA",,,,,,
HP 138,HELIPUERTO,HTC,TORRE CABALLITO,CIUDAD DE MÉXICO,CUAUHTÉMOC,DIURNO,SERVICIO PARTICULAR,ELEVADO,H-1,"FIBRA MEXICANA DE INMUEBLES CABALLITO, S.A DE C.V.","2,248.00",WGS-84,19,26,11.90,99,8,56.20,,,,,,01/07/2005,5 AÑOS,01/07/2010,JUL,2010,NO,INOPERATIVO,"AEROPUERTO INTERNACIONAL DE LA CIUDAD DE MEXICO, CIUDAD DE MEXICO",,,,,,
SP 139,AERÓDROMO,DEL,RUBEN PRIETO CHACON,CHIHUAHUA,CIUDAD DELICIAS,DIURNO,SERVICIO PARTICULAR,TERRESTRE,2-B,FEDERICO ARTURO PRIETO DIAZ,"1,185.00",NAD 27,28,12,30.00,105,27,30.00,1,19,"1,000.00",15.00,ASFALTO,05/12/2003,5 AÑOS,05/12/2008,DIC,2008,NO,INOPERATIVO,"AEROPUERTO INTERNACIONAL DE CHIHUAHUA, CHIHUAHUA",,,,,,
HP 140,HELIPUERTO,HCU,SUNSET,QUINTANA ROO,BENITO JUAREZ (CANCUN),DIURNO,SERVICIO PARTICULAR,SUPERFICIE,H-1,"SERVICIOS AEREOS SUNSET, S.A. DE C.V.",6.50,,21,7,16.00,86,45,14.00,,,,,,02/09/1997,30 DÍAS,SIN AUTORIZACIÓN,SEP,1997,NO,INOPERATIVO,"AEROPUERTO INTERNACIONAL DE CANCUN, QUINTANA ROO",,,,,,
SP 141,AERÓDROMO,RSJ,RANCHO SAN JOSE,TABASCO,TEAPA,DIURNO,SERVICIO PARTICULAR,TERRESTRE,1-A,JAVIER SOBERANO DÍAZ,15.00,WGS-84,17,35,13.00,92,57,1.00,1,19,700.00,6.00,ASFALTO-TERRACERIA,19/05/2017,15 AÑOS,19/05/2032,MAY,2032,SI,VIGENTE,"AEROPUERTO INTERNACIONAL DE VILLAHERMOSA, TABASCO",,,,,,
SP 142,AERÓDROMO,ROX,RANCHO OAXACA,SONORA,BAVISPE,DIURNO,SERVICIO PARTICULAR,TERRESTRE,1-A,RENNEE LORRAINE MORALES KING,900.00,,30,43,35.86,109,3,24.37,13,31,500.00,14.00,TERRACERÍA,28/05/2007,180 DIAS,28/11/2007,NOV,2007,NO,INOPERATIVO,"AEROPUERTO INTERNACIONAL DE NOGALES, SONORA",,,,,,
SP 143,AERÓDROMO,CBA,LA CEIBA,TABASCO,HUIMANGUILLO,DIURNO,SERVICIO PARTICULAR,TERRESTRE,1-A,FERNANDO AGUSTIN FRANCO ALVAREZ,19.50,WGS-84,17,55,3.42,93,34,39.48,3,21,967.00,16.00,ASFALTO,16/10/2017,15 AÑOS,16/10/2032,OCT,2032,SI,VIGENTE,"AEROPUERTO INTERNACIONAL DE VILLAHERMOSA, TABASCO",,,,,,
SP 144,AERÓDROMO,EPM,EL PALMAR,COAHUILA,SAN BUENAVENTURA,DIURNO,SERVICIO PARTICULAR,TERRESTRE,2-B,"RANCHO GANADERO CUATRO HERMANAS, S.A. DE C.V.",433.00,WGS-84,28,0,46.35,102,10,43.38,15,33,"1,500.00",15.00,ASFALTO,09/05/2016,15 AÑOS,09/05/2031,MAY,2031,SI,VIGENTE,"AEROPUERTO INTERNACIONAL DE MONCLOVA, COAHUILA",,,,,,
SP 145,AERÓDROMO,PQR,PISTA QUERETARO,BAJA CALIFORNIA,MEXICALI,DIURNO,SERVICIO PARTICULAR,TERRESTRE,1-A,ISAC LOPEZ TAMAYO,15.00,WGS-84,32,31,56.43,115,9,24.60,8,26,600.00,12.00,TERRACERÍA,20/12/2017,14 AÑOS,                                                                                                  ,SEP,2031,SI,VIGENTE,"AEROPUERTO INTERNACIONAL DE MEXICALI, BAJA CALIFORNIA",,,,,,
SP 146,AERÓDROMO,ROL,RANCHO EL CARACOL,BAJA CALIFORNIA SUR,MULEGE,DIURNO,SERVICIO PARTICULAR,TERRESTRE,1-A,"LACTEOS LA JOLLA, S.A. DE C.V.           ",80.00,WGS-84,27,32,11.00,113,19,6.00,12,30,"1,435.00",15.50,TERRACERÍA,07/10/2014,15 AÑOS,07/10/2029,OCT,2029,SI,VIGENTE,"AEROPUERTO INTERNACIONAL DE LORETO, BAJA CALIFORNIA SUR",,,,,,
SP 147,AERÓDROMO,RVN,REVOLUCION DE 1910,BAJA CALIFORNIA SUR,MULEGE,DIURNO,SERVICIO PARTICULAR,TERRESTRE,3-C,N.C.P.A. REVOLUCION DE 1910,15.00,NAD 27,27,40,0.00,114,50,0.04,11,29,"1,608.00",30.00,ASFALTO,15/08/2001,60 DÍAS,SIN AUTORIZACIÓN,OCT,2001,NO,INOPERATIVO,"AEROPUERTO INTERNACIONAL DE LORETO, BAJA CALIFORNIA SUR",,,,,,
SP 148,AERÓDROMO,PCN,PUNTA CHINA,BAJA CALIFORNIA,ENSENADA,DIURNO,SERVICIO PARTICULAR,TERRESTRE,2-A,"CEMEX CONCRETOS, S.A. DE C.V.",17.70,,31,35,25.00,116,39,5.00,14,32,"1,000.00",20.00,TERRACERÍA,18/05/2000,5 AÑOS,18/05/2005,MAY,2005,NO,INOPERATIVO,"AEROPUERTO INTERNACIONAL DE ENSENADA, BAJA CALIFORNIA",,,,,,
SP 149,AERÓDROMO,PLZ,PISTA LAZARO CARDENAS,BAJA CALIFORNIA,MEXICALI,DIURNO,SERVICIO PARTICULAR,TERRESTRE,1-A,MISAEL LOPEZ TAMAYO,25.00,WGS-84,32,35,32.60,115,0,22.70,16,34,500.00,20.00,TERRACERÍA,20/02/2018,15 AÑOS,20/02/2033,FEB,2033,SI,VIGENTE,"AEROPUERTO INTERNACIONAL DE MEXICALI, BAJA CALIFORNIA",,,,,,
SP 150,AERÓDROMO,LNU,RANCHO LA NUTRIA,NUEVO LEÓN,LINARES,DIURNO,SERVICIO PARTICULAR,TERRESTRE,1-A,ARMANDO J. GARCIA SEGOVIA,548.00,WGS-84,24,53,58.70,99,46,11.10,13,31,"1,000.00",30.00,TERRACERÍA,17/09/2014,15 AÑOS,17/09/2029,SEP,2029,SI,VIGENTE,"AEROPUERTO INTERNACIONAL DEL NORTE, NUEVO LEON",,,,,,
HP 151,HELIPUERTO,HVE,VERONICA,CIUDAD DE MÉXICO,MIGUEL HIDALGO,DIURNO,SERVICIO PARTICULAR,ELEVADO,H-1,PETROLEOS MEXICANOS PEMEX,"2,274.00",WGS-84,19,26,29.90,99,10,39.10,,,,,,15/05/2013,5 AÑOS,15/05/2018,MAY,2018,NO,INOPERATIVO,"AEROPUERTO INTERNACIONAL DE LA CIUDAD DE MEXICO, CIUDAD DE MEXICO",,,,,,
HP 152,HELIPUERTO,HCZ,PEGASO-COZUMEL,QUINTANA ROO,COZUMEL,DIURNO,SERVICIO PARTICULAR,SUPERFICIE,H-1,"TRANSPORTES AEREOS PEGASO, S.A. DE C.V.",2.00,WGS-84,20,28,28.70,86,58,33.20,,,,,,31/07/2002,5 AÑOS,31/07/2007,JUL,2007,NO,INOPERATIVO,"AEROPUERTO INTERNACIONAL DE COZUMEL, QUINTANA ROO",,,,,,
SP 153,AERÓDROMO,LDB,EL LIMON DE BADIRAGUATO,SINALOA,BADIRAGUATO,DIURNO,SERVICIO PARTICULAR,TERRESTRE,1-A,EMILIO AGUIRRE CASTAÑEDA,"1,232.00",WGS-84,25,49,27.40,107,13,58.70,11,29,400.00,15.00,TERRACERÍA,13/09/2016,15 AÑOS,13/09/2031,SEP,2031,SI,VIGENTE,"AEROPUERTO INTERNACIONAL DE CULIACAN, SINALOA",,,,,,
SP 154,AERÓDROMO,RMF,RANCHO MADERO,CHIHUAHUA,CIUDAD JIMENEZ,DIURNO,SERVICIO PARTICULAR,TERRESTRE,1-A,MIGUEL FEDERICO MADERO MUNOZ          ,"1,280.00",WGS-84,27,22,59.00,104,53,1.35,12,30,980.00,13.00,TERRACERÍA,22/10/2014,15 AÑOS,22/10/2029,OCT,2029,SI,VIGENTE,"AEROPUERTO INTERNACIONAL DE CHIHUAHUA, CHIHUAHUA",,,,,,
SP 155,AERÓDROMO,RLA,LA AZUFROSA,COAHUILA,SAN BUENAVENTURA,DIURNO,SERVICIO PARTICULAR,TERRESTRE,1-A,ALFONSO JAVIER BARRAGAN TREVIÑO Y/O JUAN M. BARRAGAN TREVIÑO,"1,130.00",WGS-84,28,6,6.60,102,11,46.80,2,20,"1,000.00",20.00,TERRACERÍA,29/10/2014,15 AÑOS,29/10/2029,OCT,2029,SI,VIGENTE,"AEROPUERTO INTERNACIONAL DE MONCLOVA, COAHUILA",,,,,,
SP 156,AERÓDROMO,AZF,LA AZUFROSA I,COAHUILA,PROGRESO,DIURNO,SERVICIO PARTICULAR,TERRESTRE,2-B,EUGENIO A. BENAVIDES VILLARREAL          ,274.00,WGS-84,27,24,15.00,100,46,55.00,12,30,980.00,30.00,TERRACERÍA,31/03/2003,180 DIAS,01/10/2003,OCT,2003,NO,INOPERATIVO,"AEROPUERTO INTERNACIONAL DE PIEDRAS NEGRAS, COAHUILA",,,,,,
SP 157,AERÓDROMO,NBT,NICOLAS BRAVO,TABASCO,MACUSPANA,DIURNO,SERVICIO PARTICULAR,TERRESTRE,1-A,ENEDINA PEÑATE GERONIMO               ,22.00,,17,44,7.00,92,37,40.00,18,36,500.00,12.00,TERRACERÍA,17/09/2008,180 DIAS,17/03/2009,MAR,2009,NO,INOPERATIVO,"AEROPUERTO INTERNACIONAL DE VILLAHERMOSA, TABASCO",,,,,,
SP 158,AERÓDROMO,LTT,LOMAS TRISTES,TABASCO,TACOTALPA,DIURNO,SERVICIO PARTICULAR,TERRESTRE,1-A,PEDRO RAMON GIL ZURITA                ,60.00,,17,34,45.00,92,34,2.00,9,27,500.00,20.00,TERRACERÍA,17/09/2008,180 DIAS,17/03/2009,MAR,2009,NO,INOPERATIVO,"AEROPUERTO INTERNACIONAL DE VILLAHERMOSA, TABASCO",,,,,,
SP 159,AERÓDROMO,LKS,LAS CRUCES,MICHOACÁN,TUMBISCATIO,DIURNO,SERVICIO PARTICULAR,TERRESTRE,1-A,"H. AYUNTAMIENTO DE TUMBISCATIO, MICHOACAN",271.00,,18,44,53.00,102,14,35.00,15,33,600.00,15.00,TERRACERÍA,20/05/2003,180 DIAS,20/11/2003,NOV,2003,NO,INOPERATIVO,"AEROPUERTO DE URUAPAN, MICHOACAN",,,,,,
SP 160,AERÓDROMO,SBK,SANTA BLANCA,SINALOA,EL FUERTE,DIURNO,SERVICIO PARTICULAR,TERRESTRE,1-A,"AGROPECUARIA INDUSTRIAL DE MEXICO, S.A. DE C.V.",16.50,WGS-84,25,54,48.78,108,54,38.81,9,27,800.00,15.00,TERRACERÍA,23/11/2018,180 DIAS,23/05/2019,MAY,2019,NO,INOPERATIVO,"AEROPUERTO INTERNACIONAL DE LOS MOCHIS, SINALOA",,,,,,
SP 161,AERÓDROMO,JYB,LA JOYA BRUN,COLIMA,COMALA,DIURNO,SERVICIO PARTICULAR,TERRESTRE,1-A,ADRIAN BRUN GONZÁLEZ,"1,440.00",WGS-84,19,26,40.50,103,40,17.50,10,28,780.00,20.00,TERRACERÍA,21/10/2015,15 AÑOS,21/10/2030,OCT,2030,SI,VIGENTE,AEROPUERTO NACIONAL DE COLIMA,,,,,,
SP 162,AERÓDROMO,SIM,LA SIMIENTE,SAN LUIS POTOSÍ,EBANO,DIURNO,SERVICIO PARTICULAR,TERRESTRE,1-A,RANCHO ESTERO DE BARBERENA S.P.R. DE R.L. DE C.V.,99.00,,22,10,58.00,98,24,54.00,17,35,680.00,12.00,TERRACERÍA,01/06/2007,5 AÑOS,01/06/2012,JUN,2012,NO,INOPERATIVO,"AEROPUERTO INTERNACIONAL DE TAMPICO, TAMAULIPAS",,,,,,
SP 163,AERÓDROMO,RLP,RANCHO LA PEÑA,COAHUILA,MUZQUIZ,DIURNO,SERVICIO PARTICULAR,TERRESTRE,2-A,ADOLFO ENRIQUE ALAN ROMO,,WGS-84,28,38,8.11,102,13,23.17,13,31,800.00,10.00,ASFALTO,07/02/2007,5 AÑOS,07/02/2012,FEB,2012,NO,EN TRAMITE,"AEROPUERTO INTERNACIONAL DE PIEDRAS NEGRAS, COAHUILA",,,,,,
SP 164,AERÓDROMO,MLZ,MELGOZA,BAJA CALIFORNIA,MEXICALI,DIURNO,SERVICIO PARTICULAR,TERRESTRE,1-A,PABLO MELGOZA AYALA                   ,3.00,WGS-84,32,15,27.20,115,10,22.50,08,26,700.00,10.00,TERRACERÍA,02/04/2009,180 DIAS,02/10/2009,OCT,2009,NO,INOPERATIVO,"AEROPUERTO INTERNACIONAL DE MEXICALI, BAJA CALIFORNIA",,,,,,
HP 165,BARCO-HELIPUERTO,HCD,DONNA CRISTINA,BAJA CALIFORNIA,ENSENADA,DIURNO,SERVICIO PARTICULAR,HELIPUERTO MIXTO,H-1,"PESQUERA SANTA URSULA, S.A. DE C.V.",0.00,NO APLICA,NO APLICA,NO APLICA,NO APLICA,NO APLICA,NO APLICA,NO APLICA,NO APLICA,NO APLICA,,,,21/06/2007,180 DIAS,21/12/2007,DIC,2007,NO,INOPERATIVO,"AEROPUERTO INTERNACIONAL DE TIJUANA, BAJA CALIFORNIA",,,,,,
SP 166,AERÓDROMO,RSA,LA ROSA,COAHUILA,JUÁREZ,DIURNO,SERVICIO PARTICULAR,TERRESTRE,2-A,INMOBILIARIA RANCHO LA ROSA S. DE R.L. DE C.V.,395.00,WGS-84,27,48,37.00,100,39,27.00,14,32,950.00,10.00,TERRACERÍA,SIN AUTORIZACIÓN,,SIN AUTORIZACIÓN,ENE,2010,NO,INOPERATIVO,"AEROPUERTO INTERNACIONAL DE MONCLOVA, COAHUILA",,,,,,
SP 167,AERÓDROMO,LET,LOS EBANOS,TAMAULIPAS,MATAMOROS,DIURNO,SERVICIO PARTICULAR,TERRESTRE,2-B,"AEROVITRO, S.A. DE C.V.",3.00,WGS-84,25,20,30.00,97,43,60.00,10,28,950.00,15.00,ASFALTO,28/02/2008,90 DÍAS ,28/05/2008,JUL,2010,NO,INOPERATIVO,"AEROPUERTO INTERNACIONAL DE MATAMOROS, TAMAULIPAS",,,,,,
SP 168,AERÓDROMO,PLG,PIELAGOS,DURANGO,OTAEZ,DIURNO,SERVICIO PARTICULAR,TERRESTRE,1-A,PRESIDENCIA DE LA JUNTA MUNICIPAL DE PIELAGO,"2,317.00",,24,43,0.00,105,52,0.00,16,34,650.00,20.00,TERRACERÍA,SIN AUTORIZACIÓN,90 DÍAS,SIN AUTORIZACIÓN,JUL,2001,NO,INOPERATIVO,"AEROPUERTO INTERNACIONAL DE DURANGO, DURANGO",,,,,,
SP 169,AERÓDROMO,JUH,PISTA JUAREZ HERMANOS,BAJA CALIFORNIA,MEXICALI,DIURNO,SERVICIO PARTICULAR,TERRESTRE,1-A,PABLO JUAREZ YEPEZ,6.00,WGS-84,32,32,47.20,114,55,41.70,7,25,660.00,15.00,TERRACERÍA,SIN AUTORIZACIÓN,180 DIAS,19/01/2003,ENE,2003,NO,INOPERATIVO,"AEROPUERTO INTERNACIONAL DE MEXICALI, BAJA CALIFORNIA",,,,,,
SP 170,AERÓDROMO,LUA,LA BURRA,COAHUILA,GUERRERO,DIURNO,SERVICIO PARTICULAR,TERRESTRE,1-A,ENRIQUE GARZA CANTÚ Y ENRIQUE GARZA TOVAR,214.00,WGS-84,28,3,40.60,100,9,46.40,17,35,930.00,20.00,CONCRETO,12/06/2018,15 AÑOS,12/06/2033,JUN,2033,SI,VIGENTE,"AEROPUERTO INTERNACIONAL DE NUEVO LAREDO, TAMAULIPAS",,,,,,
HP 171,HELIPUERTO,HET,TORRE ESMERALDA II,CIUDAD DE MÉXICO,MIGUEL HIDALGO,DIURNO,SERVICIO PARTICULAR,ELEVADO,H-1,"NVERSE, S.A. DE C.V.","2,375.00",WGS-84,19,25,38.70,99,12,13.90,,,,,,05/12/2005,180 DIAS,05/06/2006,JUN,2006,NO,INOPERATIVO,"AEROPUERTO INTERNACIONAL DE LA CIUDAD DE MEXICO, CIUDAD DE MEXICO",,,,,,
SP 172,AERÓDROMO,YFA,LA RIVERA,SONORA,CABORCA,DIURNO,SERVICIO PARTICULAR,TERRESTRE,1-A,"GRUPO AGRICOLA FUGUEROA AVIÑA, S.A. DE C.V.",29.00,WGS-84,30,50,53.00,112,55,15.00,08,26,500.00,18.00,TERRACERÍA,21/08/2017,180 DIAS,21/02/2018,FEB,2018,NO,INOPERATIVO,"AEROPUERTO INTERNACIONAL DEL MAR DE CORTES, SONORA",,,,,,
SP 173,AERÓDROMO,LVC,LA VICTORIA,TAMAULIPAS,SOTO LA MARINA,DIURNO,SERVICIO PARTICULAR,TERRESTRE,1-A,"CONSORCIO AGROINDUSTRIAL REGIOMONTANO, S.A. DE C.V.",30.00,WGS-84,23,40,53.00,98,2,56.00,13,31,720.00,22.00,TERRACERÍA,SIN AUTORIZACIÓN,180 DIAS,21/10/2004,OCT,2004,NO,INOPERATIVO,"AEROPUERTO DE CIUDAD VICTORIA, TAMAULIPAS",,,,,,
SP 174,AERÓDROMO,CMB,MOSQUEDA      ,BAJA CALIFORNIA,MEXICALI,DIURNO,SERVICIO PARTICULAR,TERRESTRE,1-A,"PRODUCTORES AGROTURISTICOS INTEGRALES, S. DE P.R. DE R.L.",6.00,WGS-84,32,9,47.00,115,16,24.00,17,35,800.00,20.00,TERRACERÍA,17/10/2025,180 DIAS,10/04/2026,ABR,2026,NO,EN TRAMITE,"AEROPUERTO INTERNACIONAL DE MEXICALI, BAJA CALIFORNIA",,,,,,
SP 175,AERÓDROMO,CTC,CANOITAS,COAHUILA,VILLA HIDALGO,DIURNO,SERVICIO PARTICULAR,TERRESTRE,2-A,"MATERIAS PRIMAS DE LAMPAZOS, S. DE R.L. DE C.V.",180.00,,28,3,48.00,100,24,0.00,16,34,"1,100.00",20.00,TERRACERÍA,17/03/2000,180 DIAS,SIN AUTORIZACIÓN,MAR,2000,NO,INOPERATIVO,"AEROPUERTO INTERNACIONAL DE PIEDRAS NEGRAS, COAHUILA",,,,,,
SP 176,AERÓDROMO,CSI,LA CONSTANCIA,SINALOA,EL FUERTE,DIURNO,SERVICIO PARTICULAR,TERRESTRE,1-A,CESAR AURELIANO IBARRA PATIÑO,25.00,WGS-84,25,57,25.00,108,53,7.00,13,31,700.00,17.00,TERRACERÍA,09/07/2015,180 DIAS,08/01/2016,ENE,2016,NO,INOPERATIVO,"AEROPUERTO INTERNACIONAL DE LOS MOCHIS, SINALOA",,,,,,
SP 177,AERÓDROMO,BRE,LAS BRECHAS,SONORA,HERMOSILLO,DIURNO,SERVICIO PARTICULAR,TERRESTRE,1-A,FERNANDO ARECHEDERRA IRURETAGOYENA,186.00,WGS-84,29,16,55.00,110,48,27.00,10,28,550.00,15.00,TERRACERÍA,14/09/2010,180 DIAS,14/03/2011,MAR,2011,NO,INOPERATIVO,"AEROPUERTO INTERNACIONAL DE HERMOSILLO, SONORA",,,,,,
SP 178,AERÓDROMO,QPA,QUINTA PALOS,QUERETARO,PEDRO ESCOBEDO,DIURNO,SERVICIO PARTICULAR,TERRESTRE,1-A,FERNANDO JAVIER PALOS CUELLAR,"1,899.00",WGS-84,20,29,2.86,100,5,23.54,9,27,670.00,9.00,TERRACERÍA,21/02/2018,15 AÑOS,21/02/2033,FEB,2033,SI,VIGENTE,AEROPUERTO INTERCONTINENTAL DE QUERÉTARO.,,,,,,
SP 179,AERÓDROMO,SMW,RANCHO SANTA MONICA (renuencia del titular),CHIHUAHUA,BUENAVENTURA,DIURNO,SERVICIO PARTICULAR,TERRESTRE,1-A,"GANADERA LOS IGUALES, S.PR. DE R.L. DE C.V.","2,133.00",WGS-84,29,37,33.00,106,56,32.00,18,36,900.00,11.00,TERRACERÍA,03/10/2019,15 AÑOS,29/01/2034,ENE,2034,SI,VIGENTE,"AEROPUERTO INTERNACIONAL DE CHIHUAHUA, CHIHUAHUA",,,,,,
SP 180,AERÓDROMO,LHC,LOS HALCONES,SINALOA,GUASAVE,DIURNO,SERVICIO PARTICULAR,TERRESTRE,2-B,BALTAZAR CONTRERAS VALLE,7.00,NAD 27,25,31,36.00,108,38,54.00,3,21,900.00,20.00,TERRACERÍA,05/12/2003,5 AÑOS,05/12/2008,DIC,2008,NO,INOPERATIVO,"AEROPUERTO INTERNACIONAL DE LOS MOCHIS, SINALOA",,,,,,
SP 181,AERÓDROMO,PDE,LA PIEDRERA,SINALOA,MOCORITO,DIURNO,SERVICIO PARTICULAR,TERRESTRE,1-A,GILBERTO SANCHEZ MIRANDA ,35.00,WGS-84,25,6,5.22,107,55,17.97,9,27,500.00,7.00,TERRACERÍA,25/02/2015,15 AÑOS,25/02/2030,FEB,2030,SI,VIGENTE,"AEROPUERTO INTERNACIONAL DE CULIACAN, SINALOA",,,,,,
SP 182,AERÓDROMO,BAX,AERODROMO BAHIA DE LOS ANGELES,BAJA CALIFORNIA,ENSENADA,DIURNO,SERVICIO PARTICULAR,TERRESTRE,3-A,FERNANDO MANUEL GARCIA CAMPUZANO,40.00,WGS-84,28,58,42.46,113,33,39.54,15,33,"1,504.00",20.00,ASFALTO,17/05/2002,90 DÍAS,SIN AUTORIZACIÓN,AGO,2002,NO,INOPERATIVO,"AEROPUERTO INTERNACIONAL DE ENSENADA, BAJA CALIFORNIA",,,,,,
HP 183,HELIPUERTO,HYC,CORPO SANTA FE 505,CIUDAD DE MÉXICO,CUAJIMALPA,DIURNO,SERVICIO PARTICULAR,ELEVADO,H-1,CORPO SANTA FE 505 A.C.,"2,736.65",WGS-84,19,21,28.50,99,16,28.50,,,,,,09/11/2018,180 DIAS ,09/05/2019,MAY,2019,NO,INOPERATIVO,"AEROPUERTO INTERNACIONAL DE TOLUCA, ESTADO DE MEXICO",,,,,,
SP 184,AERÓDROMO,SSS,SAN JOSE DE SALSIPUEDES,CHIHUAHUA,GUADALUPE Y CALVO,DIURNO,SERVICIO PARTICULAR,TERRESTRE,1-B,"TAXIS AEREOS DE PARRAL, S.A.","1,250.00",WGS-84,26,9,4.00,107,7,53.00,14,32,400.00,20.00,TERRACERÍA,10/11/2008,5 AÑOS,10/11/2013,NOV,2013,NO,INOPERATIVO,"AEROPUERTO INTERNACIONAL DE CHIHUAHUA, CHIHUAHUA",,,,,,
SP 185,AERÓDROMO,EJO,EJIDO OAXACA,BAJA CALIFORNIA,MEXICALI,DIURNO,SERVICIO PARTICULAR,TERRESTRE,1-A,ADALBERTO GONZALEZ RUELAS,35.00,WGS-84,32,19,90.80,115,11,38.80,14,32,550.00,20.00,TERRACERÍA,04/08/2008,180 DIAS,04/02/2009,FEB,2009,NO,INOPERATIVO,"AEROPUERTO INTERNACIONAL DE ENSENADA, BAJA CALIFORNIA",,,,,,
SP 186,AERÓDROMO,PMX,PISTA MORELOS,BAJA CALIFORNIA,MEXICALI,DIURNO,SERVICIO PARTICULAR,TERRESTRE,1-A,ARMANDO NUÑEZ SESMA  Y REFUGIO SERVIN HERRERA                  ,5.00,WGS-84,32,37,31.00,114,53,6.39,6,24,600.00,8.00,TERRACERÍA,05/04/2006,180 DIAS,05/10/2006,OCT,2006,NO,INOPERATIVO,"AEROPUERTO INTERNACIONAL DE MEXICALI, BAJA CALIFORNIA",,,,,,
SP 187,AERÓDROMO,COT,INSURGENTE MARCOS ESCOBEDO,JALISCO,COLOTLAN,DIURNO,SERVICIO PARTICULAR,TERRESTRE,2-B,H. AYUNTAMIENTO DE COLOTLAN,"1,740.00",WGS-84,21,59,29.00,103,16,59.00,4,22,"1,950.00",29.00,ASFALTO,13/11/2008,UNICA OCACIÓN,SIN AUTORIZACIÓN,NOV,2008,NO,INOPERATIVO,"AEROPUERTO INTERNACIONAL DE GUADALAJARA, JALISCO",,,,,,
SP 188,AERÓDROMO,RFG,LA REFORMA DE GUERRERO,COAHUILA,GUERRERO,DIURNO,SERVICIO PARTICULAR,TERRESTRE,1-B,ANTONIO CASTILLON SAUCEDO,320.00,NAD 27,28,13,13.00,100,35,9.00,14,32,800.00,18.00,TERRACERÍA,04/07/2002,180 DIAS,04/01/2003,ENE,2003,NO,INOPERATIVO,"AEROPUERTO INTERNACIONAL DE PIEDRAS NEGRAS, COAHUILA",,,,,,
SP 189,AERÓDROMO,ECH,ESMERALDA COMALTITLAN,CHIAPAS,HUIXTLA,DIURNO,SERVICIO PARTICULAR,TERRESTRE,1-A,BERTOLDO BENRSTORFF PEREZ,60.00,,15,20,5.00,92,35,16.00,18,36,800.00,20.00,TERRACERÍA,28/09/2000,60 DÍAS,SIN AUTORIZACIÓN,NOV,2000,NO,INOPERATIVO,"AEROPUERTO INTERNACIONAL DE TAPACHULA, CHIAPAS",,,,,,
SP 190,AERÓDROMO,CRT,EL CONTROL,TAMAULIPAS,GÜEMES,DIURNO,SERVICIO PARTICULAR,TERRESTRE,1-A,FLORENTINO HERNANDEZ SAGAHON          ,195.00,WGS-84,23,52,30.00,99,1,54.00,16,34,630.00,12.00,TERRACERÍA,12/10/2009,5 AÑOS,12/10/2014,OCT,2014,NO,INOPERATIVO,"AEROPUERTO DE CIUDAD VICTORIA, TAMAULIPAS",,,,,,
SP 191,AERÓDROMO,BGM,LAS BUGAMBILIAS,NAYARIT,TEPIC,DIURNO,SERVICIO PARTICULAR,TERRESTRE,1-B,PEDRO CHAVEZ PEREZ,650.00,WGS-84,21,36,25.23,104,49,57.21,3,21,415.00,10.00,TERRACERÍA,18/05/2017,15 AÑOS,18/05/2032,MAY,2032,SI,VIGENTE,"AEROPUERTO DE TEPIC, NAYARIT",,,,,,
SP 192,AERÓDROMO,RPE,RANCHO EL PAPALOTE,COAHUILA,GUERRERO,DIURNO,SERVICIO PARTICULAR,TERRESTRE,2-A,DAVID GUTIERREZ PERRY,300.00,WGS-84,27,53,53.00,100,30,25.00,15,33,"1,227.00",24.00,TERRACERÍA,31/07/2002,5 AÑOS,31/07/2007,JUL,2007,NO,INOPERATIVO,"AEROPUERTO INTERNACIONAL DE PIEDRAS NEGRAS, COAHUILA",,,,,,
SP 193,AERÓDROMO,SDI,RANCHO SANTO DOMINGO,TAMAULIPAS,ALTAMIRA,DIURNO,SERVICIO PARTICULAR,TERRESTRE,2-A,HUGO ANTONIO MUÑOZ DE ALBA,15.00,,22,36,5.00,97,55,54.00,9,27,840.00,20.00,TERRACERÍA,29/06/2001,60 DÍAS,SIN AUTORIZACIÓN,AGO,2001,NO,INOPERATIVO,"AEROPUERTO DE CIUDAD VICTORIA, TAMAULIPAS",,,,,,
SP 194,AERÓDROMO,GZI,SANTA AMELIA,SONORA,EMPALME,DIURNO,SERVICIO PARTICULAR,TERRESTRE,2-A,SOCIEDAD DE PRODUCCION RURAL R.I. SANTA AMELIA,38.00,,28,2,22.00,110,40,10.00,18,36,"1,000.00",14.00,TERRACERÍA,24/08/2001,60 DÍAS,SIN AUTORIZACIÓN,OCT,2001,NO,INOPERATIVO,"AEROPUERTO INTERNACIONAL DE GUAYMAS, SONORA",,,,,,
SP 195,AERÓDROMO,LTA,LA ANGOSTURA,SONORA,CABORCA,DIURNO,SERVICIO PARTICULAR,TERRESTRE,1-A,"GRUPO AGRÍCOLA FIGUEROA AVIÑA, S.A. DE C.V.",65.00,WGS-84,30,51,2.00,112,48,53.00,18,36,650.00,18.00,TERRACERÍA,19/12/2018,15 AÑOS,01/01/2033,ENE,2033,SI,VIGENTE,"AEROPUERTO INTERNACIONAL DEL MAR DE CORTES, SONORA",,,,,,
SP 196,AERÓDROMO,JBS,JBS,SINALOA,GUASAVE,DIURNO,SERVICIO PARTICULAR,TERRESTRE,1-A,JORGE BARRERA SOTOMAYOR               ,9.00,WGS-84,25,26,31.99,108,23,16.85,1,19,900.00,9.00,CONCRETO,29/11/2016,15 AÑOS,29/11/2031,NOV,2031,SI,VIGENTE,"AEROPUERTO INTERNACIONAL DE LOS MOCHIS, SINALOA",,,,,,
SP 197,AERÓDROMO,CIA,CUPIAS ANTES PISTA BAJA,SINALOA,NAVOLATO,DIURNO,SERVICIO PARTICULAR,TERRESTRE,1-A,C.JORGE TORRES GARCIA ,10.00,WGS-84,24,38.00,7.77,107,21.00,52.50,8,26,"1,100.00",12.00,TERRACERÍA,08/03/2019,15 AÑOS,08/03/2034,MAR,2034,SI ,VIGENTE,"AEROPUERTO INTERNACIONAL DE LOS MOCHIS, SINALOA",,,,,,
HP 198,HELIPUERTO,,AVA-DIM,GUERRERO,ACAPULCO DE JUÁREZ,DIURNO,SERVICIO PARTICULAR,SUPERFICIE,H-1,"HELICOPTEROS Y PASEOS AERONAUTICOS DEL PACIFICO, S..A. DE C.V.",10.00,,16,51,35.77,99,52,40.22,,,,,,10/02/2000,90 DÍAS,SIN AUTORIZACIÓN,MAY,2000,NO,INOPERATIVO,"AEROPUERTO INTERNACIONAL DE ACAPULCO, GUERRERO",,,,,,
SP 199,AERÓDROMO,LTP,LA TRINIDAD,TAMAULIPAS,PADILLA,DIURNO,SERVICIO PARTICULAR,TERRESTRE,2-A,"GRUPO CORPORATIVO DOVIMA, S.A. DE C.V.",176.00,WGS-84,23,57,59.24,98,49,59.66,18,36,920.00,12.00,ASFALTO,06/08/2019,180 DIAS,06/02/2020,FEB,2020,NO,EN TRAMITE,"AEROPUERTO DE CIUDAD VICTORIA, TAMAULIPAS",,,,,,
HP 200,HELIPUERTO,HOM,OMEGA,CIUDAD DE MÉXICO,MIGUEL HIDALGO,DIURNO Y NOCTURNO,SERVICIO PARTICULAR,ELEVADO,H-2,"CONDOMINIO OMEGA, S.A. DE C.V.","2,353.00",WGS-84,19,25,43.20,99,11,59.90,,,,,,20/04/2016,14 AÑOS,30/03/2030,MAR,2030,SI,VIGENTE,"AEROPUERTO INTERNACIONAL DE LA CIUDAD DE MEXICO, CIUDAD DE MEXICO",,,,,,
SP 201,AERÓDROMO,IXL,CAP. JORGE GARCÍA LOPEZ (ANTES IXTLAN II),NAYARIT,IXTLAN DEL RIO,DIURNO,SERVICIO PARTICULAR,TERRESTRE,2-A,"TRANSPORTES AEREOS DE IXTLAN, S.A. DE C.V.","1,020.00",WGS-84,21,2,28.98,104,26,36.18,10,28,860.00,20.00,TERRACERÍA,27/09/2022,15 AÑOS,27/09/2037,SEP,2037,SI,VIGENTE,"AEROPUERTO DE TEPIC, NAYARIT",,,,,,
HP 202,HELIPUERTO,,"CENTRO INTERNACIONAL DE MEDICINA DE PUEBLA
(Proyecto)",PUEBLA,PUEBLA,DIURNO,SERVICIO PARTICULAR,SUPERFICIE,H-1,BECK INTERNATIONAL DE MEXICO,"2,115.73",WGS-84,NO DISPONIBLE,NO DISPONIBLE,NO DISPONIBLE,NO DISPONIBLE,NO DISPONIBLE,NO DISPONIBLE,,,,,,PROYECTO,,PROYECTO,JUL,2009,NO,INOPERATIVO,"AEROPUERTO INTERNACIONAL ""HERMANOS SERDÁN"" DE HUEJOTZINGO, PUE.",,,,,,
HP 203,HELIPUERTO,HFE,LOMAS ALTAS,CIUDAD DE MÉXICO,MIGUEL HIDALGO,DIURNO,SERVICIO PARTICULAR,ELEVADO,H-1,JUAN FRANCISCO EALY ORTIZ,"2,369.00",NAD 27,19,23,51.70,99,13,48.00,,,,,,01/12/2004,5 AÑOS,01/12/2009,DIC,2009,NO,INOPERATIVO,"AEROPUERTO INTERNACIONAL DE LA CIUDAD DE MEXICO, CIUDAD DE MEXICO",,,,,,
HP 204,HELIPUERTO,HEU,EL UNIVERSAL,CIUDAD DE MÉXICO,CUAUHTÉMOC,DIURNO,SERVICIO PARTICULAR,ELEVADO,H-1,"""EL UNIVERSAL""  COMPAÑIA PERIODISTICA NACIONAL, S.A. DE C.V.","2,267.00",WGS-84,19,26,3.68,99,8,58.68,,,,,,15/04/2016,15 AÑOS,15/04/2031,ABR,2031,SI,VIGENTE,"AEROPUERTO INTERNACIONAL DE LA CIUDAD DE MEXICO, CIUDAD DE MEXICO",,,,,,
SP 206,AERÓDROMO,KLI,KOHUNLINCH,QUINTANA ROO,OTHON POMPEYO BLANCO,DIURNO,SERVICIO PARTICULAR,TERRESTRE,2-B,"VIP SERVICIOS AEREOS EJECUTIVOS, S.A. DE C.V.",115.00,WGS-84,18,27,11.94,88,49,18.72,10,28,"1,000.00",25.00,ASFALTO,29/11/2017,15 AÑOS,29/11/2032,NOV,2032,SI,VIGENTE,"AEROPUERTO INTERNACIONAL DE CHETUMAL, QUINTANA ROO",,,,,,
HP 207,HELIPUERTO,HNK,HOTEL NIKKO,CIUDAD DE MÉXICO,MIGUEL HIDALGO,DIURNO,SERVICIO PARTICULAR,ELEVADO,H-1,"HR MC HOTEL COMPANY, S. DE R.L. DE C.V.","2,388.00",NAD 27,19,25,31.70,99,11,31.20,,,,,,13/08/2008,180 DIAS,13/02/2009,FEB,2009,NO,INOPERATIVO,"AEROPUERTO INTERNACIONAL DE LA CIUDAD DE MEXICO, CIUDAD DE MEXICO",,,,,,
SP 208,AERÓDROMO,HDS,HADDAD SIRIA,CHIAPAS,ANGEL ALBINO CORZO,DIURNO,SERVICIO PARTICULAR,TERRESTRE,1-A,RICARDO MOISES KURI                   ,960.00,,15,52,29.00,92,41,16.00,9,27,420.00,15.00,TERRACERÍA,SIN AUTORIZACIÓN,,SIN AUTORIZACIÓN,AGO,1993,NO,INOPERATIVO,"AEROPUERTO DE TUXTLA GUTIERREZ, CHIAPAS",,,,,,
SP 209,AERÓDROMO,MGR,MARGARITAS,COAHUILA,ZARAGOZA,DIURNO,SERVICIO PARTICULAR,TERRESTRE,3-B,"COMPAÑÍA GANADERA MARGARITAS, S.A. DE C.V.",875.00,WGS-84,28,41,2.00,101,46,48.00,4,22,"1,600.00",24.00,ASFALTO,12/09/2017,15 AÑOS,12/09/2032,SEP,2032,SI,VIGENTE,"AEROPUERTO INTERNACIONAL DE PIEDRAS NEGRAS, COAHUILA",,,,,,
SP 210,AERÓDROMO ACUÁTICO,BMS,BAHIA MUJERES,QUINTANA ROO,ISLA MUJERES,DIURNO,SERVICIO PARTICULAR,ACUATICO,1-A,"ON YOUR FACE, S.A. DE C.V.",0.00,WGS-84,21,13,16.00,86,48,12.00,12,30,300.00,20.00,AGUA,26/09/2002,60 DÍAS,SIN AUTORIZACIÓN,NOV,2002,NO,INOPERATIVO,"AEROPUERTO INTERNACIONAL DE CANCUN, QUINTANA ROO",,,,,,
HP 211,HELIPUERTO,HTG,"HELIPUERTO TUXTLA GUTIERREZ
(Proyecto)",CHIAPAS,TUXTLA GUTIERREZ,DIURNO,SERVICIO PARTICULAR,SUPERFICIE,H-1,COMISION FEDERAL DE ELECTRICIDAD CFE,NO DISPONIBLE,WGS-84,NO DISPONIBLE,NO DISPONIBLE,NO DISPONIBLE,NO DISPONIBLE,NO DISPONIBLE,NO DISPONIBLE,,,,,,PROYECTO,,PROYECTO,ENE,2008,NO,INOPERATIVO,"AEROPUERTO DE TUXTLA GUTIERREZ, CHIAPAS",,,,,,
HP 212,BARCO-HELIPUERTO,HBE,BONNIE,CHIAPAS,TAPACHULA,DIURNO,SERVICIO PARTICULAR,HELIPUERTO MIXTO,H-1,"PESCA AZTECA, S.A. DE C.V.",10.00,NO APLICA,NO APLICA,NO APLICA,NO APLICA,NO APLICA,NO APLICA,NO APLICA,,,,,,21/09/2022,15 AÑOS,21/09/2037,SEP,2037,SI,VIGENTE,"AEROPUERTO INTERNACIONAL DE TAPACHULA, CHIAPAS",,,,,,
SP 213,AERÓDROMO,PLE,RANCHO PRODUCTOR DE LECHE VILLA AHUMADA,CHIHUAHUA,VILLA AHUMADA,DIURNO,SERVICIO PARTICULAR,TERRESTRE,1-A,"RANCHO PRODUCTOR DE LECHE VILLA AHUMADA, S.A. DE  C.V.","1,228.60",WGS-84,30,28,33.00,106,30,26.00,17,35,"1,160.00",20.00,TERRACERÍA,22/08/2019,14 AÑOS,10/12/2033,DIC,2033,SI,VIGENTE,"AEROPUERTO INTERNACIONAL DE CIUDAD JUAREZ, CHIHUAHUA",,,,,,
SP 214,AERÓDROMO,BLO,EL BOLSON,SINALOA,NAVOLATO,DIURNO,SERVICIO PARTICULAR,TERRESTRE,1-A,CARLOS EDUARDO LEY CONTRERAS,34.00,WGS-84,24,47,42.00,107,43,23.00,18,36,800.00,10.00,ASFALTO,18/05/2009,5 AÑOS,18/05/2014,MAY,2014,NO,INOPERATIVO,"AEROPUERTO INTERNACIONAL DE CULIACAN, SINALOA",,,,,,
SP 215,AERÓDROMO,SRW,SANTA ROSA,DURANGO,TAMAZULA,DIURNO,SERVICIO PARTICULAR,TERRESTRE,1-A,HERACLIO RODRIGUEZ QUEZADA,800.00,,25,20,40.00,107,6,7.00,9,27,400.00,10.00,TERRACERÍA,22/07/2003,90 DÍAS,22/10/2003,OCT,2003,NO,INOPERATIVO,"AEROPUERTO INTERNACIONAL DE DURANGO, DURANGO",,,,,,
HP 216,HELIPUERTO,HHT,ISSSTE TULTITLAN,ESTADO DE MEXICO,TULTITLAN,DIURNO,SERVICIO PARTICULAR,ELEVADO,H-1,INSTITUTO DE SEGURIDAD Y SERVICIOS SOCIALES DE LOS TRABAJADORES DEL ESTADO (ISSSTE TULTITLAN),"2,267.00",WGS-84,19,37,35.30,99,9,48.40,,,,,,11/03/2015,30 AÑOS,11/03/2045,MAR,2045,SI,VIGENTE,"AEROPUERTO INTERNACIONAL DE LA CIUDAD DE MEXICO, CIUDAD DE MEXICO",,,,,,
SP 217,AERÓDROMO,XIC,XICOTENCATL,TAMAULIPAS,XICOTENCATL,DIURNO,SERVICIO PARTICULAR,TERRESTRE,2-B,"COMPAÑIA AZUCARERA DEL RIO GUAYALEJO, S.A. DE C.V.",84.00,WGS-84,22,57,3.00,98,56,35.00,1,19,"1,270.00",20.00,ASFALTO,27/07/2006,5 AÑOS,27/07/2011,JUL,2011,NO,INOPERATIVO,"AEROPUERTO DE CIUDAD VICTORIA, TAMAULIPAS",,,,,,
SP 219,AERÓDROMO,DAS,DOS AMIGOS ,BAJA CALIFORNIA,ENSENADA,DIURNO,SERVICIO PARTICULAR,TERRESTRE,2-A,FORTINO HEREDIA VILLEGAS Y/O LIBRADO HEREDIA VILLEGAS,80.00,WGS-84,30,30,22.40,115,53,11.70,13,31,"1,100.00",15.00,TERRACERÍA,11/10/2001,90 DÍAS,SIN AUTORIZACIÓN,ENE,2002,NO,INOPERATIVO,"AEROPUERTO INTERNACIONAL DE ENSENADA, BAJA CALIFORNIA",,,,,,
SP 220,AERÓDROMO,RFE,SAN RAFAEL,CHIHUAHUA,VILLA AHUMADA,DIURNO,SERVICIO PARTICULAR,TERRESTRE,2-B,"DESPEPITADOR SAN RAFAEL, S.P.R. DE R.I.","1,188.00",,30,30,0.00,106,32,0.00,9,27,"1,200.00",20.00,TERRACERÍA,14/09/1994,2 AÑOS,SIN AUTORIZACIÓN,SEP,1996,NO,INOPERATIVO,"AEROPUERTO INTERNACIONAL DE CHIHUAHUA, CHIHUAHUA",,,,,,
SP 221,AERÓDROMO,LNY,RANCHO LAGUNA VISTA,TAMAULIPAS,SAN FERNANDO,DIURNO,SERVICIO PARTICULAR,TERRESTRE,2-A,ROGER GERDES BELLUPS,12.00,,24,47,43.00,97,50,58.00,15,33,"1,300.00",15.00,TERRACERÍA,16/08/2002,90 DÍAS,SIN AUTORIZACIÓN,OCT,2002,NO,INOPERATIVO,"AEROPUERTO INTERNACIONAL DE MATAMOROS, TAMAULIPAS",,,,,,
SP 222,AERÓDROMO,LPJ,LA POZA,VERACRUZ,PANUCO,DIURNO,SERVICIO PARTICULAR,TERRESTRE,1-A,JOSE LUIS SANDOVAL KOLANSINSKY,10.00,NAD 27,22,7,42.00,98,12,18.00,1,19,620.00,18.00,TERRACERÍA,11/01/2011,5 AÑOS,11/01/2016,ENE,2016,NO,INOPERATIVO,"AEROPUERTO INTERNACIONAL DE TAMPICO, TAMAULIPAS",,,,,,
SP 223,AERÓDROMO,CBB,CERRO BOLA,SINALOA,SAN IGNACIO,DIURNO,SERVICIO PARTICULAR,TERRESTRE,1-A,EJIDO LIMON DE LOS CASTAÑEDAS,884.00,WGS-84,24,4,16.00,106,13,40.00,17,35,300.00,10.00,TERRACERÍA,24/03/2010,180 DIAS,24/09/2010,SEP,2010,NO,INOPERATIVO,"AEROPUERTO INTERNACIONAL DE CULIACAN, SINALOA",,,,,,
SP 224,AERÓDROMO,PAV,PAVLOVICH AVIATION,SONORA,HERMOSILLO,DIURNO,SERVICIO PARTICULAR,TERRESTRE,1-A,HÉCTOR RAFAEL PAVLOVICH ZAMORA,170.00,WGS-84,28,59,53.00,111,3,9.00,10,28,600.00,50.00,TERRACERÍA,24/03/2010,180 DIAS,24/09/2010,SEP,2010,NO,INOPERATIVO,"AEROPUERTO INTERNACIONAL DE HERMOSILLO, SONORA",,,,,,
SP 225,AERÓDROMO,,EL TORO,COAHUILA,CUATRO CIENEGAS,DIURNO,SERVICIO PARTICULAR,TERRESTRE,1-A,MARICELA VILLARREAL CANTÚ,"1,524.00",WGS-84,26,15,45.60,102,7,21.70,17,35,800.00,20.00,TERRACERÍA,17/12/2010,180 DIAS,17/06/2011,JUN,2011,NO,INOPERATIVO,"AEROPUERTO INTERNACIONAL ""PLAN DE GUADALUPE"" DE RAMOS ARIZPE, COAH.",,,,,,
SP 226,AERÓDROMO,JFV,FARIAS,MICHOACÁN,TEPALCATEPEC,DIURNO,SERVICIO PARTICULAR,TERRESTRE,1-B,JESUS FARIAS VALENCIA,400.00,,19,10,0.00,102,51,30.00,12,30,400.00,10.00,TERRACERÍA,29/04/2011,180 DIAS,29/10/2011,OCT,2011,NO,INOPERATIVO,"AEROPUERTO DE URUAPAN, MICHOACAN",,,,,,
SP 227,AERÓDROMO,TEO,TECOLOTLAN,JALISCO,TECOLOTLAN,DIURNO,SERVICIO PARTICULAR,TERRESTRE,2-A,C. RICARDO RAMIREZ LOPEZ,"1,265.00",,20,12,0.00,104,5,0.00,16,34,985.00,20.00,TERRACERÍA,12/01/1998,180 DIAS,SIN AUTORIZACIÓN,JUL,1998,NO,INOPERATIVO,"AEROPUERTO INTERNACIONAL DE GUADALAJARA, JALISCO",,,,,,
SP 228,AERÓDROMO,LBG,LA BEGOÑA ,GUANAJUATO,DR. MORA,DIURNO,SERVICIO PARTICULAR,TERRESTRE,2-A,"LA ESTACADA, S.A. DE C.V.","2,052.00",WGS-84,21,7,34.00,100,24,22.00,5,23,"1,600.00",20.00,ASFALTO,06/01/2017,15 AÑOS,06/01/2032,ENE,2032,SI,VIGENTE,"AEROPUERTO DE CELAYA, GUANAJUATO",,,,,,
SP 229,AERÓDROMO,CUV,LA CURVA,MICHOACÁN,MUGICA,DIURNO,SERVICIO PARTICULAR,TERRESTRE,1-A,CARLOS ROBERTO SILVA VALENCIA,350.00,WGS-84,18,59,17.00,102,5,6.00,14,32,500.00,6.00,ASFALTO,31/08/2022,15 AÑOS,31/08/2037,AGO,2037,SI,VIGENTE,"AEROPUERTO DE URUAPAN, MICHOACAN",,,,,,
SP 230,AERÓDROMO,MAG,PISTA MAGAÑA,BAJA CALIFORNIA,ENSENADA,DIURNO,SERVICIO PARTICULAR,TERRESTRE,2-A,"PRODUCTORA AGRÍCOLA HERMANOS MAGAÑA, S. DE R.L. DE C.V.",48.00,WGS-84,30,39,0.00,115,57,0.00,11,29,"1,217.00",20.00,TERRACERÍA,26/11/2019,15 AÑOS,26/11/2034,NOV,2034,SI,VIGENTE,"AEROPUERTO INTERNACIONAL DE ENSENADA, BAJA CALIFORNIA",,,,,,
SP 231,AERÓDROMO,RGE,RANCHO GRANDE,SONORA,CARBO,DIURNO,SERVICIO PARTICULAR,TERRESTRE,2-A,JOSE JESUS FIMBRES MORENO,716.00,NAD 27,29,49,24.00,111,14,50.00,13,31,"1,100.00",12.00,TERRACERÍA,31/07/2002,5 AÑOS,31/07/2007,JUL,2007,NO,INOPERATIVO,"AEROPUERTO INTERNACIONAL DE HERMOSILLO, SONORA",,,,,,
SP 232,AERÓDROMO,RBY,LOS BAYOS,TAMAULIPAS,ALDAMA,DIURNO,SERVICIO PARTICULAR,TERRESTRE,1-B,JUAN JOSE SIMON DIAZ                  ,411.00,,23,4,15.00,97,58,8.00,13,31,500.00,18.00,TERRACERÍA,30/10/2000,5 AÑOS,30/10/2005,OCT,2005,NO,INOPERATIVO,"AEROPUERTO INTERNACIONAL DE TAMPICO, TAMAULIPAS",,,,,,
SP 233,AERÓDROMO,SPN,SAN PANTALEON,SINALOA,CHOIX,DIURNO,SERVICIO PARTICULAR,TERRESTRE,1-A,ROSARIO ROMERO PORTILLO,485.00,WGS-84,26,39,11.70,108,5,39.50,3,21,400.00,10.00,TERRACERÍA,13/10/2004,180 DIAS,13/04/2005,ABR,2005,NO,INOPERATIVO,"AEROPUERTO INTERNACIONAL DE LOS MOCHIS, SINALOA",,,,,,
SP 234,AERÓDROMO,VLL,VALLECITOS,SINALOA,BADIRAGUATO,DIURNO,SERVICIO PARTICULAR,TERRESTRE,1-A,POMPOSO LUGO PARRA,NO DISPONIBLE,WGS-84,25,43,7.60,107,9,26.20,,,350.00,10.00,TERRACERÍA,SIN AUTORIZACIÓN,,SIN AUTORIZACIÓN,ENE,2005,NO,INOPERATIVO,"AEROPUERTO INTERNACIONAL DE CULIACAN, SINALOA",,,,,,
SP 235,AERÓDROMO,DEI,DELICIAS,BAJA CALIFORNIA,ENSENADA,DIURNO,SERVICIO PARTICULAR,TERRESTRE,1-A,JESUS CASTRO CASTAÑEDA,17.00,NAD 27,30,44,11.52,114,42,1.50,3,21,640.00,20.00,TERRACERÍA,20/02/2006,5 AÑOS,20/02/2011,FEB,2011,NO,INOPERATIVO,"AEROPUERTO INTERNACIONAL DE SAN FELIPE, BAJA CALIFORNIA",,,,,,
SP 236,AERÓDROMO,RDL,DELTA,TAMAULIPAS,ALTAMIRA,DIURNO,SERVICIO PARTICULAR,TERRESTRE,1-A,ENRIQUE JEFFRIES RODRIGUEZ,19.00,WGS-84,23,35,22.10,98,9,45.90,18,36,820.00,8.00,ASFALTO,04/05/2015,15 AÑOS,04/05/2035,SEP,2035,SI ,VIGENTE,"AEROPUERTO INTERNACIONAL DE TAMPICO, TAMAULIPAS",,,,,,
SP 237,AERÓDROMO,LDV,LINDAVISTA,TAMAULIPAS,ALTAMIRA,DIURNO,SERVICIO PARTICULAR,TERRESTRE,1-A,ENRIQUE JEFFRIES RODRIGUEZ ,45.00,WGS-84,22,32,28.90,98,16,51.90,9,27,"1,000.00",15.00,ASFALTO,04/05/2020,15 AÑOS,04/05/2035,MAY,2035,SI,VIGENTE,"AEROPUERTO INTERNACIONAL DE TAMPICO, TAMAULIPAS",,,,,,
SP 238,AERÓDROMO,LBS,LOS BARAJAS,MICHOACÁN,PARÁCUARO,DIURNO,SERVICIO PARTICULAR,TERRESTRE,1-A,SAMUEL BARAJAS FIGUEROA,340.00,WGS-84,19,0,0.50,102,13,3.19,2,20,450.00,12.00,ASFALTO,05/02/2014,15 AÑOS,05/02/2029,FEB,2029,SI,VIGENTE,"AEROPUERTO DE URUAPAN, MICHOACAN",,,,,,
SP 239,AERÓDROMO,TRX,TERAS,SONORA,CAJEME,DIURNO,SERVICIO PARTICULAR,TERRESTRE,1-A,ROCIO DOMINGA SORIA SORIA,NO DISPONIBLE,WGS-84,27,13,34.00,110,0,4.00,8,26,600.00,18.00,TERRACERÍA,SIN AUTORIZACIÓN,,SIN AUTORIZACIÓN,ENE,2008,NO,INOPERATIVO,"AEROPUERTO INTERNACIONAL DE CIUDAD OBREGON, SONORA",,,,,,
SP 240,AERÓDROMO,AES,EL SOCORRO,SONORA,HERMOSILLO,DIURNO,SERVICIO PARTICULAR,TERRESTRE,1-A,"AERODROMO EL SOCORRO, S.A. DE C.V.",90.00,,28,57,9.26,111,15,13.41,5,23,700.00,18.00,TERRACERÍA,21/08/2006,180 DIAS,21/02/2007,FEB,2007,NO,INOPERATIVO,"AEROPUERTO INTERNACIONAL DE HERMOSILLO, SONORA",,,,,,
SP 241,AERÓDROMO,TAW,BASE TAMAZULA,SINALOA,NAVOLATO,DIURNO,SERVICIO PARTICULAR,TERRESTRE,1-A,JUAN FRANCISCO MURILLO GASTELUM Y/O MANUEL BALLESTEROS LOPEZ,25.00,NAD 27,24,39,39.00,107,32,30.00,7,25,480.00,10.00,ASFALTO,27/10/2010,180 DIAS,27/04/2011,ABR,2011,NO,INOPERATIVO,"AEROPUERTO INTERNACIONAL DE CULIACAN, SINALOA",,,,,,
SP 242,AERÓDROMO,LPR,LA LAGUNA DEL PALMAR,SINALOA,BADIRAGUATO,DIURNO,SERVICIO PARTICULAR,TERRESTRE,1-A,ESTREBERTO RIVERA LOPEZ,"2,528.00",,25,34,58.00,107,33,25.00,,,,,TERRACERÍA,SIN AUTORIZACIÓN,,SIN AUTORIZACIÓN,JUN,2002,NO,INOPERATIVO,"AEROPUERTO INTERNACIONAL DE CULIACAN, SINALOA",,,,,,
SP 243,AERÓDROMO,LPO,LA PALMOSA,COAHUILA,CUATRO CIENEGAS,DIURNO,SERVICIO PARTICULAR,TERRESTRE,1-A,PRISCILIANO FELIX VILLARREAL VILLARREAL,NO DISPONIBLE,,26,23,43.00,101,47,9.00,,,,,TERRACERÍA,SIN AUTORIZACIÓN,SIN AUTORIZACIÓN,SIN AUTORIZACIÓN,ENE,2008,NO,INOPERATIVO,"AEROPUERTO INTERNACIONAL ""PLAN DE GUADALUPE"" DE RAMOS ARIZPE, COAH.",,,,,,
SP 244,AERÓDROMO,UJI,EL JABALI ,COLIMA,COMALA,DIURNO,SERVICIO PARTICULAR Y A TERCEROS,TERRESTRE,1-A,"HACIENDA SAN ANTONIO, S.A. DE C.V ",1.290.00,WGS-84,19,26,55.21,103,41,2.50,10,28,"1,300.00",20.00,TERRACERÍA,15/04/2014,15 AÑOS,15/04/2029,ABR,2029,SI,VIGENTE,AEROPUERTO NACIONAL DE COLIMA,,,,,,
HP 245,HELIPUERTO,HZE,HOSPITAL ZAMBRANO HELLION,NUEVO LEÓN,SAN PEDRO GARZA GARCIA ,DIURNO Y NOCTURNO,SERVICIO PARTICULAR Y A TERCEROS,ELEVADO,H-2,"INSTITUTO TECNOLOGICO Y DE ESTUDIOS SUPERIORES DE MONTERREY, A.C.",665.00,WGS-84,25,38,48.60,100,20,3.20,,,,,,28/03/2017,15 AÑOS,28/03/2032,MAR,2032,SI,VIGENTE,"AEROPUERTO INTERNACIONAL DE MONTERREY, NUEVO LEON",,,,,,
HP 246,HELIPUERTO,HIG,ITAM SANTA TERESA,CIUDAD DE MÉXICO,MAGDALENA CONTRERAS,DIURNO,SERVICIO PARTICULAR,ELEVADO,H-1,"ASOCIACIÓN MEXICANA DE CULTURA, A.C.","2,550.00",WGS-84,19,18.00,40.50,99,13,24.10,,,,,,08/02/2018,15 AÑOS,08/02/2033,FEB,2033,SI,VIGENTE,"AEROPUERTO INTERNACIONAL DE LA CIUDAD DE MEXICO, CIUDAD DE MEXICO",,,,,,
HP 247,HELIPUERTO,HIB,"INMOBILIARIA ARCOS BOSQUES
(Proyecto)",ESTADO DE MEXICO,CUAJIMALPA,DIURNO,SERVICIO PARTICULAR,ELEVADO,H-1,INMOBILIARIA ARCOS BOSQUES,"2,619.00",WGS-84,19,23,11.55,99,15,8.69,,,,,,PROYECTO,,SIN AUTORIZACIÓN,DIC,2007,NO,INOPERATIVO,"AEROPUERTO INTERNACIONAL DE LA CIUDAD DE MEXICO, CIUDAD DE MEXICO",,,,,,
SP 248,AERÓDROMO,WYN,"PARAISO
(Proyecto)",TAMAULIPAS,GONZALEZ,DIURNO,SERVICIO PARTICULAR,TERRESTRE,1-A,BORDERS MELON S.P.R. DE R.L.,PENDIENTE,WGS-84,PENDIENTE,PENDIENTE,PENDIENTE,PENDIENTE,PENDIENTE,PENDIENTE,PENDIENTE,PENDIENTE,PENDIENTE,PENDIENTE,TERRACERÍA,PROYECTO,,SIN AUTORIZACIÓN,DIC,2008,NO,INOPERATIVO,"AEROPUERTO INTERNACIONAL DE TAMPICO, TAMAULIPAS",,,,,,
SP 249,AERÓDROMO,CML,HACIENDA CUAJOMULCO,COAHUILA,MORELOS,DIURNO,SERVICIO PARTICULAR,TERRESTRE,2-A,"HACIENDA CUAJOMULCO, S.A. DE C.V.",423.00,WGS-84,28,22,16.00,100,54,43.00,8,26,940.00,28.00,TERRACERÍA,21/04/2004,180 DIAS,21/10/2004,OCT,2004,NO,INOPERATIVO,"AEROPUERTO INTERNACIONAL DE PIEDRAS NEGRAS, COAHUILA",,,,,,
SP 250,AERÓDROMO,MES,LAS CARMENES,TAMAULIPAS,ALDAMA,DIURNO,SERVICIO PARTICULAR,TERRESTRE,2-A,TOMAS GOMEZ ALVARADO,20.00,NAD 27,23,5,30.00,97,48,30.00,13,31,"1,000.00",20.00,TERRACERÍA,20/09/2000,60 DÍAS,SIN AUTORIZACIÓN,NOV,2000,NO,INOPERATIVO,"AEROPUERTO INTERNACIONAL DE TAMPICO, TAMAULIPAS",,,,,,
SP 251,AERÓDROMO,RPO,RANCHO EL PRIOR,TAMAULIPAS,ALTAMIRA,DIURNO,SERVICIO PARTICULAR,TERRESTRE,1-A,RODRIGO MARTINEZ DOMINGUEZ,60.00,,22,27,45.00,97,58,45.00,9,27,700.00,16.00,TERRACERÍA,05/12/2006,180 DIAS,05/06/2007,JUN,2007,NO,INOPERATIVO,"AEROPUERTO INTERNACIONAL DE TAMPICO, TAMAULIPAS",,,,,,
SP 252,AERÓDROMO,MDH,MESA DE LOS HUICHOLES,NAYARIT,EL NAYAR,DIURNO,SERVICIO PARTICULAR,TERRESTRE,1-A,"H. AYUNTAMIENTO CONSTITUCIONAL  EL NAYAR, NAYARIT","1,147.00",WGS-84,22,15,11.00,104,58,15.10,1,19,520.00,25.00,TERRACERÍA,27/11/2002,90 DÍAS,27/02/2003,FEB,2003,NO,INOPERATIVO,"AEROPUERTO DE TEPIC, NAYARIT",,,,,,
SP 253,AERÓDROMO,RLM,LOS MANUELES,TAMAULIPAS,SOTO LA MARINA,DIURNO,SERVICIO PARTICULAR,TERRESTRE,1-A,MANUEL SANTOS RAVIZE MATIENZO,86.00,WGS-84,23,26,29.47,97,52,32.24,9,27,700.00,15.00,ASFALTO,09/03/2016,15 AÑOS,09/03/2031,MAR,2031,SI,VIGENTE,"AEROPUERTO INTERNACIONAL DE TAMPICO, TAMAULIPAS",,,,,,
SP 254,AERÓDROMO,JPL,JOSE DE JESUS PALACIOS LOPEZ,SINALOA,NAVOLATO,DIURNO,SERVICIO PARTICULAR,TERRESTRE,1-A,JOSE DE JESUS PALACIOS LOPEZ,10.00,,24,52,50.50,107,46,59.60,8,26,"1,000.00",10.00,TERRACERÍA,15/08/2000,5 AÑOS,15/08/2005,AGO,2005,NO,INOPERATIVO,"AEROPUERTO INTERNACIONAL DE CULIACAN, SINALOA",,,,,,
SP 255,AERÓDROMO,PSV,PERSEVERANCIA,CHIAPAS,TONALA,DIURNO,SERVICIO PARTICULAR,TERRESTRE,1-A,PERSEVERANCIA SAN JOSE S.P.R. DE R.L.,80.00,,15,52,0.00,93,31,0.00,4,22,700.00,30.00,TERRACERÍA,05/04/2006,180 DIAS,05/10/2006,OCT,2006,NO,INOPERATIVO,"AEROPUERTO DE TUXTLA GUTIERREZ, CHIAPAS",,,,,,
SP 256,AERÓDROMO,LGU,LA LAGUNA,TAMAULIPAS,SOTO LA MARINA,DIURNO,SERVICIO PARTICULAR,TERRESTRE,2-A,MARÍA DE LA LUZ TREVIÑO QUIROGA,36.00,WGS-84,23,42,51.40,97,49,35.60,15,33,"1,000.00",15.00,ASFALTO,25/05/2022,15 AÑOS,25/05/2037,MAY,2037,SI,VIGENTE,"AEROPUERTO DE CIUDAD VICTORIA, TAMAULIPAS",,,,,,
SP 257,AERÓDROMO,PXE,PISTA CAMPECHE,BAJA CALIFORNIA,MEXICALI,DIURNO,SERVICIO PARTICULAR,TERRESTRE,1-A,"SERVICIOS ESPECIALES DEL VALLE, S.P.R. DE R.L.",27.00,,32,33,4.30,115,0,28.00,10,28,660.00,10.00,TERRACERÍA,27/07/2006,180 DIAS,27/01/2007,ENE,2007,NO,INOPERATIVO,"AEROPUERTO INTERNACIONAL DE MEXICALI, BAJA CALIFORNIA",,,,,,
SP 258,AERÓDROMO,RCX,RANCHO SAN CRISTOBAL,BAJA CALIFORNIA SUR,MULEGE,DIURNO,SERVICIO PARTICULAR,TERRESTRE,1-A,"BIOPARQUE TURISTICO Y AGROMARINO RANCHO SAN CRISTOBAL, S.P.R. DE R.I.",5.00,WGS-84,26,48,40.21,113,10,24.17,18,36,"1,091.00",17.00,TERRACERÍA,17/02/2022,15 AÑOS,17/02/2037,FEB,2037,SI ,VIGENTE,"AEROPUERTO INTERNACIONAL DE LORETO, BAJA CALIFORNIA SUR",,,,,,
HP 259,HELIPUERTO,HSO,HELIPUERTO SEFUVER,VERACRUZ,MARLIO FABIO ALTAMIRANO,DIURNO,SERVICIO PARTICULAR,SUPERFICIE,H-1,SOFIA REBOLLEDO LIBRERO,22.50,,19,10,48.13,96,19.00,11.31,,,,,,SIN AUTORIZACIÓN,,SIN AUTORIZACIÓN,,,NO,INOPERATIVO,"AEROPUERTO INTERNACIONAL DE TAMPICO, TAMAULIPAS",,,,,,
SP 260,AERÓDROMO,SJK,SAN JACINTO,DURANGO,MAPIMI,DIURNO,SERVICIO PARTICULAR,TERRESTRE,2-A,"LAS AMARILLAS COMPAÑÍA GANADERA, S.A. DE C.V.","1,700.00",WGS-84,25,53,57.40,103,59,19.30,7,25,"1,000.00",30.00,TERRACERÍA,26/01/2016,180 DIAS,26/07/2016,JUL,2016,NO,INOPERATIVO,"AEROPUERTO INTERNACIONAL DE DURANGO, DURANGO",,,,,,
HP 261,HELIPUERTO,,LAS GAVIOTAS,GUERRERO,ACAPULCO DE JUÁREZ,DIURNO,SERVICIO PARTICULAR,SUPERFICIE,H-1,HILDA AVILA CAMACHO CAZZAZA,12.00,,16,50,5.75,99,53,42.00,,,,,,06/03/2002,180 DIAS,SIN AUTORIZACIÓN,SEP,2002,NO,INOPERATIVO,"AEROPUERTO INTERNACIONAL DE ACAPULCO, GUERRERO",,,,,,
SP 262,AERÓDROMO,CYO,RANCHO EL COYOTE,COAHUILA,GUERRERO,DIURNO,SERVICIO PARTICULAR,TERRESTRE,1-A,OSCAR RODRIGUEZ TIJERINA,240.00,WGS-84,27,56,57.65,100,17,4.49,9,27,900.00,50.00,TERRACERÍA,22/02/2017,15 AÑOS,22/02/2031,FEB,2031,SI,VIGENTE,"AEROPUERTO INTERNACIONAL DE PIEDRAS NEGRAS, COAHUILA",,,,,,
SP 263,AERÓDROMO,LVO,LEONA VICARIO,BAJA CALIFORNIA,MEXICALI,DIURNO,SERVICIO PARTICULAR,TERRESTRE,1-A,C. JORGE LUIS DIAZ MALDONADO,11.00,WGS-84,32,7,13.00,115,10,3.00,17,35,600.00,25.00,TERRACERÍA,26/06/2013,5 AÑOS,26/06/2018,JUN,2018,NO,INOPERATIVO,"AEROPUERTO INTERNACIONAL DE ENSENADA, BAJA CALIFORNIA",,,,,,
HP 264,HELIPUERTO,HGP,GNP,CIUDAD DE MÉXICO,COYOACÁN,DIURNO,SERVICIO PARTICULAR,SUPERFICIE,H-1,"GRUPO NACIONAL PROVINCIAL, S.A.B.","2,240.00",WGS-84,19,20,48.00,99,7,42.40,,,,,,08/03/2018,15 AÑOS,08/03/2033,MAR,2033,SI,VIGENTE,"AEROPUERTO INTERNACIONAL DE LA CIUDAD DE MEXICO, CIUDAD DE MEXICO",,,,,,
SP 265,AERÓDROMO,BSO,BAHIA SOLEDAD,BAJA CALIFORNIA,ENSENADA,DIURNO,SERVICIO PARTICULAR,TERRESTRE,1-A,ARMANDO ARTURO LEON LOPEZ,4.00,WGS-84,31,35,2.50,116,38,57.50,1,19,600.00,12.00,TERRACERÍA,20/03/2006,5 AÑOS,20/03/2011,MAR,2011,NO,INOPERATIVO,"AEROPUERTO INTERNACIONAL DE ENSENADA, BAJA CALIFORNIA",,,,,,
SP 266,AERÓDROMO,LPM,LA PALMA,COAHUILA,MUZQUIZ,DIURNO,SERVICIO PARTICULAR,TERRESTRE,2-A,MARIA IMELDA VERA ZORRILLA,"1,309.00",WGS-84,28,32,27.00,102,23,53.00,15,33,"2,000.00",12.00,TERRACERÍA,10/12/2012,180 DIAS,10/06/2013,JUN,2013,NO,INOPERATIVO,"AEROPUERTO INTERNACIONAL DE CIUDAD ACUÑA, COAHUILA",,,,,,
SP 267,AERÓDROMO,CGU,CACARAGUAS,SINALOA,CULIACAN,DIURNO,SERVICIO PARTICULAR,TERRESTRE,1-A,LEOPOLDO LEÓN SÁNCHEZ,46.00,WGS-84,24,53,30.90,107,35,6.00,7,25,700.00,10.00,TERRACERÍA,16/05/2014,15 AÑOS,16/05/2029,MAY,2029,SI,VIGENTE,"AEROPUERTO INTERNACIONAL DE CULIACAN, SINALOA",,,,,,
SP 268,AERÓDROMO,LJA,LA JAIBA,TAMAULIPAS,SOTO LA MARINA,DIURNO,SERVICIO PARTICULAR,TERRESTRE,1-A,MIGUEL ANGEL GARZA TREVIÑO,131.00,,23,44,30.00,98,13,20.00,18,36,"1,300.00",9.00,TERRACERÍA,06/01/2014,5 AÑOS,06/01/2019,ENE,2019,NO,INOPERATIVO,"AEROPUERTO INTERNACIONAL DE TAMPICO, TAMAULIPAS",,,,,,
SP 269,AERÓDROMO,REB,"RANCHO EBANOS
(Proceso de cierre total)",TAMAULIPAS,SOTO LA MARINA,DIURNO,SERVICIO PARTICULAR,TERRESTRE,2-B,ANDRES CASO LOMBARDO                ,10.00,,23,28,52.38,97,47,18.60,18,36,"1,000.00",30.00,ASFALTO,14/06/2007,180 DIAS,14/12/2007,DIC,2007,NO,INOPERATIVO,"AEROPUERTO INTERNACIONAL DE TAMPICO, TAMAULIPAS",,,,,,
SP 270,AERÓDROMO,PIO,EL PINOCHO ,MICHOACÁN,ZITACUARO,DIURNO,SERVICIO PARTICULAR,TERRESTRE,1-A,"SERVICIOS AEROPORTUARIOS MICHOACANOS, S.A. DE C.V.",NO DISPONIBLE,WGS-84,19,28,60.20,100,26,37.50,18,36,"1,800.00",30.00,ASFALTO,SIN AUTORIZACIÓN,,SIN AUTORIZACIÓN,ENE,2008,NO,INOPERATIVO,"AEROPUERTO DE URUAPAN, MICHOACAN",,,,,,
SP 271,AERÓDROMO,ACK,AERÓDROMO CUTZARONDIRO,MICHOACÁN,TACÁMBARO,DIURNO,SERVICIO PARTICULAR,TERRESTRE,1-A,carlos villagomes tejeda,"1,400.00",WGS-84,19,10,41.00,101,29,59.00,8,26,545.00,12.00,TERRACERÍA,24/04/2010,5 AÑOS,24/04/2015,ABR,2015,NO,INOPERATIVO,"AEROPUERTO DE URUAPAN, MICHOACAN",,,,,,
SP 272,AERÓDROMO,POE,EL POTRERO,COAHUILA,JUÁREZ,DIURNO,SERVICIO PARTICULAR,TERRESTRE,1-A,JAVIER L. BARRAGAN VILLARREAL,300.00,NAD 27,27,36,30.00,100,44,35.00,11,29,800.00,20.00,TERRACERÍA,25/02/2009,5 AÑOS,25/02/2014,FEB,2014,NO,INOPERATIVO,"AEROPUERTO INTERNACIONAL DE MONCLOVA, COAHUILA",,,,,,
HP 273,HELIPUERTO,HTH,TORRE DEL CASTILLO,CIUDAD DE MÉXICO,MIGUEL HIDALGO,DIURNO,SERVICIO PARTICULAR,ELEVADO,H-1,MIGUEL ALEMAN VELASCO,"2,345.00",WGS-84,19,25,40.20,99,11,16.46,,,,,,03/10/2005,5 AÑOS,03/10/2010,OCT,2010,NO,INOPERATIVO,"AEROPUERTO INTERNACIONAL DE LA CIUDAD DE MEXICO, CIUDAD DE MEXICO",,,,,,
SP 274,AERÓDROMO,SRE,SAN ROBERTO,NUEVO LEÓN,LAMPAZOS,DIURNO,SERVICIO PARTICULAR,TERRESTRE,2-A,ROBERTO LUIS ZAMBRANO VILLARREAL       ,452.00,WGS-84,27,6,15.00,100,49,53.00,7,25,"1,200.00",18.00,TERRACERÍA,21/03/2018,15 AÑOS,21/03/2033,MAR,2033,SI,VIGENTE,"AEROPUERTO INTERNACIONAL DEL NORTE, NUEVO LEON",,,,,,
SP 275,AERÓDROMO,RJA,RANCHO EL JABALI,NUEVO LEÓN,LAMPAZOS,DIURNO,SERVICIO PARTICULAR,TERRESTRE,1-A,DANIEL JOSE ZAMBRANO VILLARREAL        ,383.00,WGS-84,27,11,33.00,100,49,46.00,16,34,860.00,15.00,TERRACERÍA,06/12/2023,15 AÑOS,06/12/2038,DIC,2038,SI,VIGENTE,"AEROPUERTO INTERNACIONAL DEL NORTE, NUEVO LEON",,,,,,
SP 276,AERÓDROMO,ALP,AEROFUMIGACIONES LOPEZ,MICHOACÁN,TEPALCATEPEC,DIURNO,SERVICIO PARTICULAR,TERRESTRE,1-A,REYNALDA PRECIADO ARTEAGA,379.00,WGS-84,19,12,7.00,102,50,13.00,12,30,600.00,10.00,TERRACERÍA,26/03/2014,15 AÑOS,26/03/2029,MAR,2029,SI,VIGENTE,"AEROPUERTO DE URUAPAN, MICHOACAN",,,,,,
SP 277,AERÓDROMO,LLT,LA LOMA,SONORA,TRINCHERAS,DIURNO,SERVICIO PARTICULAR,TERRESTRE,1-A,ARMANDO E. RODRIGUEZ MOLINA            ,610.00,WGS-84,30,36,35.40,111,24,2.00,4,22,900.00,20.00,TERRACERÍA,03/06/2009,180 DIAS,03/12/2009,DIC,2009,NO,INOPERATIVO,"AEROPUERTO INTERNACIONAL DE NOGALES, SONORA",,,,,,
SP 278,AERÓDROMO,MOE,MOCTEZUMA,SAN LUIS POTOSÍ,SAN VICENTE TANCUAYALAB,DIURNO,SERVICIO PARTICULAR,TERRESTRE,1-A,ENRIQUE JEFFRIES RODRIGUEZ            ,23.00,WGS-84,21,55,0.00,98,33,5.00,4,22,850.00,8.50,TERRACERÍA,01/04/2020,15 AÑOS ,01/04/2035,AGO,2035,SI ,VIGENTE ,"AEROPUERTO INTERNACIONAL DE TAMPICO, TAMAULIPAS",,,,,,
SP 279,AERÓDROMO,PEI,LA PEÑITA,TAMAULIPAS,SAN FERNANDO,DIURNO,SERVICIO PARTICULAR,TERRESTRE,1-B,ENRIQUE JEFFRIES RODRIGUEZ            ,70.00,,25,12,30.00,98,12,30.00,13,31,750.00,23.00,TERRACERÍA,27/02/2007,5 AÑOS,27/02/2012,FEB,2012,NO,INOPERATIVO,"AEROPUERTO INTERNACIONAL DE TAMPICO, TAMAULIPAS",,,,,,
SP 280,AERÓDROMO,PHO,PALO CHINO,DURANGO,VILLA HIDALGO,DIURNO,SERVICIO PARTICULAR,TERRESTRE,2-A,FLORENTINO HERNANDEZ SAGAHON          ,"1,863.00",WGS-84,25,46,0.21,104,40,0.64,6,24,"1,200.00",12.00,ASFALTO,26/01/2018,15 AÑOS,26/01/2032,FEB,2032,SI,VIGENTE,"AEROPUERTO INTERNACIONAL DE TORREON, COAHUILA",,,,,,
SP 281,AERÓDROMO,AAB,BRAVO,TAMAULIPAS,RIO BRAVO,DIURNO,SERVICIO PARTICULAR,TERRESTRE,1-A,GILDARDO BRAVO CONTRERAS              ,42.00,WGS-84,25,58,19.90,98,7,9.00,17,35,745.00,20.00,TERRACERÍA,31/03/2004,180 DIAS,30/09/2004,SEP,2004,NO,INOPERATIVO,"AEROPUERTO INTERNACIONAL DE REYNOSA, TAMAULIPAS",,,,,,
SP 282,AERÓDROMO,PFO,PEÑA FLOR,DURANGO,SIMON BOLIVAR,DIURNO,SERVICIO PARTICULAR,TERRESTRE,1-A,ANGEL FERNANDEZ MADRAZO,"1,715.00",,24,33,50.00,103,1,50.00,5,23,900.00,20.00,TERRACERÍA,09/10/2003,180 DIAS,09/04/2004,ABR,2004,NO,INOPERATIVO,"AEROPUERTO INTERNACIONAL DE TORREON, COAHUILA",,,,,,
SP 283,AERÓDROMO,CIX,CUIXMALA,JALISCO,LA HUERTA,DIURNO,SERVICIO PARTICULAR Y A TERCEROS,TERRESTRE,2-A,"COSTA CUIXMALA, S.A. DE C.V.             ",11.00,WGS-84,19,22,48.00,104,59,7.00,5,23,"1,100.00",23.00,TERRACERÍA,24/04/2015,15 AÑOS,24/04/2030,ABR,2030,SI,VIGENTE,"AEROPUERTO INTERNACIONAL DE PUERTO VALLARTA, JALISCO",,,,,,
HP 284,HELIPUERTO,HHA,HOSPITAL ANGELES,CIUDAD DE MÉXICO,MAGDALENA CONTRERAS,DIURNO,SERVICIO PARTICULAR,ELEVADO,H-1,"HOSPITAL ANGELES DEL PEDREGAL, S.A. DE C.V.","2,359.00",WGS-84,19,18,43.40,99,13,13.90,,,,,,26/11/2018,15 AÑOS ,26/11/2033,NOV,2033,SI,VIGENTE ,"AEROPUERTO INTERNACIONAL DE LA CIUDAD DE MEXICO, CIUDAD DE MEXICO",,,,,,
SP 285,AERÓDROMO,HEJ,HUEJOTITAN,CHIHUAHUA,HUEJOTITAN,DIURNO,SERVICIO PARTICULAR,TERRESTRE,1-A,SUFREGIO EFECTIVO,"1,700.00",NAD 27,27,3,30.00,106,10,50.00,4,22,450.00,25.00,TERRACERÍA,SIN AUTORIZACIÓN,,SIN AUTORIZACIÓN,ENE,1997,NO,INOPERATIVO,"AEROPUERTO INTERNACIONAL DE CHIHUAHUA, CHIHUAHUA",,,,,,
HP 286,HELIPUERTO,HGV,GRAL. GUADALUPE VICTORIA,DURANGO,DURANGO,DIURNO,SERVICIO PARTICULAR,SUPERFICIE,H-1,GOBIERNO DEL ESTADO DE DURANGO,"1,857.00",NAD 27,25,7,30.00,104,32,29.00,,,,,,SIN AUTORIZACIÓN,,SIN AUTORIZACIÓN,ENE,2000,NO,INOPERATIVO,"AEROPUERTO INTERNACIONAL DE DURANGO, DURANGO",,,,,,
SP 287,AERÓDROMO,RAM,RANCHO SAN ANTONIO,TAMAULIPAS,CIUDAD MANTE,DIURNO,SERVICIO PARTICULAR,TERRESTRE,1-A,"AEREO FUMIGACIONES AGRICOLAS MANTE, S.C.",89.00,,22,41,43.00,99,1,27.00,17,35,668.00,8.00,ASFALTO,03/08/2007,5 AÑOS,03/08/2012,AGO,2012,NO,INOPERATIVO,"AEROPUERTO DE CIUDAD VICTORIA, TAMAULIPAS",,,,,,
SP 288,AERÓDROMO,COR,PISTA COLORADO,BAJA CALIFORNIA,MEXICALI,DIURNO,SERVICIO PARTICULAR,TERRESTRE,1-A,ILDEFONSO ROCHIO BUERAS               ,20.00,,32,29,0.00,115,22,0.00,15,33,640.00,12.00,TERRACERÍA,12/05/1998,30 DÍAS,SIN AUTORIZACIÓN,JUN,1998,NO,INOPERATIVO,"AEROPUERTO INTERNACIONAL DE MEXICALI, BAJA CALIFORNIA",,,,,,
SP 289,AERÓDROMO,EFE,EL FRATER,VERACRUZ,PANUCO,DIURNO,SERVICIO PARTICULAR,TERRESTRE,2-B,"CITROFRUT, S.A. DE C.V.",18.00,WGS-84,21,56,52.10,98,30,33.00,13,31,"1,070.00",12.00,ASFALTO,26/08/2016,15 AÑOS,26/08/2031,AGO,2031,SI,VIGENTE,"AEROPUERTO INTERNACIONAL DE TAMPICO, TAMAULIPAS",,,,,,
HP 290,HELIPUERTO,HRV,MARITIMA Y SERVICIOS,COLIMA,MANZANILLO,DIURNO,SERVICIO PARTICULAR,SUPERFICIE,H-1,"MARITIMA Y SERVICIOS, S.A. DE C.V.   ",0.00,WGS-84,19,4,47.50,104,17,26.80,,,,,,13/12/2002,5 AÑOS,13/12/2007,DIC,2007,NO,EN TRAMITE,"AEROPUERTO INTERNACIONAL DE MANZANILLO, COLIMA",,,,,,
SP 291,AERÓDROMO,XCA,XCALAC,QUINTANA ROO,OTHON POMPEYO BLANCO,DIURNO,SERVICIO PARTICULAR,TERRESTRE,2-B,"VIP SERVICIOS AEREOS EJECUTIVOS, S.A. DE C.V.",2.00,WGS-84,18,16,2.00,87,51,23.00,11,29,"1,000.00",25.00,ASFALTO,08/03/2016,180 DIAS,08/09/2016,SEP,2016,NO,INOPERATIVO,"AEROPUERTO INTERNACIONAL DE CHETUMAL, QUINTANA ROO",,,,,,
SP 292,AERÓDROMO,BNY,BENNY,TAMAULIPAS,GONZALEZ,DIURNO,SERVICIO PARTICULAR,TERRESTRE,1-A,BERNARDO ANGEL VERLAGE ZAMUDIO        ,87.00,WGS-84,22,44,10.60,98,20,2.60,18,36,730.00,4.60,ASFALTO,22/10/2013,15 AÑOS,22/10/2028,OCT,2028,SI,VIGENTE,"AEROPUERTO INTERNACIONAL DE TAMPICO, TAMAULIPAS",,,,,,
SP 293,AERÓDROMO,LYH,LA YESCA DE HERMOSILLO,SONORA,HERMOSILLO,DIURNO,SERVICIO PARTICULAR,TERRESTRE,1-A,JOSE GERARDO ENCINAS PAREDES          ,186.00,WGS-84,29,0,24.39,111,3,22.10,10,28,"1,000.00",40.00,TERRACERÍA,06/07/2012,5 AÑOS,06/07/2017,JUL,2017,NO,INOPERATIVO,"AEROPUERTO INTERNACIONAL DE HERMOSILLO, SONORA",,,,,,
SP 294,AERÓDROMO,VRO,VALLE DEL ROSARIO,COAHUILA,CUATRO CIENEGAS,DIURNO,SERVICIO PARTICULAR,TERRESTRE,2-A,"FLETES TAURO, S.A. DE C.V 
(MARCO TULIO VALDES CHAVEZ)","1,274.00",WGS-84,26,20,8.30,101,32,42.00,8,26,"1,330.00",20.00,TERRACERÍA,27/01/2012,5 AÑOS,27/01/2017,ENE,2017,NO,EN TRAMITE,"AEROPUERTO INTERNACIONAL ""PLAN DE GUADALUPE"" DE RAMOS ARIZPE, COAH.",,,,,,
SP 295,AERÓDROMO,TRM,KILO,TAMAULIPAS,RIO BRAVO,DIURNO,SERVICIO PARTICULAR,TERRESTRE,1-A,GILDARDO BRAVO REYNA,29.00,WGS-84,25,50,14.16,98,7,2.79,14,32,800.00,18.00,TERRACERÍA,26/01/2018,15 AÑOS,26/01/2033,ENE,2033,SI,VIGENTE,"AEROPUERTO INTERNACIONAL DE REYNOSA, TAMAULIPAS",,,,,,
SP 296,AERÓDROMO,NSJ,SAN JOSE INDEPENDENCIA,VERACRUZ,TRES VALLES,DIURNO,SERVICIO PARTICULAR,TERRESTRE,1-A,ROBERTO SANCHEZ RAMIREZ,6.00,WGS-84,18,23,3.00,96,4,37.00,17,35,750.00,8.00,TERRACERÍA,12/10/2009,180 DIAS,12/04/2010,ABR,2010,NO,INOPERATIVO,"AEROPUERTO INTERNACIONAL DE VERACRUZ, VERACRUZ",,,,,,
SP 297,AERÓDROMO,OZM,ISLA FRONTON,VERACRUZ,OZULUAMA,DIURNO,SERVICIO PARTICULAR,TERRESTRE,1-A,"FOMENTO TURISTICO, S.A. DE C.V.",4.00,,21,48,14.00,97,39,23.00,9,27,700.00,20.00,TERRACERÍA,30/05/2008,5 AÑOS,30/05/2013,MAY,2013,NO,INOPERATIVO,"AEROPUERTO INTERNACIONAL DE VERACRUZ, VERACRUZ",,,,,,
SP 298,AERÓDROMO,RZR,RANCHO LA ZORRA,COAHUILA,PROGRESO,DIURNO,SERVICIO PARTICULAR,TERRESTRE,1-A,ANGEL ANTONIO CUEVA ZAMBRANO,431.00,WGS-84,27,14,43.90,100,58,27.90,9,27,"1,372.00",15.00,TERRACERÍA,26/02/2015,15 AÑOS,26/02/2030,FEB,2030,SI,VIGENTE,"AEROPUERTO INTERNACIONAL DE MONCLOVA, COAHUILA",,,,,,
SP 299,AERÓDROMO,RMV,RANCHO MARINA VIEJA,TAMAULIPAS,SOTO LA MARINA,DIURNO,SERVICIO PARTICULAR,TERRESTRE,2-A,EDUARDO CARDENAS DEL AVELLANO,12.00,,23,44,19.00,98,3,42.00,14,32,"1,600.00",18.00,ASFALTO,15/08/2000,5 AÑOS,15/08/2005,AGO,2005,NO,INOPERATIVO,"AEROPUERTO DE CIUDAD VICTORIA, TAMAULIPAS",,,,,,
SP 300,AERÓDROMO,HSJ,HACIENDA SAN JUAN,TAMAULIPAS,SOTO LA MARINA,DIURNO,SERVICIO PARTICULAR,TERRESTRE,2-A,FERNANDO ALEJANDRO CANO MARTÍNEZ,61.00,,23,53,32.00,98,13,30.00,15,33,"1,500.00",30.00,TERRACERÍA,30/05/2008,5 AÑOS,30/05/2013,MAY,2013,NO,INOPERATIVO,"AEROPUERTO DE CIUDAD VICTORIA, TAMAULIPAS",,,,,,
SP 301,AERÓDROMO,MIA,"MIRAMAR 
(Fallecimiento de Titular)",TAMAULIPAS,SOTO LA MARINA,DIURNO,SERVICIO PARTICULAR,TERRESTRE,2-A,JUAN FRANCISCO ROMERO Y HUXLEY,30.00,WGS-84,23,33,30.00,97,48,15.00,11,29,"1,600.00",14.00,ASFALTO,25/05/2009,5 AÑOS,25/05/2014,MAY,2014,NO,INOPERATIVO,"AEROPUERTO INTERNACIONAL DE MONTERREY, NUEVO LEON",,,,,,
SP 302,AERÓDROMO,EDV,EL DIVISADERO,COAHUILA,OCAMPO,DIURNO,SERVICIO PARTICULAR,TERRESTRE,1-A,ROSA ELIA FELAN LOCES,"1,345.00",WGS-84,27,33,43.36,102,7,12.15,16,34,"1,400.00",14.00,ASFALTO,29/10/2014,15 AÑOS,29/10/2029,OCT,2029,SI,VIGENTE,"AEROPUERTO INTERNACIONAL DEL NORTE, NUEVO LEON",,,,,,
SP 303,AERÓDROMO,SSA,SANTA ANITA SEREASA,COAHUILA,SAN PEDRO DE LAS COLONIAS,DIURNO,SERVICIO PARTICULAR,TERRESTRE,1-A,"SEVICIOS Y REPRESENTACIONES AGROPECUARIAS DE SAN PEDRO DE LAS COLONIAS, S.A. DE C.V.","1,100.00",,25,45,54.00,102,57,4.00,8,26,700.00,15.00,CONCRETO,21/10/2003,180 DIAS,21/04/2004,ABR,2004,NO,INOPERATIVO,"AEROPUERTO INTERNACIONAL DE TORREON, COAHUILA",,,,,,
SP 304,AERÓDROMO,MAC,RANCHO MARIQUITA,TAMAULIPAS,LLERA,DIURNO,SERVICIO PARTICULAR,TERRESTRE,2-A,"DESARROLLADORA LOPARCA, S.A. DE C.V.",867.00,UTM,23,135,13.00,98,41,57.00,13,31,700.00,10.00,TERRACERÍA,09/11/2007,180 DIAS,09/05/2008,SEP,2010,NO,EN TRAMITE,"AEROPUERTO INTERNACIONAL DE TAMPICO, TAMAULIPAS",,,,,,
SP 305,AERÓDROMO,EJJ,EJIDO JUAN ALVAREZ,SONORA,CABORCA,DIURNO,SERVICIO PARTICULAR,TERRESTRE,1-A,"MINERA PENMONT, S DE R.L. DE C.V.",154.00,WGS-84,31,10,7.00,112,48,17.00,1,19,900.00,20.00,TERRACERÍA,13/07/2012,5 AÑOS,13/07/2017,JUL,2017,NO,INOPERATIVO,"AEROPUERTO INTERNACIONAL DE NOGALES, SONORA",,,,,,
SP 306,AERÓDROMO,JOG,SAN JORGE,TAMAULIPAS,SOTO LA MARINA,DIURNO,SERVICIO PARTICULAR,TERRESTRE,1-A,JAIME DE LA VEGA GRAJALES           ,30.00,,23,36,44.90,97,52,38.82,9,27,"1,200.00",15.00,ASFALTO,11/12/2014,15 AÑOS,11/12/2029,DIC,2029,SI,VIGENTE,"AEROPUERTO DE CIUDAD VICTORIA, TAMAULIPAS",,,,,,
SP 307,AERÓDROMO,LFE,LOS FRESNOS,TAMAULIPAS,RIO BRAVO,DIURNO,SERVICIO PARTICULAR,TERRESTRE,1-A,C.P.A. ARMANDO CANTÚ GARZA,27.00,NAD 27,25,55,5.65,98,0,53.92,9,27,800.00,7.00,TERRACERÍA,28/03/2016,15 AÑOS,28/03/2031,MAR,2031,SI,VIGENTE,"AEROPUERTO INTERNACIONAL DE REYNOSA, TAMAULIPAS",,,,,,
SP 308,AERÓDROMO,KHU,CUAUTLA DE HUITZILILLA,MORELOS,AYALA,DIURNO,SERVICIO PARTICULAR,TERRESTRE,2-A,HERMINIO ANRUBIO VARA,"1,227.00",WGS-84,18,42,3.24,98,53,29.96,2,20,880.00,13.00,ASFALTO,14/07/2017,15 AÑOS,14/07/2032,JUL,2032,SI,VIGENTE,"AEROPUERTO INTERNACIONAL DE CUERNAVACA, MORELOS",,,,,,
SP 309,AERÓDROMO,BAO,LOS BARRANCOS,TAMAULIPAS,SOTO LA MARINA,DIURNO,SERVICIO PARTICULAR,TERRESTRE,1-A,GPO AGROINDUSTRIAL ARIAS S.A. DE C.V,505.00,WGS-84,23,38,21.57,98,27,51.90,17,35,620.00,15.00,TERRACERÍA,28/02/2012,5 AÑOS,28/02/2017,FEB,2017,NO,INOPERATIVO,"AEROPUERTO INTERNACIONAL DE TAMPICO, TAMAULIPAS",,,,,,
SP 310,AERÓDROMO,RCB,CARBONERAS,TAMAULIPAS,GONZALEZ,DIURNO,SERVICIO PARTICULAR,TERRESTRE,1-A,"GRUPO AGRO INDUSTRIAL ARIAS, S.A. DE C.V.",143.00,WGS-84,23,14,22.70,97,53,19.70,14,32,900.00,15.00,TERRACERÍA,28/02/2014,15 AÑOS,22/02/2029,FEB,2029,SI,VIGENTE,"AEROPUERTO INTERNACIONAL DE TAMPICO, TAMAULIPAS",,,,,,
SP 311,AERÓDROMO,MTJ,MARAN TIJUANA,BAJA CALIFORNIA,TIJUANA,DIURNO,SERVICIO PARTICULAR,TERRESTRE,1-A,"TEDE COMERCIAL Y SERVICIOS, S.A. DE C.V.",360.00,WGS-84,32,29,57.00,116,45,19.30,9,27,500.00,30.00,TERRACERÍA,SIN AUTORIZACIÓN,,SIN AUTORIZACIÓN,JUL,2009,NO,INOPERATIVO,"AEROPUERTO INTERNACIONAL DE TIJUANA, BAJA CALIFORNIA",,,,,,
SP 312,AERÓDROMO,ELP,EL PELON,CHIHUAHUA,CIUDAD JUAREZ,DIURNO,SERVICIO PARTICULAR,TERRESTRE,2-B,MARIA CRISTINA DIAZ SOSA DE PRIETO,"1,341.00",,27,13,5.00,104,50,28.00,1,19,870.00,20.00,TERRACERÍA,11/06/1998,180 DIAS,SIN AUTORIZACIÓN,JUL,1998,NO,INOPERATIVO,"AEROPUERTO INTERNACIONAL DE CIUDAD JUAREZ, CHIHUAHUA",,,,,,
SP 313,AERÓDROMO,EBJ,RANCHO EL BAJIO,CHIHUAHUA,VILLA AHUMADA,DIURNO,SERVICIO PARTICULAR,TERRESTRE,2-A,RICARDO FUENTES VARELA,"1,280.00",,30,27,2.60,106,31,58.60,9,27,"1,000.00",25.00,TERRACERÍA,18/05/2001,90 DÍAS,SIN AUTORIZACIÓN,AGO,2001,NO,INOPERATIVO,"AEROPUERTO INTERNACIONAL DE CHIHUAHUA, CHIHUAHUA",,,,,,
SP 314,AERÓDROMO,AFC,AEROFUMIGACIONES CASTRO,BAJA CALIFORNIA,MEXICALI,DIURNO,SERVICIO PARTICULAR,TERRESTRE,1-A,GUSTAVO CASTRO LARIOS                    ,28.00,,32,32,36.00,114,55,40.60,8,26,700.00,10.00,TERRACERÍA,15/08/2000,5 AÑOS,15/08/2005,AGO,2010,NO,INOPERATIVO,"AEROPUERTO INTERNACIONAL DE MEXICALI, BAJA CALIFORNIA",,,,,,
SP 315,AERÓDROMO,NOV,LOS NOVILLOS,CHIHUAHUA,CIUDAD JIMENEZ,DIURNO,SERVICIO PARTICULAR,TERRESTRE,2-C, GUILLERMO DAHER RIVERA,"1,433.00",WGS-84,27,31,0.00,104,9,36.13,9,27,"1,000.00",25.00,TERRACERÍA,09/01/2018,180 DIAS,09/07/2018,JUL,2018,NO,INOPERATIVO,"AEROPUERTO INTERNACIONAL DE CHIHUAHUA, CHIHUAHUA",,,,,,
SP 316,AERÓDROMO,SSI,SAN ISIDRO SEREASA,COAHUILA,SAN PEDRO,DIURNO,SERVICIO PARTICULAR,TERRESTRE,1-A,"SEVICIOS Y REPRESENTACIONES AGROPECUARIAS DE SAN PEDRO DE LAS COLONIAS, S.A. DE C.V.","1,100.00",,25,51,39.00,103,7,30.00,8,26,700.00,15.00,TERRACERÍA,04/08/2000,60 DÍAS,SIN AUTORIZACIÓN,OCT,2000,NO,INOPERATIVO,"AEROPUERTO INTERNACIONAL DE TORREON, COAHUILA",,,,,,
HP 317,HELIPUERTO,HFD,FEMSA,NUEVO LEÓN,MONTERREY,DIURNO Y NOCTURNO,SERVICIO PARTICULAR,ELEVADO,H-1,FEMSA SERVICIOS S.A. DE C.V.,578.00,WGS-84,25,41,43.09,100,19,2.92,,,,,,16/05/2017,15 AÑOS,16/05/2032,MAY,2032,SI,VIGENTE,"AEROPUERTO INTERNACIONAL DE MONTERREY, NUEVO LEON",,,,,,
SP 318,AERÓDROMO,PTR,PISTA TRONCON,BAJA CALIFORNIA,MEXICALI,DIURNO,SERVICIO PARTICULAR,TERRESTRE,1-A,MANUEL PÉREZ MENDOZA,28.00,WGS-84,32,33,21.96,114,59,38.48,6,24,500.00,15.00,TERRACERÍA,24/06/2019,15 AÑOS,24/06/2034,JUN,2034,SI ,VIGENTE,"AEROPUERTO INTERNACIONAL DE MEXICALI, BAJA CALIFORNIA",,,,,,
SP 319,AERÓDROMO,RFN,RANCHO SAN FRANCISCO,CHIHUAHUA,CHIHUAHUA,DIURNO,SERVICIO PARTICULAR,TERRESTRE,2-B,ROBERTO ELOY VILLARREAL VALLINA          ,"1,590.00",,28,58,30.00,106,15,30.00,9,27,700.00,15.00,TERRACERÍA,07/04/2000,60 DÍAS,07/06/2000,JUN,2000,NO,INOPERATIVO,"AEROPUERTO INTERNACIONAL DE CHIHUAHUA, CHIHUAHUA",,,,,,
SP 320,AERÓDROMO,AHS,HUSKY,TAMAULIPAS,GONZALEZ,DIURNO,SERVICIO PARTICULAR,TERRESTRE,1-A,GUILLERMO VERLAGE BERRY,72.00,WGS-84,22,47,20.80,98,29,23.90,9,27,750.00,6.00,ASFALTO,20/06/2014,15 AÑOS,20/06/2029,JUN,2029,SI,VIGENTE,"AEROPUERTO INTERNACIONAL DE TAMPICO, TAMAULIPAS",,,,,,
SP 321,AERÓDROMO,LSA (ANTES HIS),HUERTA LOS SAUCES,CHIHUAHUA,VILLA LOPEZ,DIURNO,SERVICIO PARTICULAR,TERRESTRE,1-A,GUILLERMO DAHER RIVERA,"1,435.00",NAD 27,27,5,55.73,105,4,45.13,9,27,"1,175.00",20.00,TERRACERÍA,23/11/2018,180 DIAS,23/05/2019,MAY,2019,NO,INOPERATIVO,"AEROPUERTO INTERNACIONAL DE CHIHUAHUA, CHIHUAHUA",,,,,,
SP 322,AERÓDROMO,RRB,RANCHO DON ROBERTO,COAHUILA,PROGRESO,DIURNO,SERVICIO PARTICULAR,TERRESTRE,1-A,MARIA HERMINIA MORALES RÍOS,400.00,WGS-84,27,14,15.10,100,54,56.40,4,22,"1,000.00",22.00,TERRACERÍA,18/03/2009,5 AÑOS,18/03/2014,MAR,2014,NO,INOPERATIVO,"AEROPUERTO INTERNACIONAL DE MONCLOVA, COAHUILA",,,,,,
SP 323,AERÓDROMO,RBL,RANCHO EL BERNAL,TAMAULIPAS,GONZALEZ,DIURNO,SERVICIO PARTICULAR,TERRESTRE,1-A,JESUS MIGUEL ORTEGA GONZALEZ.         ,80.00,WGS-84,22,42,1.60,98,30,3.20,9,27,900.00,15.00,TERRACERÍA,06/11/2002,90 DÍAS,06/02/2003,FEB,2003,NO,INOPERATIVO,"AEROPUERTO INTERNACIONAL DE TAMPICO, TAMAULIPAS",,,,,,
SP 324,AERÓDROMO,TIZ,"TIZAYUCA
(Fallecimiento de Titular)",HIDALGO,TIZAYUCA,DIURNO,SERVICIO PARTICULAR,TERRESTRE,2-A,MANUEL SANCHEZ JIMENEZ              ,"2,257.00",,19,52,28.00,98,56,36.00,1,19,"1,100.00",25.00,CONCRETO,17/09/2003,180 DIAS,17/03/2004,MAR,2004,NO,INOPERATIVO,"AEROPUERTO DE PACHUCA, HIDALGO",,,,,,
SP 325,AERÓDROMO,BTY,BETTY,TAMAULIPAS,GONZALEZ,DIURNO,SERVICIO PARTICULAR,TERRESTRE,1-A,JOSE MANUEL ORTEGA GONZALES,50.00,WGS-84,22,48,55.90,98,33,26.80,18,36,"1,000.00",25.00,TERRACERÍA,26/08/2005,5 AÑOS,26/08/2010,AGO,2010,NO,INOPERATIVO,"AEROPUERTO INTERNACIONAL DE TAMPICO, TAMAULIPAS",,,,,,
SP 326,AERÓDROMO,CCS,CARRICITOS,COAHUILA,GUERRERO,DIURNO,SERVICIO PARTICULAR,TERRESTRE,2-A,RICARDO HINOJOSA TAMEZ                   ,250.00,,28,2,54.80,100,23,6.80,14,32,750.00,20.00,TERRACERÍA,02/04/2001,180 DIAS,SIN AUTORIZACIÓN,MAY,2001,NO,INOPERATIVO,"AEROPUERTO INTERNACIONAL DE PIEDRAS NEGRAS, COAHUILA",,,,,,
SP 327,AERÓDROMO,LJN,REPRESITO DE LUJAN,SONORA,LA COLORADA,DIURNO,SERVICIO PARTICULAR,TERRESTRE,1-A,BERNARDINO IBARROLA ELIAS,274.00,NAD 27,28,36,5.00,110,45,0.00,8,26,600.00,30.00,TERRACERÍA,30/04/2009,180 DIAS,30/10/2009,OCT,2009,NO,INOPERATIVO,"AEROPUERTO INTERNACIONAL DE HERMOSILLO, SONORA",,,,,,
SP 328,AERÓDROMO,ASH,ALICIA,TAMAULIPAS,GONZALEZ,DIURNO,SERVICIO PARTICULAR,TERRESTRE,1-A,JESUS MIGUEL ORTEGA GONZALEZ.         ,30.00,WGS-84,22,52,22.10,98,35,11.10,12,30,777.00,15.00,TERRACERÍA,25/11/2005,5 AÑOS,25/11/2010,NOV,2010,NO,INOPERATIVO,"AEROPUERTO INTERNACIONAL DE TAMPICO, TAMAULIPAS",,,,,,
SP 329,AERÓDROMO,PAE,LA PALMA,TAMAULIPAS,GONZALEZ,DIURNO,SERVICIO PARTICULAR,TERRESTRE,2-A,JESUS MANUEL ORTEGA GONZALEZ.         ,150.00,WGS-84,22,51,59.10,98,23,12.10,17,35,"1,000.00",15.00,TERRACERÍA,09/03/2006,5 AÑOS,09/03/2011,MAR,2011,NO,INOPERATIVO,"AEROPUERTO INTERNACIONAL DE TAMPICO, TAMAULIPAS",,,,,,
SP 330,AERÓDROMO,OCT,OCOTLAN,JALISCO,OCOTLAN,DIURNO,SERVICIO PARTICULAR,TERRESTRE,1-A,H. AYUNTAMIENTO CONSTITUCIONAL DE OCOTLAN,"1,530.00",WGS-84,20,22,16.29,102,46,24.93,1,19,"1,512.00",25.00,ASFALTO,05/06/2023,15 AÑOS,05/06/2038,JUN,2038,SI,VIGENTE,"AEROPUERTO INTERNACIONAL DE GUADALAJARA, JALISCO",,,,,,
SP 331,AERÓDROMO,RCE,EL CUARENTA,CHIHUAHUA,VILLA AHUMADA,DIURNO,SERVICIO PARTICULAR,TERRESTRE,1-A,ROSARIO GUERRERO OLIVARES,"1,396.00",,30,4,30.00,106,15,0.00,11,29,"1,500.00",20.00,TERRACERÍA,10/09/1998,180 DIAS,SIN AUTORIZACIÓN,MAR,1999,NO,INOPERATIVO,"AEROPUERTO INTERNACIONAL DE CHIHUAHUA, CHIHUAHUA",,,,,,
SP 332,AERÓDROMO,RAZ,AGUA ZARCA,TAMAULIPAS,SOTO LA MARINA,DIURNO,SERVICIO PARTICULAR,TERRESTRE,1-A,LEONEL CASANOVA PECERO                ,154.00,WGS-84,23,17,42.00,97,53,14.90,9,27,600.00,30.00,TERRACERÍA,07/02/2002,90 DÍAS,SIN AUTORIZACIÓN,MAY,2002,NO,INOPERATIVO,"AEROPUERTO INTERNACIONAL DE TAMPICO, TAMAULIPAS",,,,,,
SP 333,AERÓDROMO,RTC,RANCHO EL RETIRO,CHIHUAHUA,VALLE DE ALLENDE,DIURNO,SERVICIO PARTICULAR,TERRESTRE,2-C,"TAXIS AEREOS DE PARRAL, S.A. ","1,268.00",,27,20,23.00,105,7,0.00,18,36,"1,100.00",40.00,TERRACERÍA,15/12/2004,5 AÑOS,15/12/2009,DIC,2009,NO,INOPERATIVO,"AEROPUERTO INTERNACIONAL DE CHIHUAHUA, CHIHUAHUA",,,,,,
HP 334,HELIPUERTO,HLP,LA PALOMA COMPANY,TAMAULIPAS,PADILLA,DIURNO,SERVICIO PARTICULAR,SUPERFICIE,H-2,"RANCHO PALOMA COMPANY, S.A. DE C.V.",152.00,,24,1,47.80,98,42,0.00,,,,,,27/06/2001,90 DÍAS,SIN AUTORIZACIÓN,SEP,2001,NO,INOPERATIVO,"AEROPUERTO DE CIUDAD VICTORIA, TAMAULIPAS",,,,,,
HP 335,HELIPUERTO,HED,EDITORA,NUEVO LEÓN,MONTERREY,DIURNO,SERVICIO PARTICULAR,ELEVADO,H-1,"EDITORA EL SOL, S.A. DE C.V.",555.00,WGS-84,25,40,27.00,100,18,29.00,,,,,,08/04/2019,15 AÑOS,08/04/2034,ABR,2034,SI ,VIGENTE,"AEROPUERTO INTERNACIONAL DE MONTERREY, NUEVO LEON",,,,,,
HP 336,HELIPUERTO,HTN,HELIPUERTO TECNOPARQUE,CIUDAD DE MÉXICO,AZCAPOTZALCO,DIURNO,SERVICIO PARTICULAR,ELEVADO,H-1,ISAAC ALFONSO HARARI ASKENOZI,"2,272.00",WGS-84,19,30,21.40,99,10,45.10,,,,,,11/03/2016,15 AÑOS,11/03/2031,MAR,2031,SI,VIGENTE,"AEROPUERTO INTERNACIONAL DE LA CIUDAD DE MEXICO, CIUDAD DE MEXICO",,,,,,
SP 337,AERÓDROMO,TZY,TANCUZAY,VERACRUZ,TAMPICO EL ALTO,DIURNO,SERVICIO PARTICULAR,TERRESTRE,2-A,FRANCISCO RAUL AGUILAR BUSTAMANTE Y/O CARLOS J. AGUILAR BUSTAMANTE,4.00,,22,3,0.00,97,48,0.00,10,28,"1,200.00",18.00,TERRACERÍA,28/11/2000,60 DÍAS,SIN AUTORIZACIÓN,ENE,2001,NO,INOPERATIVO,"AEROPUERTO INTERNACIONAL DE TAMPICO, TAMAULIPAS",,,,,,
HP 338,HELIPUERTO,HHH,HACIENDA HUAJUCO,NUEVO LEÓN,MONTERREY,DIURNO,SERVICIO PARTICULAR,SUPERFICIE,H-1,ING. JUAN GERARDO RODRÍGUEZ GARCÍA,621.00,WGS-84,25,32,11.48,100,11,59.96,,,,,,18/04/2016,180 DIAS,18/10/2016,OCT,2016,NO,INOPERATIVO,"AEROPUERTO INTERNACIONAL DEL NORTE, NUEVO LEON",,,,,,
SP 339,AERÓDROMO,EMY,EL MAGUEY,VERACRUZ,PANUCO,DIURNO,SERVICIO PARTICULAR,TERRESTRE,1-A,FRANCISCO RAUL AGUILAR BUSTAMANTE Y/O CARLOS J. AGUILAR BUSTAMANTE,16.00,,21,57,30.00,98,27,30.00,13,31,700.00,12.00,TERRACERÍA,05/12/2000,60 DÍAS,SIN AUTORIZACIÓN,FEB,2001,NO,INOPERATIVO,"AEROPUERTO INTERNACIONAL DE TAMPICO, TAMAULIPAS",,,,,,
HP 340,HELIPUERTO,HKU,PLAZA KUKULCAN,QUINTANA ROO,SOLIDARIDAD,DIURNO,SERVICIO PARTICULAR,ELEVADO,H-1,"HELIVAN TOURS, S.A. DE C.V.",11.73,WGS-84,21,6,6.26,86,45,55.68,,,,,,15/12/2023,180 DIAS ,15/06/2024,JUN,2024,NO,EN TRAMITE,"AEROPUERTO INTERNACIONAL DE CANCUN, QUINTANA ROO",,,,,,
SP 341,AERÓDROMO,BCU,BACUBIRITO,SINALOA,SINALOA DE LEYVA,DIURNO,SERVICIO PARTICULAR,TERRESTRE,2-A,EJIDO SAN PEDRO BACUBIRITO,176.00,WGS-84,25,48,47.60,107,54,33.00,1,19,"1,400.00",10.00,ASFALTO,09/03/2017,15 AÑOS,09/03/2032,MAR,2032,SI,VIGENTE,"AEROPUERTO INTERNACIONAL DE LOS MOCHIS, SINALOA",,,,,,
SP 342,AERÓDROMO,PAI,EL PAIJA ,VERACRUZ,PANUCO,DIURNO,SERVICIO PARTICULAR,TERRESTRE,2-A,GEORGINA TERESA MARTINEZ CARDENAS,11.00,NAD 27,22,1,9.00,98,21,43.00,14,32,"1,050.00",10.00,ASFALTO,26/06/1996,60 DÍAS,SIN AUTORIZACIÓN,DIC,2009,NO,INOPERATIVO,"AEROPUERTO INTERNACIONAL DE TAMPICO, TAMAULIPAS",,,,,,
SP 343,AERÓDROMO,SGE,RANCHO SAN GERARDO,NUEVO LEÓN,LAMPAZOS DE NARANJO,DIURNO,SERVICIO PARTICULAR,TERRESTRE,1-A,JUAN GERARDO RODRIGUEZ GRACIA,290.00,WGS-84,26,58,45.10,100,15,53.00,11,29,900.00,15.00,TERRACERÍA,14/04/2016,15 AÑOS,14/04/2031,ABR,2031,SI,VIGENTE,"AEROPUERTO INTERNACIONAL DEL NORTE, NUEVO LEON",,,,,,
HP 344,BARCO-HELIPUERTO,HMU,MARIA LUISA,COLIMA,MANZANILLO,DIURNO,SERVICIO PARTICULAR,HELIPUERTO MIXTO,H-1,"MARTUNA, S.A. DE C.V.",0.00,NO APLICA,NO APLICA,NO APLICA,NO APLICA,NO APLICA,NO APLICA,NO APLICA,NO APLICA,NO APLICA,,,,31/07/2023,15 AÑOS,31/07/2038,JUL,2038,SI,VIGENTE,"AEROPUERTO INTERNACIONAL DE MANZANILLO, COLIMA",,,,,,
HP 345,BARCO-HELIPUERTO,HMF,MARIA FERNANDA,COLIMA,MANZANILLO,DIURNO,SERVICIO PARTICULAR,HELIPUERTO MIXTO,H-1,"MARATUN, S.A. DE C.V.",0.00,NO APLICA,NO APLICA,NO APLICA,NO APLICA,NO APLICA,NO APLICA,NO APLICA,NO APLICA,NO APLICA,,,,31/07/2023,15 AÑOS,31/07/2038,JUL,2038,SI,VIGENTE,"AEROPUERTO INTERNACIONAL DE MANZANILLO, COLIMA",,,,,,
SP 346,AERÓDROMO,ELB,EL BORREGO,COAHUILA,MONCLOVA,DIURNO,SERVICIO PARTICULAR,TERRESTRE,1-A,PAULINO SARABIA LAGO Y COPROPIETAROS,200.00,,27,18,0.00,101,55,15.00,17,35,"1,000.00",20.00,TERRACERÍA,05/03/2020,180 DIAS ,05/09/2020,SEP,2020,NO,INOPERATIVO,"AEROPUERTO INTERNACIONAL DE MONCLOVA, COAHUILA",,,,,,
SP 347,AERÓDROMO,PBO,BONFIL,SONORA,SAN LUIS RIO COLORADO,DIURNO,SERVICIO PARTICULAR,TERRESTRE,1-A,"SOCIEDAD COOPERATIVA DE CONSUMO ""LIC. ALFREDO V. BONFIL"" DE LA PEQUEÑA PROPIEDAD DE SAN LUIS RÍO COLORADO, S.C.L.",70.00,WGS-84,32,18,3.00,114,58,30.00,16,34,"1,000.00",15.00,TERRACERÍA,20/02/2015,15 AÑOS,20/02/2030,FEB,2030,NO,INOPERATIVO (RENUNCIA DEL TITULAR),"AEROPUERTO INTERNACIONAL DE MEXICALI, BAJA CALIFORNIA",,,,,,
SP 348,AERÓDROMO,ITA,ISLITA,SONORA,SAN LUIS RIO COLORADO,DIURNO,SERVICIO PARTICULAR,TERRESTRE,1-A,COSME ALEJANDRO TAMAYO MORENO ,30.00,WGS-84,32,23,38.06,114,51,42.40,5,23,700.00,18.00,TERRACERÍA,05/08/2014,15 AÑOS,05/08/2029,AGO,2029,SI,VIGENTE,"AEROPUERTO INTERNACIONAL DE MEXICALI, BAJA CALIFORNIA",,,,,,
HP 349,HELIPUERTO,HNP,LA PRENSA,CIUDAD DE MÉXICO,CUAUHTÉMOC,DIURNO,SERVICIO PARTICULAR,ELEVADO,H-1,"INMOBILIARIA BASILIO VADILLO, S.A. DE C.V.","2,287.00",NAD 27,19,26,13.88,99,8,53.10,,,,,,01/10/2015,15 AÑOS,01/10/2030,OCT,2030,SI,VIGENTE,"AEROPUERTO INTERNACIONAL DE LA CIUDAD DE MEXICO, CIUDAD DE MEXICO",,,,,,
SP 350,AERÓDROMO,LOP,PISTA LOPEZ,BAJA CALIFORNIA,MEXICALI,DIURNO,SERVICIO PARTICULAR,TERRESTRE,1-A,CARLOS LÓPEZ BAÑUELOS,18.00,WGS-84,32,24,35.80,115,2,56.70,15,33,760.00,12.00,TERRACERÍA,22/10/2013,15 AÑOS,22/10/2028,OCT,2028,SI,VIGENTE,"AEROPUERTO INTERNACIONAL DE MEXICALI, BAJA CALIFORNIA",,,,,,
SP 351,AERÓDROMO,LLM,"LA LOMITA
(ACREDITACIÓN PROPIETARIO)",TAMAULIPAS,GONZALEZ,DIURNO,SERVICIO PARTICULAR,TERRESTRE,1-A,ALFONSO URIBE AVIN,82.00,,22,51,15.00,98,29,30.00,17,35,800.00,20.00,TERRACERÍA,18/02/2008,5 AÑOS,18/02/2013,FEB,2013,NO,INOPERATIVO,"AEROPUERTO INTERNACIONAL DE TAMPICO, TAMAULIPAS",,,,,,
SP 352,AERÓDROMO,RLW,RANCHO LOMA BLANCA,COAHUILA,CIUDAD ACUÑA,DIURNO,SERVICIO PARTICULAR,TERRESTRE,2-A,RICARDO MALDONADO GONZALEZ,450.00,WGS-84,29,42,0.00,102,8,14.00,13,31,"1,000.00",30.00,TERRACERÍA,05/02/2008,5 AÑOS,05/02/2013,FEB,2013,NO,INOPERATIVO,"AEROPUERTO INTERNACIONAL DE CIUDAD ACUÑA, COAHUILA",,,,,,
SP 353,AERÓDROMO,ELS,EL SALTO,DURANGO,PUEBLO NUEVO,DIURNO,SERVICIO PARTICULAR,TERRESTRE,2-A,CARLOS HERRERA ALE Y/O ERNESTO HERRERA ALE ,"2,580.00",WGS-84,23,46,7.00,105,18,13.00,14,32,"1,200.00",20.00,ASFALTO,16/12/2016,15 AÑOS,16/12/2031,DIC,2031,SI,VIGENTE,"AEROPUERTO INTERNACIONAL DE DURANGO, DURANGO",,,,,,
SP 354,AERÓDROMO,EVS,EL VERANO,SINALOA,SAN IGNACIO,DIURNO,SERVICIO PARTICULAR,TERRESTRE,1-A,EJIDO EL VERANO,"1,250.00",NAD 27,24,17,50.00,106,21,20.00,12,30,300.00,10.00,TERRACERÍA,05/04/2006,5 AÑOS,05/04/2011,ABR,2011,NO,INOPERATIVO,"AEROPUERTO INTERNACIONAL DE DURANGO, DURANGO",,,,,,
SP 355,AERÓDROMO,TZC,EL TEMAZCAL,DURANGO,SUCHIL,DIURNO,SERVICIO PARTICULAR,TERRESTRE,2-A,"CHILCHOTA TAXI AEREO, S.A. DE C.V.","2,514.00",WGS-84,23,20,21.01,104,14,37.26,3,21,"1,660.00",20.00,ASFALTO,16/06/2025,180 DIAS,16/12/2025,DIC,2025,NO,EN TRAMITE,"AEROPUERTO INTERNACIONAL DE DURANGO, DURANGO",,,,,,
SP 356,AERÓDROMO,CNP,CIENEGA PRIETA,CHIHUAHUA,MORELOS,DIURNO,SERVICIO PARTICULAR,TERRESTRE,2-B,"TAXIS AEREOS DE PARRAL, S.A. ","2,222.00",,26,24,58.00,107,36,51.00,15,33,"1,100.00",20.00,TERRACERÍA,10/11/2008,5 AÑOS,10/11/2013,NOV,2013,NO,INOPERATIVO,"AEROPUERTO INTERNACIONAL DE CHIHUAHUA, CHIHUAHUA",,,,,,
SP 357,AERÓDROMO,PVJ,EJIDO PUEBLO VIEJO,SINALOA,SAN IGNACIO,DIURNO,SERVICIO PARTICULAR,TERRESTRE,1-A,EJIDO PUEBLO VIEJO,"1,285.00",WGS-84,24,9,0.02,106,9,22.68,17,35,300.00,10.00,TERRACERÍA,10/06/2009,180 DIAS,10/12/2009,JUN,2010,NO,INOPERATIVO,"AEROPUERTO INTERNACIONAL DE DURANGO, DURANGO",,,,,,
SP 358,AERÓDROMO,PTU,PULTICUB,QUINTANA ROO,BACALAR,DIURNO,SERVICIO PARTICULAR,TERRESTRE,2-B,"VIP SERVICIOS AEREOS EJECUTIVOS, S.A. DE C.V.",2.00,WGS-84,19,4,33.15,87,33,38.96,10,28,"1,000.00",25.00,ASFALTO,29/11/2017,15 AÑOS,29/11/2032,NOV,2032,SI,VIGENTE,"AEROPUERTO INTERNACIONAL DE CHETUMAL, QUINTANA ROO",,,,,,
SP 359,AERÓDROMO,PTP,PISTA OCAMPO,CHIHUAHUA,OCAMPO,DIURNO,SERVICIO PARTICULAR,TERRESTRE,2-B,GAMMON LAKE DE MEXICO,"2,072.00",WGS-84,28,11,19.64,108,22,58.13,6,24,750.00,50.00,TERRACERÍA,22/06/2011,180 DIAS,22/12/2011,DIC,2011,NO,INOPERATIVO,"AEROPUERTO INTERNACIONAL DE CHIHUAHUA, CHIHUAHUA",,,,,,
HP 360,HELIPUERTO,HMQ,MEDICA SUR,CIUDAD DE MÉXICO,TLALPAN,DIURNO,SERVICIO PARTICULAR,TERRESTRE,H-2,"MEDICA SUR, S.A. BURSATIL DE C.V.","2,280.00",NAD 27,19,17,45.60,99,9,38.00,,,,,,21/07/2006,5 AÑOS,21/07/2011,JUL,2011,NO,INOPERATIVO,"AEROPUERTO INTERNACIONAL DE LA CIUDAD DE MEXICO, CIUDAD DE MEXICO",,,,,,
HP 361,PLATAFORMA-HELIPUERTO,HII,CENTENARIO GR,VERACRUZ,VERACRUZ,DIURNO,SERVICIO PARTICULAR,HELIPUERTO MIXTO,H-1,GRUPO R EXPLORACION MARINA S.A. DE C.V.,0.00,WGS-84,19,5,39.00,94,49,53.00,,,,,,07/03/2019,9 MESES,31/12/2019,DIC,2019,NO,INOPERATIVO,"AEROPUERTO INTERNACIONAL DE VERACRUZ, VERACRUZ",,,,,,
SP 362,AERÓDROMO,LLM,LA LAGUNA,CAMPECHE,CAMPECHE,DIURNO,SERVICIO PARTICULAR,TERRESTRE,1-B,JOHN HENRY JEFFRIES FLORES,50.00,NAD 27,19,48,31.00,90,8,16.00,13,31,800.00,20.00,TERRACERÍA,04/05/2020,15 AÑOS,04/05/2035,AGO,2035,SI ,VIGENTE ,"AEROPUERTO INTERNACIONAL DE CAMPECHE, CAMPECHE",,,,,,
HP 363,HELIPUERTO,HFA,FIDEICOMISO 869,CIUDAD DE MÉXICO,CUAJIMALPA,DIURNO,SERVICIO PARTICULAR,ELEVADO,H-1,FIDEICOMISO DE ADMINISTRACIÓN 869/2007,"2,710.00",WGS-84,19,21,34.90,99,16,36.50,,,,,,SIN AUTORIZACIÓN,,SIN AUTORIZACIÓN,MAR,2009,NO,INOPERATIVO,"AEROPUERTO INTERNACIONAL DE LA CIUDAD DE MEXICO, CIUDAD DE MEXICO",,,,,,
SP 364,AERÓDROMO,LLN,LOS LLANOS,SINALOA,BADIRAGUATO,DIURNO,SERVICIO PARTICULAR,TERRESTRE,1-B,BRAULIO GAMBOA DÍAZ ,"1,000.00",WGS-84,26,4,43.78,107,28,20.00,,,500.00,20.00,TERRACERÍA,SIN AUTORIZACIÓN,,SIN AUTORIZACIÓN,AGO,2008,NO,INOPERATIVO,"AEROPUERTO INTERNACIONAL DE MAZATLAN, SINALOA",,,,,,
SP 365,AERÓDROMO,ASF,AEROFUMIGACIONES SOLIS,SINALOA,ELOTA,DIURNO,SERVICIO PARTICULAR,TERRESTRE,1-A,AGUSTIN SOLIS PEREZ,NO ESPECIFICADA,,23,55,20.00,106,52,52.00,16,34,762.00,20.00,TERRACERÍA,17/11/2000,60 DÍAS,SIN AUTORIZACIÓN,ENE,2001,NO,INOPERATIVO,"AEROPUERTO INTERNACIONAL DE MAZATLAN, SINALOA",,,,,,
SP 366,AERÓDROMO,VMV,LAS GEMELAS,TAMAULIPAS,RIO BRAVO,DIURNO,SERVICIO PARTICULAR,TERRESTRE,1-A,VICENTE MORALES VIDALES,30.00,,25,52,50.00,98,7,10.00,17,35,700.00,33.00,TERRACERÍA,27/04/2007,180 DIAS,27/10/2007,OCT,2007,NO,INOPERATIVO,"AEROPUERTO INTERNACIONAL DE REYNOSA, TAMAULIPAS",,,,,,
HP 367,HELIPUERTO,HTB,TORRE DEL BOSQUE,CIUDAD DE MÉXICO,MIGUEL HIDALGO,DIURNO,SERVICIO PARTICULAR,ELEVADO,H-1,"ADMINISTRADORA TORRE DEL BOSQUE, S.C.","2,369.00",WGS-84,19,25,42.70,99,12,16.60,,,,,,23/11/2018,180 DIAS,23/05/2019,MAY ,2019,NO,INOPERATIVO,"AEROPUERTO INTERNACIONAL DE LA CIUDAD DE MEXICO, CIUDAD DE MEXICO",,,,,,
SP 368,AERÓDROMO,RLD,LA ESCONDIDA,TAMAULIPAS,ALTAMIRA,DIURNO,SERVICIO PARTICULAR,TERRESTRE,1-A,ALFREDO JOSE LATOFSKI LITVINCHUCK     ,25.00,WGS-84,22,35,26.10,97,59,47.60,9,27,700.00,10.00,TERRACERÍA,15/11/2007,180 DIAS,15/05/2008,MAY,2008,NO,INOPERATIVO,"AEROPUERTO INTERNACIONAL DE TAMPICO, TAMAULIPAS",,,,,,
HP 369,HELIPUERTO,HCK,HOTEL CORAL,BAJA CALIFORNIA,ENSENADA,DIURNO,SERVICIO PARTICULAR,SUPERFICIE,H-1,"EMPRESA HOTELERA CORAL, S.A. DE C.V.",10.00,,31,53,28.64,116,42,11.02,,,,,,SIN AUTORIZACIÓN,,SIN AUTORIZACIÓN,ENE,1996,NO,INOPERATIVO,"AEROPUERTO INTERNACIONAL DE TIJUANA, BAJA CALIFORNIA",,,,,,
SP 370,AERÓDROMO,CTL,COYOTILLOS,COAHUILA,JUÁREZ,DIURNO,SERVICIO PARTICULAR,TERRESTRE,1-A,C. MANUEL RODRÍGUEZ DE LOS SANTOS,278.00,WGS-84,27,40,50.80,100,35,34.00,11,29,810.00,20.00,TERRACERÍA,17/05/2016,13 AÑOS,15/09/2029,SEP,2029,SI,VIGENTE,"AEROPUERTO INTERNACIONAL DE MONCLOVA, COAHUILA",,,,,,
SP 371,AERÓDROMO,RRN,EL ROMANCE,TAMAULIPAS,SOTO LA MARINA,DIURNO,SERVICIO PARTICULAR,TERRESTRE,1-B,GERARDO LUIS  ADAME JENKINS,183.00,WGS-84,23,22,27.20,97,55,42.90,14,32,800.00,30.00,TERRACERÍA,20/05/2003,180 DIAS,20/11/2003,NOV,2003,NO,INOPERATIVO,"AEROPUERTO INTERNACIONAL DE TAMPICO, TAMAULIPAS",,,,,,
SP 372,AERÓDROMO,NJO,EL NARANJO,NUEVO LEÓN,BADIRAGUATO,DIURNO,SERVICIO PARTICULAR,TERRESTRE,2-A,FRANCISCO JAVIER ELIZONDO GONZALEZ,314.00,,25,0,48.00,99,28,38.00,18,36,"1,000.00",20.00,TERRACERÍA,24/05/2001,180 DIAS,SIN AUTORIZACIÓN,AGO,2001,NO,INOPERATIVO,"AEROPUERTO INTERNACIONAL DE MONTERREY, NUEVO LEON",,,,,,
SP 373,AERÓDROMO,PIT,LA PINTA,NUEVO LEÓN,CHINA,DIURNO,SERVICIO PARTICULAR,TERRESTRE,1-A,GERARDO LUIS  ADAME JENKINS,46.00,WGS-84,25,26,52.30,98,28,23.10,15,33,800.00,25.00,TERRACERÍA,20/05/2003,180 DIAS,20/11/2003,NOV,2003,NO,INOPERATIVO,"AEROPUERTO INTERNACIONAL DEL NORTE, NUEVO LEON",,,,,,
SP 374,AERÓDROMO,EER,EJIDO ERENDIRA,BAJA CALIFORNIA,ENSENADA,DIURNO,SERVICIO PARTICULAR,TERRESTRE,1-A,"EMPRESA SAHARA, S.R.L. DE C.V.",10.00,WGS-84,31,17,16.90,116,23,30.20,12,30,700.00,17.00,TERRACERÍA,25/03/2002,180 DIAS,SIN AUTORIZACIÓN,SEP,2002,NO,INOPERATIVO,"AEROPUERTO INTERNACIONAL DE ENSENADA, BAJA CALIFORNIA",,,,,,
SP 375,AERÓDROMO,SIW,SIANORI,DURANGO,TOPIA,DIURNO,SERVICIO PARTICULAR,TERRESTRE,1-A,JUAN FRANCISCO REYES RODRÍGUEZ.,262.00,WGS-84,25,15,47.30,106,48,12.30,17,35,350.00,12.00,TERRACERÍA,SIN AUTORIZACIÓN,,SIN AUTORIZACIÓN,OCT,2004,NO,INOPERATIVO,"AEROPUERTO INTERNACIONAL DE CULIACAN, SINALOA",,,,,,
SP 376,AERÓDROMO,TTO,TOTOTAN,MICHOACÁN,AGUILILLA,DIURNO,SERVICIO PARTICULAR,TERRESTRE,1-A,RICARDO AYALA GUZMAN,350.00,WGS-84,18,22,5.00,102,46,20.00,16,34,430.00,11.00,TERRACERÍA,14/01/2003,90 DÍAS,14/04/2003,ABR,2003,NO,INOPERATIVO,"AEROPUERTO DE LAZARO CARDENAS, MICHOACAN",,,,,,
SP 377,AERÓDROMO,EVL,EL VARAL,JALISCO,CONCEPCION DE BUENOS AIRES,DIURNO,SERVICIO PARTICULAR,TERRESTRE,1-A,C. HUMBERTO DODDOLI VILLASEÑOR,"1,982.50",WGS-84,19,53,46.20,103,10,41.82,,,800.00,10.00,TERRACERÍA,SIN AUTORIZACIÓN,,SIN AUTORIZACIÓN,MAR,2008,NO,INOPERATIVO,"AEROPUERTO INTERNACIONAL DE GUADALAJARA, JALISCO",,,,,,
SP 378,AERÓDROMO,PMY,PISTA AEREA AGRICOLA MAYACOBA,SINALOA,AHOME,DIURNO,SERVICIO PARTICULAR,TERRESTRE,1-A,PEDRO SANCHEZ MARIN,8.00,WGS-84,25,56,2.00,109,12,38.00,1,19,700.00,5.00,CONCRETO HIDRAHULICO Y TERRACERIA,30/10/2007,180 DIAS,30/04/2008,ABR,2008,NO,INOPERATIVO,"AEROPUERTO INTERNACIONAL DE LOS MOCHIS, SINALOA",,,,,,
SP 379,AERÓDROMO,LNF,LAS NINFAS,COAHUILA,ZARAGOZA,DIURNO,SERVICIO PARTICULAR,TERRESTRE,1-A,HERNAN ROCHA GARZA                  ,"1,000.00",WGS-84,28,50,0.00,101,40,0.00,18,36,800.00,40.00,ASFALTO,15/10/2013,15 AÑOS,15/10/2028,OCT,2028,NO,INOPERATIVO (RENUNCIA DEL TITULAR),"AEROPUERTO INTERNACIONAL DE MONCLOVA, COAHUILA",,,,,,
SP 380,AERÓDROMO,VAE,VISTA ALEGRE,TAMAULIPAS,ALTAMIRA,DIURNO,SERVICIO PARTICULAR,TERRESTRE,1-A,ROBERTO GROSSMANN LATOFSKI                ,52.00,WGS-84,22,32,59.10,98,3,45.90,9,27,950.00,10.00,ASFALTO,01/10/2015,15 AÑOS,01/10/2030,OCT,2030,SI,VIGENTE,"AEROPUERTO INTERNACIONAL DE TAMPICO, TAMAULIPAS",,,,,,
HP 381,PLATAFORMA-HELIPUERTO,HIJ,BICENTENARIO,VERACRUZ,VERACRUZ,DIURNO,SERVICIO PARTICULAR,HELIPUERTO MIXTO,H-1,INDUSTRIAL PERFORADORA DE CAMPECHE S.A DE C.V.,0.00,NO APLICA,NO APLICA,NO APLICA,NO APLICA,NO APLICA,NO APLICA,NO APLICA,,,,,,30/10/2015,180 DIAS,30/04/2016,ABR,2016,NO,INOPERATIVO,"AEROPUERTO INTERNACIONAL DE MATAMOROS, TAMAULIPAS",,,,,,
HP 382,HELIPUERTO,HOB,DOS BOCAS,TABASCO,PARAISO,DIURNO,SERVICIO PARTICULAR,SUPERFICIE,H-2,PEMEX EXPLOTACIÓN Y PRODUCCIÓN,"3,478.00",WGS-84,18,25,54.47,93,11,51.15,,,,,,14/12/2012,180 DIAS,14/06/2013,JUN,2013,NO,INOPERATIVO,"AEROPUERTO INTERNACIONAL DE CIUDAD DEL CARMEN, CAMPECHE",,,,,,
HP 383,HELIPUERTO,HPG,GOBIERNO DEL ESTADO DE CHIAPAS,CHIAPAS,TUXTLA GUTIERREZ,DIURNO,SERVICIO PARTICULAR,SUPERFICIE,H-1,GOBIERNO DEL ESTADO DE CHIAPAS,NO DISPONIBLE,WGS-84,16,45,45.00,93,4,50.00,,,,,,SIN AUTORIZACIÓN,,SIN AUTORIZACIÓN,ENE,1996,NO,INOPERATIVO,"AEROPUERTO DE TUXTLA GUTIERREZ, CHIAPAS",,,,,,
SP 384,AERÓDROMO,LOR,SAN LORENZO ACUÑA,COAHUILA,CIUDAD ACUÑA,DIURNO,SERVICIO PARTICULAR,TERRESTRE,1-A,"AGROPECUARIA SANTA CATALINA, S. DE R.L.",356.00,WGS-84,29,18,30.00,101,5,25.00,8,26,500.00,30.00,TERRACERÍA,18/05/2000,5 AÑOS,18/05/2005,MAY,2005,NO,INOPERATIVO,"AEROPUERTO INTERNACIONAL DE CIUDAD ACUÑA, COAHUILA",,,,,,
SP 385,AERÓDROMO,ESE,EL SECO,COAHUILA,CIUDAD ACUÑA,DIURNO,SERVICIO PARTICULAR,TERRESTRE,1-A,HOMERO AMEZCUA DE LOS SANTOS,400.00,,29,25,0.00,101,24,0.00,15,33,900.00,25.00,TERRACERÍA,SIN AUTORIZACIÓN,SIN AUTORIZACIÓN,SIN AUTORIZACIÓN,FEB,2007,NO,INOPERATIVO,"AEROPUERTO INTERNACIONAL DE CIUDAD ACUÑA, COAHUILA",,,,,,
HP 386,HELIPUERTO,HMR,TORRE MORELOS,MORELOS,TEMIXCO,DIURNO,SERVICIO PARTICULAR,ELEVADO,H-1,SECRETARIA DE SEGURIDAD PUBLICA DEL GOBIERNO DEL ESTADO DE MORELOS,"1,233.00",WGS-84,18,49,7.00,99,13,6.50,,,,,,SIN AUTORIZACIÓN,,SIN AUTORIZACIÓN,ABR,2009,NO,INOPERATIVO,"AEROPUERTO INTERNACIONAL DE CUERNAVACA, MORELOS",,,,,,
HP 387,HELIPUERTO,HFP,POLIGONO 3,CIUDAD DE MÉXICO,ALVARO OBREGON,DIURNO,SERVICIO PARTICULAR,SUPERFICIE,H-1,"POLICIA FEDERAL, SECRETARIA DE SEGURIDAD PUBLICA SSP","2,509.00",WGS-84,19,23,8.40,99,14,47.40,,,,,,06/05/2002,60 DÍAS,SIN AUTORIZACIÓN,JUL,2002,NO,INOPERATIVO,"AEROPUERTO INTERNACIONAL DE LA CIUDAD DE MEXICO, CIUDAD DE MEXICO",,,,,,
SP 388,AERÓDROMO,CCJ,LA CONCORDIA,CHIAPAS,OSTUACAN,DIURNO,SERVICIO PARTICULAR,TERRESTRE,1-A,C. CÉSAR ANTONIO ISLAS NAVA,58.00,WGS-84,17,34,49.68,93,24,42.24,2,20,700.00,30.00,TERRACERÍA,SIN AUTORIZACIÓN,SIN AUTORIZACIÓN,SIN AUTORIZACIÓN,JUL,2011,NO,INOPERATIVO,"AEROPUERTO INTERNACIONAL DE VILLAHERMOSA, TABASCO",,,,,,
SP 389,AERÓDROMO,FTE,EL FUERTE,SINALOA,EL FUERTE,DIURNO,SERVICIO PARTICULAR Y A TERCEROS,TERRESTRE,2-A,"H. AYUNTAMIENTO DE EL FUERTE, SINALOA",100.00,WGS-84,26,23,53.36,108,36,40.94,14,32,"1,300.00",20.00,ASFALTO,26/06/2019,15 AÑOS,26/06/2034,JUN,2034,SI,VIGENTE,"AEROPUERTO INTERNACIONAL DE LOS MOCHIS, SINALOA",,,,,,
SP 390,AERÓDROMO,AGM,AGUAJE DEL MONTE,SONORA,SAN JAVIER,DIURNO,SERVICIO PARTICULAR,TERRESTRE,1-A,JOSE GUILLERMO CAMOU ARRIOLA,549.00,,28,43,19.50,109,49,2.30,1,19,500.00,20.00,TERRACERÍA,15/08/2000,5 AÑOS,15/08/2005,AGO,2005,NO,INOPERATIVO,"AEROPUERTO INTERNACIONAL DE HERMOSILLO, SONORA",,,,,,
SP 391,AERÓDROMO,GVN,EL GAVILAN,SINALOA,NAVOLATO,DIURNO,SERVICIO PARTICULAR,TERRESTRE,1-A,JAIME ENRIQUE MEDINA MACHADO,16.00,WGS-84,24,45,36.20,107,44,50.60,18,36,500.00,10.00,ASFALTO,10/12/2024,180 DIAS,10/06/2025,JUN,2025,NO,EN TRAMITE,"AEROPUERTO INTERNACIONAL DE CULIACAN, SINALOA",,,,,,
HP 392,HELIPUERTO,HAW,TORRE BOSQUES,ESTADO DE MEXICO,HUIXQUILUCAN,DIURNO,SERVICIO PARTICULAR,ELEVADO,H-1,MARIA DEL CARMEN RUANO ORTIZ,"2,461.00",WGS-84,19,24,29.10,99,17,6.10,,,,,,02/08/2010,180 DIAS,02/02/2011,FEB,2011,NO,INOPERATIVO,"AEROPUERTO INTERNACIONAL DE LA CIUDAD DE MEXICO, CIUDAD DE MEXICO",,,,,,
SP 393,AERÓDROMO,SEF,SANTA EFIGENIA ,DURANGO,SANTIAGO PAPASQUIARO,DIURNO,SERVICIO PARTICULAR,TERRESTRE,1-A,COMUNIDAD DE SANTA EFIGENIA.,"1,112.00",WGS-84,24,44,55.80,106,19,0.00,18,36,300.00,10.00,TERRACERÍA,15/04/2010,180 DIAS,15/10/2010,OCT,2010,NO,INOPERATIVO,"AEROPUERTO INTERNACIONAL DE DURANGO, DURANGO",,,,,,
SP 394,AERÓDROMO,BLB,LEO,SONORA,GUAYMAS,DIURNO,SERVICIO PARTICULAR,TERRESTRE,2-A,"CLUB AEREO DE SAN CARLOS NUEVO GUAYMAS, SONORA, A.C.",49.00,WGS-84,27,59,17.16,111,2,20.31,16,34,"1,600.00",20.00,ASFALTO,25/08/2008,5 AÑOS,25/08/2013,AGO,2013,NO,INOPERATIVO,"AEROPUERTO INTERNACIONAL DE GUAYMAS, SONORA",,,,,,
SP 395,AERÓDROMO,RCU,EL LLANO,CHIHUAHUA,GUACHOCHI,DIURNO,SERVICIO PARTICULAR,TERRESTRE,1-A,RAMIRO CHAPARRO PALMA,"2,403.00",WGS-84,26,50,30.00,107,5,49.00,3,21,500.00,15.00,TERRACERÍA,27/03/2007,5 AÑOS,27/03/2012,MAR,2012,NO,INOPERATIVO,"AEROPUERTO INTERNACIONAL DE CHIHUAHUA, CHIHUAHUA",,,,,,
SP 396,AERÓDROMO,PTN,EL PATROCINIO,COAHUILA,SAN PEDRO,DIURNO,SERVICIO PARTICULAR,TERRESTRE,1-A,"AEROFUMIGACIONES BABUN, S.A. DE C.V.","1,102.00",WGS-84,25,46,37.30,102,57,23.90,8,26,505.00,4.50,ASFALTO,29/11/2017,15 AÑOS,29/11/2032,NOV,2032,SI,VIGENTE,"AEROPUERTO INTERNACIONAL DE TORREON, COAHUILA",,,,,,
SP 397,AERÓDROMO,FZA,LA FORTALEZA,SAN LUIS POTOSÍ,CIUDAD DEL MAIZ,DIURNO,SERVICIO PARTICULAR,TERRESTRE,1-A,LUIS REY SANCHEZ CASTILLO,"1,030.00",NAD 27,22,30,5.00,99,45,50.00,13,31,"1,100.00",15.00,TERRACERÍA,17/01/2002,90 DÍAS,SIN AUTORIZACIÓN,ABR,2002,NO,INOPERATIVO,"AEROPUERTO INTERNACIONAL DE TAMPICO, TAMAULIPAS",,,,,,
SP 398,AERÓDROMO,LZA,LA SUIZA ,CHIAPAS,ANGEL ALBINO CORZO,DIURNO,SERVICIO PARTICULAR,TERRESTRE,1-A,JUAN MANUEL SANCHEZ AVENDAÑO,"1,188.00",NAD 27,15,39,44.50,92,41,34.98,9,27,600.00,12.00,TERRACERÍA,15/06/2001,60 DÍAS,SIN AUTORIZACIÓN,AGO,2001,NO,INOPERATIVO,"AEROPUERTO DE TUXTLA GUTIERREZ, CHIAPAS",,,,,,
SP 399,AERÓDROMO,PVA,LA PAVA,CHIHUAHUA,NUEVO CASAS GRANDES,DIURNO,SERVICIO PARTICULAR,TERRESTRE,2-A,DEBORAH PARSON PARRA,"1,462.00",WGS-84,30,25,40.50,108,3,21.90,6,24,"1,500.00",60.00,TERRACERÍA,31/07/2002,5 AÑOS,31/07/2007,JUL,2007,NO,INOPERATIVO,"AEROPUERTO INTERNACIONAL DE CIUDAD JUAREZ, CHIHUAHUA",,,,,,
SP 400,AERÓDROMO,RMC,RANCHO MESA DE CARTUJANOS,COAHUILA,CANDELA,DIURNO,SERVICIO PARTICULAR,TERRESTRE,1-A,ALBERTO DANIEL MILMO GARZA,860.00,WGS-84,26,57,7.00,100,42,50.00,14,32,900.00,20.00,TERRACERÍA,04/08/2015,15 AÑOS,04/08/2030,AGO,2030,SI,VIGENTE,"AEROPUERTO INTERNACIONAL DEL NORTE, NUEVO LEON",,,,,,
SP 401,AERÓDROMO,JPT,SAN JOSE DEL PROGRESO,OAXACA,TUTUTEPEC,DIURNO,SERVICIO PARTICULAR,TERRESTRE,1-A,ALFREDO NAVARRETE GUZMAN,20.00,WGS-84,16,4,44.21,97,42,3.15,2,20,630.00,20.00,TERRACERÍA,02/02/2004,5 AÑOS,02/02/2009,FEB,2009,NO,INOPERATIVO,"AEROPUERTO INTERNACIONAL DE PUERTO ESCONDIDO, OAXACA",,,,,,
SP 402,AERÓDROMO,ASN,ALFONSINA'S RESORT,BAJA CALIFORNIA,ENSENADA,DIURNO,SERVICIO PARTICULAR,TERRESTRE,2-A,ROMAN ALFOSO CARDENAS URQUIDES,2.00,WGS-84,29,48,14.55,114,23,49.19,1,19,700.00,20.00,TERRACERÍA,06/11/2006,5 AÑOS,06/11/2011,NOV,2011,NO,INOPERATIVO,"AEROPUERTO INTERNACIONAL DE ENSENADA, BAJA CALIFORNIA",,,,,,
SP 403,AERÓDROMO,LHV,C.P.A. LEONARDO LOPEZ HERNANDEZ,OAXACA,STO. DOMINGO ZANATEPEC,DIURNO,SERVICIO PARTICULAR,TERRESTRE,1-A,C.P.A. LEONARDO LÓPEZ HERNANDEZ,60.00,NAD 27,16,29,33.00,94,23,57.00,18,36,600.00,15.00,TERRACERÍA,24/09/2025,180 DIAS,24/03/2026,MAR,2026,NO,EN TRAMITE,"AEROPUERTO INTERNACIONAL DE PUERTO ESCONDIDO, OAXACA",,,,,,
SP 404,AERÓDROMO,EDR,EL DURY,DURANGO,SAN PEDRO DEL GALLO,DIURNO,SERVICIO PARTICULAR,TERRESTRE,1-A,"CHILCHOTA TAXI AEREO, S.A. DE C.V.","1,828.00",WGS-84,25,45,44.00,104,25,46.00,3,21,"1,410.00",20.00,ASFALTO,11/08/2015,15 AÑOS,11/08/2030,AGO,2030,SI,VIGENTE,"AEROPUERTO INTERNACIONAL DE TORREON, COAHUILA",,,,,,
SP 405,AERÓDROMO,ASS,AGUASCALIENTES,BAJA CALIFORNIA,MEXICALI,DIURNO,SERVICIO PARTICULAR,TERRESTRE,1-A,VICTOR PEREA ESPINOZA,16.00,WGS-84,32,16,42.42,115,6,56.65,10,28,600.00,13.00,TERRACERÍA,15/08/2008,180 DIAS,15/02/2009,FEB,2009,NO,INOPERATIVO,"AEROPUERTO INTERNACIONAL DE MEXICALI, BAJA CALIFORNIA",,,,,,
SP 406,HELIPUERTO,HIH,ITAM RIO HONDO,CIUDAD DE MÉXICO,ALVARO OBREGON,DIURNO,SERVICIO PARTICULAR,SUPERFICIE,H-1,"ASOCICION MEXICANA DE CULTURA, A.C.","2,550.00",WGS-84,19,20,42.75,99,12,3.15,,,,,,26/07/2018,15 AÑOS,26/07/2033,JUL,2033,SI,VIGENTE,"AEROPUERTO INTERNACIONAL DE LA CIUDAD DE MEXICO, CIUDAD DE MEXICO",,,,,,
HP 407,HELIPUERTO,HEF (verificar designador),ESPINOSA YGLESIAS,CIUDAD DE MÉXICO,ALVARO OBREGON,DIURNO,SERVICIO PARTICULAR,SUPERFICIE,H-1,C. ANGELES ESPINOSA YGLESIAS,"2,200.00",NAD 27,19,21,27.80,99,11,27.65,,,,,,23/06/2005,180 DIAS,23/12/2005,DIC,2005,NO,INOPERATIVO,"AEROPUERTO INTERNACIONAL DE LA CIUDAD DE MEXICO, CIUDAD DE MEXICO",,,,,,
SP 408,AERÓDROMO,MDF,MESA DE FRONTERAS,SONORA,MESA DE FRONTERAS,DIURNO,SERVICIO PARTICULAR,TERRESTRE,1-A,JOSE ALFONSO MORALES PAVLOVICH,"1,330.00",WGS-84,30,57,1.00,109,45,13.00,16,34,900.00,20.00,TERRACERÍA,06/03/2014,15 AÑOS,06/03/2029,MAR,2029,SI,VIGENTE,"AEROPUERTO INTERNACIONAL DE NOGALES, SONORA",,,,,,
SP 409,AERÓDROMO,LGI,LOS GLORIOSOS,NUEVO LEÓN,CIUDAD ANAHUAC,DIURNO,SERVICIO PARTICULAR,TERRESTRE,1-A,JOSE JUAN DE OLLOQUI Y LABASTIDA     ,240.00,WGS-84,27,5,42.00,99,59,7.00,9,27,"1,000.00",18.00,TERRACERÍA,18/05/2000,5 AÑOS,18/05/2005,MAY,2005,NO,INOPERATIVO,"AEROPUERTO INTERNACIONAL DE NUEVO LAREDO, TAMAULIPAS",,,,,,
SP 410,AERÓDROMO,MXT,EL MIXTECO,SINALOA,GUASAVE,DIURNO,SERVICIO PARTICULAR,TERRESTRE,1-B,ANTONIO SANCHEZ RAMOS.,34.00,,25,40,33.00,108,44,27.00,3,21,800.00,8.00,CONCRETO HIDRAULICO,19/12/2012,180 DIAS,19/06/2013,JUN,2013,NO,INOPERATIVO,"AEROPUERTO INTERNACIONAL DE LOS MOCHIS, SINALOA",,,,,,
SP 411,AERÓDROMO,TBC,TUMBISCATIO,MICHOACÁN,TUMBISCATIO DE RUIZ,DIURNO,SERVICIO PARTICULAR,TERRESTRE,1-A,"PROFESIONISTAS DE TUMBISCATIO, A. C.",925.00,,18,31,13.00,102,22,31.00,9,27,450.00,30.00,TERRACERÍA,11/04/2006,180 DIAS,11/10/2006,OCT,2006,NO,INOPERATIVO,"AEROPUERTO DE LAZARO CARDENAS, MICHOACAN",,,,,,
SP 412,AERÓDROMO,PAK,PACO,JALISCO,CHAPALA,DIURNO,SERVICIO PARTICULAR Y A TERCEROS,TERRESTRE,1-A,"AERO CLUB CHAPALA, A.C.","1,539.00",WGS-84,20,18,32.00,103,9,36.00,14,32,621.00,20.70,TERRACERÍA,31/07/2019,14 AÑOS,31/10/2033,OCT,2033,SI ,VIGENTE,"AEROPUERTO INTERNACIONAL DE GUADALAJARA, JALISCO",,,,,,
SP 413,AERÓDROMO,CPZ,CERROS PRIETOS,CHIHUAHUA,CIUDAD JIMENEZ,DIURNO,SERVICIO PARTICULAR,TERRESTRE,2-B,BENITA RENTERIA ACOSTA,"1,340.00",,27,11,56.00,104,58,51.00,13,31,900.00,15.00,TERRACERÍA,15/08/2000,5 AÑOS,15/08/2005,AGO,2005,NO,INOPERATIVO,"AEROPUERTO INTERNACIONAL DE CHIHUAHUA, CHIHUAHUA",,,,,,
SP 414,AERÓDROMO,FCO,CAMPO DE AVIACION PARRAL,CHIHUAHUA,HIDALGO DEL PARRAL,DIURNO,SERVICIO PARTICULAR,TERRESTRE,3-B,"TRANSPORTE AEREO ERNESTO SAENZ, S.A. DE C.V.","1,830.00",WGS-84,26,55,18.00,105,45,54.00,9,27,"1,330.00",18.00,ASFALTO,25/11/2014,15 AÑOS,25/11/2029,NOV,2029,SI,VIGENTE,"AEROPUERTO INTERNACIONAL DE CHIHUAHUA, CHIHUAHUA",,,,,,
SP 415,AERÓDROMO,PBF,PUNTA BUFEO,BAJA CALIFORNIA,ENSENADA,DIURNO,SERVICIO PARTICULAR,TERRESTRE,1-A,C. FRANCISCA FERNANDEZ MURILLO,5.00,WGS-84,29,54,28.00,114,27,11.00,9,27,800.00,18.00,TERRACERÍA,24/04/2009,5 AÑOS,24/04/2014,ABR,2014,NO,INOPERATIVO,"AEROPUERTO INTERNACIONAL DE SAN FELIPE, BAJA CALIFORNIA",,,,,,
SP 416,AERÓDROMO,SCO,EL SOCORRITO,BAJA CALIFORNIA,ENSENADA,DIURNO,SERVICIO PARTICULAR,TERRESTRE,1-A,FRANCISCO JAVIER AGUILAR AGUILAR,5.00,WGS-84,30,19,13.00,115,49,17.00,3,21,440.00,12.00,TERRACERÍA,24/02/2006,5 AÑOS,24/02/2011,FEB,2011,NO,INOPERATIVO,"AEROPUERTO INTERNACIONAL DE ENSENADA, BAJA CALIFORNIA",,,,,,
HP 417,HELIPUERTO,HTY,EL TEJOCOTAL,ESTADO DE MEXICO,VALLE DE BRAVO,DIURNO,SERVICIO PARTICULAR,SUPERFICIE,H-1,"AERO COPTER, S.A. DE C.V.","2,182.00",WGS-84,19,18,15.00,100,3,47.00,,,,,,10/05/2013,180 DIAS,10/11/2013,NOV,2013,NO,INOPERATIVO,"AEROPUERTO INTERNACIONAL DE TOLUCA, ESTADO DE MEXICO",,,,,,
HP 418,BARCO-HELIPUERTO,HTK,MACEL,BAJA CALIFORNIA,ENSENADA,DIURNO,SERVICIO PARTICULAR,HELIPUERTO MIXTO,H-1,"TUNIPAC, S.A. DE C.V.",0.00,NO APLICA,NO APLICA,NO APLICA,NO APLICA,NO APLICA,NO APLICA,NO APLICA,NO APLICA,NO APLICA,,,,29/11/2001,60 DÍAS,SIN AUTORIZACIÓN,ENE,2002,NO,INOPERATIVO,"AEROPUERTO INTERNACIONAL DE TIJUANA, BAJA CALIFORNIA",,,,,,
SP 419,AERÓDROMO,RML,RANCHO EL MILAGRO,BAJA CALIFORNIA,ENSENADA,DIURNO,SERVICIO PARTICULAR,TERRESTRE,1-A,"SEMINIS VEGETABLE SEEDS MEXICANA, S. DE R.L. DE C.V.",52.00,WGS-84,30,37,4.00,115,55,50.00,13,31,835.00,20.00,TERRACERÍA,15/11/2002,5 AÑOS,15/11/2007,NOV,2007,NO,INOPERATIVO,"AEROPUERTO INTERNACIONAL DE ENSENADA, BAJA CALIFORNIA",,,,,,
SP 420,AERÓDROMO,JNZ,JANITZIO,BAJA CALIFORNIA,MEXICALI,DIURNO,SERVICIO PARTICULAR,TERRESTRE,1-A,BARDOMIANO FELIX MURILLO,22.00,,32,30,48.00,114,51,28.00,10,28,475.00,15.00,TERRACERÍA,02/02/2004,180 DIAS,02/08/2003,AGO,2003,NO,INOPERATIVO,"AEROPUERTO INTERNACIONAL DE MEXICALI, BAJA CALIFORNIA",,,,,,
SP 421,AERÓDROMO,CFF,RANCHO SANTA MARIA,CHIHUAHUA,ALDAMA,DIURNO,SERVICIO PARTICULAR,TERRESTRE,1-A,"COMPAÑÍA GANADERA DE SANTA MARIA, S. DE R.L., DE C.V.","1,190.00",WGS-84,28,45,13.20,105,40,40.43,15,33,700.00,15.00,TERRACERÍA,15/08/2008,5 AÑOS,15/08/2013,AGO,2013,NO,INOPERATIVO,"AEROPUERTO INTERNACIONAL DE CHIHUAHUA, CHIHUAHUA",,,,,,
SP 422,AERÓDROMO,CZP,COSALÁ,SINALOA,COSALÁ,DIURNO,SERVICIO PARTICULAR,TERRESTRE,1-A,"H. AYUNTAMIENTO MUNICIPAL DE COSALA, SINALOA",396.00,WGS-84,24,25,13.00,106,41,57.00,13,31,"1,160.00",14.00,ASFALTO,24/09/2015,15 AÑOS,24/09/2030,SEP,2030,SI,VIGENTE,"AEROPUERTO INTERNACIONAL DE CULIACAN, SINALOA",,,,,,
SP 423,AERÓDROMO,SJW,SAN JUAN DE NOROTAL,DURANGO,TAMAZULA,DIURNO,SERVICIO PARTICULAR,TERRESTRE,1-A,RAMON CAMARGO REYES,647.00,WGS-84,25,9,4.00,106,58,45.00,12,30,360.00,20.00,TERRACERÍA,29/09/2009,180 DIAS,29/03/2010,MAR,2010,NO,INOPERATIVO,"AEROPUERTO INTERNACIONAL DE DURANGO, DURANGO",,,,,,
SP 424,AERÓDROMO,GSD,GANADERIA SANTO DOMINGO,COAHUILA,MELCHOR MUZQUIZ,DIURNO,SERVICIO PARTICULAR,TERRESTRE,1-A,"COMPAÑÍA GANADERA SANTO DOMINGO, S.A.","1,335.00",WGS-84,28,56,34.00,102,23,35.00,11,29,762.00,20.00,TERRACERÍA,31/01/2002,90 DÍAS,SIN AUTORIZACIÓN,MAY,2002,NO,INOPERATIVO,"AEROPUERTO INTERNACIONAL DE PIEDRAS NEGRAS, COAHUILA",,,,,,
SP 425,AERÓDROMO,BAB,BABORIGAME,CHIHUAHUA,GUADALUPE Y CALVO,DIURNO,SERVICIO PARTICULAR,TERRESTRE,1-A,EJIDO DE BABORIGAME,"1,967.00",WGS-84,26,25,53.00,107,16,14.00,17,35,767.00,15.00,TERRACERÍA,12/10/2022,15 AÑOS,12/10/2037,OCT,2037,SI,VIGENTE ,"AEROPUERTO INTERNACIONAL DE CHIHUAHUA, CHIHUAHUA",,,,,,
SP 426,AERÓDROMO,HZU,HUATABAMPO,SONORA,HUATABAMPO,DIURNO,SERVICIO PARTICULAR,TERRESTRE,2-A,H. AYUNTAMIENTO DE HUATABAMPO,3.00,,26,48,49.80,109,38,29.40,5,23,900.00,25.00,TERRACERÍA,SIN AUTORIZACIÓN,,SIN AUTORIZACIÓN,ENE,2001,NO,INOPERATIVO,"AEROPUERTO INTERNACIONAL DE CIUDAD OBREGON, SONORA",,,,,,
SP 427,AERÓDROMO,HDC,HACIENDA EL CABALLO,COAHUILA,ZARAGOZA,DIURNO,SERVICIO PARTICULAR,TERRESTRE,2-B,HECTOR MARTINEZ MARTINEZ,480.00,WGS-84,28,54,24.60,101,9,56.40,17,35,"1,000.00",35.00,TERRACERÍA,15/09/2025,180 DIAS,15/03/2026,MAR,2026,NO,EN TRAMITE,"AEROPUERTO DE CIUDAD VICTORIA, TAMAULIPAS",,,,,,
SP 428,AERÓDROMO,AUN,AUTLAN DE NAVARRO,JALISCO,AUTLAN DE NAVARRO,DIURNO,SERVICIO PARTICULAR,TERRESTRE,2-A,"H. AYUNTAMIENTO CONSTITUCIONAL DE AUTLAN DE NAVARRO, JALISCO",885.00,WGS-84,19,44,45.00,104,20,7.00,6,24,"1,340.00",18.00,ASFALTO,01/08/2008,5 AÑOS,01/08/2013,AGO,2013,NO,INOPERATIVO,"AEROPUERTO INTERNACIONAL DE GUADALAJARA, JALISCO",,,,,,
SP 429,AERÓDROMO,EBI,EL BARRIL,BAJA CALIFORNIA,ENSENADA,DIURNO,SERVICIO PARTICULAR,TERRESTRE,2-B,"RANCHO EL BARRIL, S.A.                   ",29.00,WGS-84,28,18,24.80,112,53,6.90,10,28,"1,287.00",20.00,TERRACERÍA,12/04/2018,15 AÑOS,12/04/2033,ABR,2033,SI,VIGENTE,"AEROPUERTO INTERNACIONAL DE ENSENADA, BAJA CALIFORNIA",,,,,,
SP 430,AERÓDROMO,PSF,PUNTA SAN FRANCISQUITO,BAJA CALIFORNIA,ENSENADA,DIURNO,SERVICIO PARTICULAR,TERRESTRE,2-B,"BAGHA MÉXICO, S.A. DE C.V.",3.00,WGS-84,28,24,36.90,112,51,35.50,15,33,943.00,33.00,TERRACERÍA,14/09/2022,15 AÑOS,14/09/2037,SEP,2037,SI,VIGENTE,"AEROPUERTO INTERNACIONAL DE ENSENADA, BAJA CALIFORNIA",,,,,,
SP 431,AERÓDROMO,ACU,CUCUYULAPA,TABASCO,CONDUACAN,DIURNO,SERVICIO PARTICULAR,TERRESTRE,1-A,MIGUEL ANGEL LUNA HERNANDEZ,21.00,WGS-84,17,58,54.80,93,14,31.30,18,36,900.00,10.00,TERRACERÍA,13/10/2015,15 AÑOS,13/10/2030,OCT,2030,SI,VIGENTE,"AEROPUERTO INTERNACIONAL DE VILLAHERMOSA, TABASCO",,,,,,
SP 432,AERÓDROMO,COB,EL COBANO,MICHOACÁN,GABRIEL ZAMORA,DIURNO,SERVICIO PARTICULAR,TERRESTRE,1-A,EJIDO GABRIEL ZAMORA,652.00,WGS-84,19,9,19.00,102,0,16.00,9,27,"1,100.00",15.00,TERRACERÍA,18/12/2012,180 DIAS,18/06/2013,JUN,2013,NO,INOPERATIVO,"AEROPUERTO DE URUAPAN, MICHOACAN",,,,,,
SP 433,AERÓDROMO,JMS,LA HUERTA  (ANTES EL PARAISO),SONORA,CAJEME,DIURNO,SERVICIO PARTICULAR,TERRESTRE,1-A,AERO SERVICIOS Y FUMIGACIONES LA HUERTA S.A. DE C.V.,25.00,WGS-84,27,27,19.00,110,1,14.00,8,26,800.00,8.00,ASFALTO,08/09/2016,15 AÑOS,15/09/2031,SEP,2031,SI,VIGENTE,"AEROPUERTO INTERNACIONAL DE CIUDAD OBREGON, SONORA",,,,,,
SP 434,AERÓDROMO,EBP,EL BUEN PASTOR,BAJA CALIFORNIA,ENSENADA,DIURNO,SERVICIO PARTICULAR,TERRESTRE,1-A,"CENTROS DE MEJORAMIENTO FAMILIAR, A.C.",40.00,,30,34,19.00,115,55,15.52,9,27,600.00,15.00,TERRACERÍA,19/04/2021,15 AÑOS ,19/04/2036,ABR,2036,SI,VIGENTE,"AEROPUERTO INTERNACIONAL DE TIJUANA, BAJA CALIFORNIA",,,,,,
SP 435,AERÓDROMO,PIN,LOS PINOS,BAJA CALIFORNIA,ENSENADA,DIURNO,SERVICIO PARTICULAR,TERRESTRE,2-B,"PRODUCTORA AGRICOLA INDUSTRIAL DEL NOROESTE, S.A. DE C.V.",33.00,WGS-84,30,24,52.20,115,52,7.70,10,28,"1,100.00",18.00,TERRACERÍA,03/05/2019,15 AÑOS,03/05/2034,MAY,2034,SI,VIGENTE,"AEROPUERTO INTERNACIONAL DE TIJUANA, BAJA CALIFORNIA",,,,,,
SP 436,AERÓDROMO,EHS,EX HACIENDA SINALOA,BAJA CALIFORNIA,ENSENADA,DIURNO,SERVICIO PARTICULAR,TERRESTRE,1-A,"SOCIEDAD DE PRODUCCION RURAL ""ALIANZA PARA LA PRODUCCION ROBERTO DE LA MADRID ROMANDIA""",127.00,,30,57,37.00,116,0,56.00,9,27,660.00,20.00,TERRACERÍA,15/08/2000,5 AÑOS,15/08/2005,AGO,2005,NO,INOPERATIVO,"AEROPUERTO INTERNACIONAL DE ENSENADA, BAJA CALIFORNIA",,,,,,
HP 437,HELIPUERTO,HRI,RANCHO LA FORTUNA,PUEBLA,PUEBLA,DIURNO,SERVICIO PARTICULAR,SUPERFICIE,H-1,"SERVICIOS AEREOS POBLANOS, S.A. DE C.V.","2,120.00",WGS-84,19,2,30.90,98,15,39.80,,,,,,09/11/2018,180 DIAS,09/05/2019,MAY,2019,NO,INOPERATIVO,"AEROPUERTO INTERNACIONAL ""HERMANOS SERDÁN"" DE HUEJOTZINGO, PUE.",,,,,,
SP 438,AERÓDROMO,SPL,SERGIO PEREZ DE LEON,NUEVO LEÓN,CADEREYTA,DIURNO,SERVICIO PARTICULAR,TERRESTRE,1-A,"CLUB DE VUELO MONTERREY, S.C.",396.00,WGS-84,25,30,21.12,100,4,58.64,12,30,658.00,20.00,TERRACERÍA,03/04/2014,15 AÑOS,03/04/2029,ABR,2029,SI,VIGENTE,"AEROPUERTO INTERNACIONAL DE MONTERREY, NUEVO LEON",,,,,,
SP 439,AERÓDROMO,GCC,GUACHOCHI,CHIHUAHUA,GUACHOCHI,DIURNO,SERVICIO PARTICULAR,TERRESTRE,1-A,AERO JOMACHA S.A. DE C.V.,"2,439.00",WGS-84,26,50,33.10,107,3,41.00,3,21,800.00,20.00,ASFALTO,02/09/2014,15 AÑOS,02/09/2029,SEP,2029,SI,VIGENTE,"AEROPUERTO INTERNACIONAL DE CHIHUAHUA, CHIHUAHUA",,,,,,
SP 440,AERÓDROMO,LGK,VALENTINA (ANTES LA GLORIA),SONORA,LA COLORADA,DIURNO,SERVICIO PARTICULAR Y A TERCEROS,TERRESTRE,1-A,IRANNIA ADALI PÉREZ,260.00,WGS-84,28,54,43.59,110,48,43.29,7,25,764.00,10.00,TERRACERÍA,30/07/2021,15 AÑOS,30/07/2036,JUL,2036,SI,VIGENTE,"AEROPUERTO INTERNACIONAL DE HERMOSILLO, SONORA",,,,,,
HP 441,HELIPUERTO,HTW,TELEVISA SAN ANGEL,CIUDAD DE MÉXICO,ALVARO OBREGON,DIURNO Y NOCTURNO,SERVICIO PARTICULAR,ELEVADO,H-1,"TELEVISA, S.A. DE C.V.","2,369.00",WGS-84,19,20,39.22,99,12,14.53,,,,,,03/02/2016,15 AÑOS,03/02/2031,FEB,2031,SI,VIGENTE,"AEROPUERTO INTERNACIONAL DE LA CIUDAD DE MEXICO, CIUDAD DE MEXICO",,,,,,
SP 442,AERÓDROMO,FAP,FUMIGACIONES AEREAS PEREZ,SINALOA,MOCORITO,DIURNO,SERVICIO PARTICULAR,TERRESTRE,1-A,LUIS ENRIQUE PEREZ PACHECO,20.00,WGS-84,24,57,54.72,107,45,16.50,2,20,770.00,10.00,TERRACERÍA,23/03/2017,15 AÑOS,23/03/2032,MAR,2032,SI,VIGENTE,"AEROPUERTO INTERNACIONAL DE CULIACAN, SINALOA",,,,,,
SP 443,AERÓDROMO,LUE,EL LAUREL,DURANGO,TOPIA,DIURNO,SERVICIO PARTICULAR,TERRESTRE,1-A,URBANO ANGULO ESTRADA,"1,000.00",,25,14,14.00,106,50,11.00,6,24,450.00,10.00,TERRACERÍA,07/02/2005,180 DIAS,07/08/2005,AGO,2005,NO,INOPERATIVO,"AEROPUERTO INTERNACIONAL DE DURANGO, DURANGO",,,,,,
HP 444,BARCO-HELIPUERTO,HFX,SEA FOX 2,CAMPECHE,CIUDAD DEL CARMEN,DIURNO,SERVICIO PARTICULAR,HELIPUERTO MIXTO,H-1,"SERVICIOS MARITIMOS DE CAMPECHE, S.A. DE C.V.",0.00,WGS-84,19,30,27.40,92,0,0.90,NO APLICA,NO APLICA,,,,SIN AUTORIZACIÓN,,SIN AUTORIZACIÓN,AGO,2007,NO,INOPERATIVO,"AEROPUERTO INTERNACIONAL DE CIUDAD DEL CARMEN, CAMPECHE",,,,,,
HP 445,HELIPUERTO,HPT,PASEO TEC,NUEVO LEÓN,MONTERREY,DIURNO,SERVICIO PARTICULAR,ELEVADO,H-1,"INMOBILIARIA MULTIMEDIOS TURISMO, S.A. DE C.V.",624.00,WGS-84,25,39,17.28,100,17,34.30,,,,,,29/04/2019,15 AÑOS,29/04/2034,ABR,2034,SI,VIGENTE,"AEROPUERTO INTERNACIONAL DEL NORTE, NUEVO LEON",,,,,,
SP 446,AERÓDROMO,NAH,NAHUATL,DURANGO,MEZQUITAL,DIURNO,SERVICIO PARTICULAR,TERRESTRE,1-A,EJIDO SAN PEDRO XICORA,"1,010.00",WGS-84,22,41,39.00,104,37,15.00,16,34,420.00,7.00,TERRACERÍA,10/03/2004,180 DIAS,10/09/2004,SEP,2004,NO,INOPERATIVO,"AEROPUERTO INTERNACIONAL DE DURANGO, DURANGO",,,,,,
SP 447,AERÓDROMO,VDS,LOS VENADOS,TAMAULIPAS,SOTO LA MARINA,DIURNO,SERVICIO PARTICULAR,TERRESTRE,2-A,ALFREDO MARTIN ESPER CANAVATI,61.00,NAD 27,23,31,30.00,98,2,0.00,12,30,"1,200.00",15.00,TERRACERÍA,03/02/1997,30 DÍAS,SIN AUTORIZACIÓN,DIC,2009,NO,INOPERATIVO,"AEROPUERTO DE CIUDAD VICTORIA, TAMAULIPAS",,,,,,
SP 448,AERÓDROMO,MTO,RANCHO MEDIO SITIO,GUANAJUATO,SILAO,DIURNO,SERVICIO PARTICULAR,TERRESTRE,1-A,"AGRICOLA ZARATTINI, S.A. DE C.V.",NO DISPONIBLE,NAD 27,20,52,7.00,101,21,20.00,,,,,TERRACERÍA,SIN AUTORIZACIÓN,,SIN AUTORIZACIÓN,ENE,2002,NO,INOPERATIVO,"AEROPUERTO INTERNACIONAL DE GUANAJUATO, GUANAJUATO",,,,,,
SP 449,AERÓDROMO,JYA,LA JOYA,CAMPECHE,CHAMPOTON,DIURNO,SERVICIO PARTICULAR,TERRESTRE,1-A,FLORENTINO ORTEGA JIMENEZ       ,3.00,WGS-84,19,28,26.10,90,39,47.70,13,31,"1,000.00",15.00,TERRACERÍA,27/01/2020,15 AÑOS,27/01/2035,ENE,2035,SI,VIGENTE,"AEROPUERTO INTERNACIONAL DE CAMPECHE, CAMPECHE",,,,,,
SP 450,AERÓDROMO,CSS,CUESTECITAS,TAMAULIPAS,ALDAMA,DIURNO,SERVICIO PARTICULAR,TERRESTRE,1-A,ROBERTO GROSSMANN LATOFSKI,40.00,WGS-84,22,46,24.28,98,3,1.50,16,34,930.00,12.00,TERRACERÍA,01/10/2015,15 AÑOS,01/10/2030,OCT,2030,SI,VIGENTE,"AEROPUERTO INTERNACIONAL DE TAMPICO, TAMAULIPAS",,,,,,
SP 451,AERÓDROMO,LVL,LA VAINILLA,DURANGO,TAMAZULA,DIURNO,SERVICIO PARTICULAR,TERRESTRE,1-A,MARCOS TORRES ANGULO,700.00,,25,11,36.00,106,51,36.00,18,36,450.00,10.00,TERRACERÍA,22/07/2003,60 DÍAS,SIN AUTORIZACIÓN,SEP,2003,NO,INOPERATIVO,"AEROPUERTO INTERNACIONAL DE DURANGO, DURANGO",,,,,,
HP 452,HELIPUERTO,HPW,GOBIERNO DEL ESTADO DE PUEBLA,PUEBLA,PUEBLA,DIURNO,SERVICIO PARTICULAR,SUPERFICIE,H-1,GOBIERNO DEL ESTADO DE PUEBLA,"2,224.00",WGS-84,19,4,35.07,98,9,50.00,,,,,,23/08/2022,180 DIAS,23/02/2023,FEB,2023,NO,EN TRAMITE,"AEROPUERTO INTERNACIONAL ""HERMANOS SERDÁN"" DE HUEJOTZINGO, PUE.",,,,,,
SP 453,AERÓDROMO,SIY,SAN IGNACIO,BAJA CALIFORNIA SUR,MULEGE,DIURNO,SERVICIO PARTICULAR,TERRESTRE,2-A,"EJIDO SAN IGNACIO, BAJA CALIFORNIA SUR",200.00,NAD 27,27,17,45.40,112,56,16.33,4,22,"1,500.00",60.00,TERRACERÍA,12/03/2008,45 DÍAS,SIN AUTORIZACIÓN,MAY,2008,NO,INOPERATIVO,"AEROPUERTO INTERNACIONAL DE LORETO, BAJA CALIFORNIA SUR",,,,,,
SP 454,AERÓDROMO,CSX,CAMPO SAN JAVIER,SINALOA,GUASAVE,DIURNO,SERVICIO PARTICULAR,TERRESTRE,1-A,RICARDO LIERA INZUNZA,12.00,WGS-84,25,27,54.48,108,19,57.34,10,28,700.00,6.00,TERRACERÍA,20/07/2018,15 AÑOS,20/07/2033,JUL,2033,SI ,VIGENTE,"AEROPUERTO INTERNACIONAL DE LOS MOCHIS, SINALOA",,,,,,
HP 455,BARCO-HELIPUERTO,HAF,JAGUAR                           (ANTES ATUN VI),CHIAPAS,PUERTO MADERO,DIURNO,SERVICIO PARTICULAR,HELIPUERTO MIXTO,H-1,"PESCA CHIAPAS, S.A. DE C.V.",5.00,WGS-84,14,42,14.38,92,23,45.98,NO APLICA,NO APLICA,,,,25/08/2020,15 AÑOS,28/08/2035,AGO,2035,SI,VIGENTE,"AEROPUERTO INTERNACIONAL DE TAPACHULA, CHIAPAS",,,,,,
HP 456,HELIPUERTO,HTI,TITANIC,BAJA CALIFORNIA,ROSARITO,DIURNO,SERVICIO PARTICULAR,SUPERFICIE,H-2,ESTUDIOS STUDIOS DE LA PLAYA S.A. DE C.V.,5.00,WGS-84,32,17,11.00,117,2,17.00,,,,,,20/11/2019,180 DIAS ,20/05/2020,MAY,2020,NO,INOPERATIVO,"AEROPUERTO INTERNACIONAL DE TIJUANA, BAJA CALIFORNIA",,,,,,
SP 457,AERÓDROMO,CTK,CHANTOL,SAN LUIS POTOSÍ,CIUDAD VALLES,DIURNO,SERVICIO PARTICULAR,TERRESTRE,1-A,JOSE LUIS CURIEL YAÑEZ,110.00,,22,5,40.00,99,5,33.00,8,26,680.00,11.00,TERRACERÍA,02/05/2000,60 DÍAS,SIN AUTORIZACIÓN,JUL,2000,NO,INOPERATIVO,"AEROPUERTO INTERNACIONAL DE SAN LUIS POTOSI, SAN LUIS POTOSI",,,,,,
SP 458,AERÓDROMO,NOA,LA NORIA,SINALOA,CULIACAN,DIURNO,SERVICIO PARTICULAR,TERRESTRE,1-A,MARIO ALBERTO OCHOA HERRERA,29.00,WGS-84,24,54,18.00,107,16,55.00,16,34,760.00,11.04,TUCURUGUAY COMPACTADO,20/11/2018,15 AÑOS,20/11/2033,NOV,2033,SI,VIGENTE,"AEROPUERTO INTERNACIONAL DE LOS MOCHIS, SINALOA",,,,,,
SP 459,AERÓDROMO,AGS,SAN AGUSTIN,SONORA,SAN IGNACIO,DIURNO,SERVICIO PARTICULAR,TERRESTRE,1-A,JOSE AGUSTIN SOSA SALAZAR,31.00,WGS-84,27,24,23.00,110,14,2.00,17,35,450.00,18.00,TERRACERÍA,24/01/2006,5 AÑOS,24/01/2011,ENE,2011,NO,INOPERATIVO,"AEROPUERTO INTERNACIONAL DE CIUDAD OBREGON, SONORA",,,,,,
SP 460,AERÓDROMO,FNL,EL FRESNAL,CHIHUAHUA,ASCENCION,DIURNO,SERVICIO PARTICULAR,TERRESTRE,2-A,KELLY LAVON JONES JONES,"1,234.00",,31,2,0.00,107,31,50.00,10,28,"1,000.00",17.00,TERRACERÍA,24/05/2004,180 DIAS,24/11/2004,NOV,2004,NO,INOPERATIVO,"AEROPUERTO INTERNACIONAL DE CIUDAD JUAREZ, CHIHUAHUA",,,,,,
HP 461,BARCO-HELIPUERTO,HMS,MARIA VERONICA,COLIMA,MANZANILLO,DIURNO,SERVICIO PARTICULAR,HELIPUERTO MIXTO,H-1,"MARATUN, S.A. DE C.V.",0.00,NO APLICA,NO APLICA,NO APLICA,NO APLICA,NO APLICA,NO APLICA,NO APLICA,NO APLICA,NO APLICA,,,,19/12/2018,180 DIAS,19/06/2019,JUN,2019,NO,INOPERATIVO,"AEROPUERTO INTERNACIONAL DE MANZANILLO, COLIMA",,,,,,
SP 462,AERÓDROMO,SIL,SAN ISIDRO LABRADOR,SONORA,CAJEME,DIURNO,SERVICIO PARTICULAR,TERRESTRE,1-A,RAUL ARREDONDO MACHADO,30.00,WGS-84,27,22,13.50,109,54,28.30,17,35,500.00,15.00,TERRACERÍA,03/08/2015,15 AÑOS,03/08/2030,AGO,2030,SI,VIGENTE,"AEROPUERTO INTERNACIONAL DE CIUDAD OBREGON, SONORA",,,,,,
SP 463,AERÓDROMO,LEE,LA ESPERANZA I,MICHOACÁN,NUEVA ITALIA,DIURNO,SERVICIO PARTICULAR,TERRESTRE,1-A,ATIOCO ALVARADO CARRILLO,335.00,WGS-84,18,59,15.10,102,6,43.50,18,36,700.00,25.00,TERRACERÍA,01/04/2005,5 AÑOS,01/04/2010,ABR,2010,NO,EN TRAMITE,"AEROPUERTO DE URUAPAN, MICHOACAN",,,,,,
SP 464,AERÓDROMO,ETG,EL TIGRE,DURANGO,TAMAZULA,DIURNO,SERVICIO PARTICULAR,TERRESTRE,1-A,ANTONIO ESTRADA VISCARRA,600.00,WGS-84,25,8,23.00,106,53,47.00,14,32,350.00,8.00,TERRACERÍA,31/12/2001,90 DÍAS,SIN AUTORIZACIÓN,MAR,2002,NO,INOPERATIVO,"AEROPUERTO INTERNACIONAL DE DURANGO, DURANGO",,,,,,
SP 465,AERÓDROMO,AMD,LAS ALAMANDAS,JALISCO,LA HUERTA,DIURNO,SERVICIO PARTICULAR,TERRESTRE,1-A,LAS ALAMANDAS S.A. DE C.V.,3.00,WGS-84,19,37,22.15,105,10,15.30,17,35,"1,020.00",28.00,ASFALTO,28/03/2016,15 AÑOS,28/03/2031,MAR,2031,SI,VIGENTE,"AEROPUERTO INTERNACIONAL DE MANZANILLO, COLIMA",,,,,,
SP 466,AERÓDROMO,HUV,HUEPAVERACHI,SONORA,NACORI CHICO,DIURNO,SERVICIO PARTICULAR,TERRESTRE,1-A,JOSE MARTIN LUY SIERRA,800.00,WGS-84,29,32,0.54,108,59,37.82,11,29,950.00,22.00,TERRACERÍA,25/09/2018,15 AÑOS,25/09/2033,JUN,2033,SI,VIGENTE,"AEROPUERTO INTERNACIONAL DE CIUDAD OBREGON, SONORA",,,,,,
SP 467,AERÓDROMO,MUT,MUTUTICACHI,SONORA,BACOACHI,DIURNO,SERVICIO PARTICULAR,TERRESTRE,2-A,SERGIO JESUS GONZALEZ ROGEL  Y FERNANDO FRANCISCO GONZALEZ ROGEL,"1,180.00",,36,43,7.00,110,2,17.00,8,26,"1,000.00",22.00,TERRACERÍA,21/01/1991,2 AÑOS,SIN AUTORIZACIÓN,ENE,1993,NO,INOPERATIVO,"AEROPUERTO INTERNACIONAL DE NOGALES, SONORA",,,,,,
HP 468,HELIPUERTO,BLR,BALDER,CAMPECHE,CIUDAD DEL CARMEN,DIURNO,SERVICIO PARTICULAR,SUPERFICIE,H-2,HEEREMA SHIPPING HOLDING B.V. ,7.00,WGS-84,18,38,54.03,91,50,42.74,,,,,,05/06/2008,45 DÍAS,SIN AUTORIZACIÓN,JUL,2008,NO,INOPERATIVO,"AEROPUERTO INTERNACIONAL DE CAMPECHE, CAMPECHE",,,,,,
SP 469,AERÓDROMO,PAG,EL PARAISO,TAMAULIPAS,GONZALEZ,DIURNO,SERVICIO PARTICULAR,TERRESTRE,2-B,"COALICION NACIONAL DE PILOTOS PROPIETARIOS DE AVIONES AGRÍCOLAS, A.C.",65.00,WGS-84,22,48,25.10,98,29,13.20,9,27,800.00,15.00,ASFALTO,02/05/2006,180 DIAS,02/11/2006,NOV,2006,NO,INOPERATIVO,"AEROPUERTO INTERNACIONAL DE TAMPICO, TAMAULIPAS",,,,,,
SP 470,AERÓDROMO,ATG,TONALA,CHIAPAS,TONALA,DIURNO,SERVICIO PARTICULAR,TERRESTRE,1-B,GOBIERNO DEL ESTADO DE CHIAPAS,3.00,WGS-84,15,57,57.00,93,47,45.00,1,19,800.00,30.00,ASFALTO,10/12/2009,180 DÍAS,10/06/2010,JUN,2010,NO,INOPERATIVO,"AEROPUERTO INTERNACIONAL DE TUXTLA GUTIERREZ, CHIAPAS",,,,,,
HP 471,HELIPUERTO,HVA,MARINA  VALLARTA,JALISCO,PUERTO VALLARTA,DIURNO,SERVICIO PARTICULAR,SUPERFICIE,H-1,"NUEVO HORIZONTE INTERNACIONAL, S.A. DE C.V.",6.00,,20,39,11.00,105,14,40.00,,,,,,09/03/2001,30 DÍAS,SIN AUTORIZACIÓN,ABR,2001,NO,INOPERATIVO,"AEROPUERTO INTERNACIONAL DE PUERTO VALLARTA, JALISCO",,,,,,
SP 472,AERÓDROMO,AGZ,AGUA ZARCA DE SAN LUCAS,MICHOACÁN,SAN LUCAS,DIURNO,SERVICIO PARTICULAR,TERRESTRE,1-A,"AEROFUMIGACIONES AGRICOLA Y SERVICIOS AEREOS COORDINADOS, S.A. DE C.V.",280.00,,18,24,2.00,100,38,10.00,13,31,676.00,15.00,TERRACERÍA,29/06/2001,5 AÑOS,29/06/2006,JUN,2006,NO,INOPERATIVO,"AEROPUERTO DE URUAPAN, MICHOACAN",,,,,,
SP 473,AERÓDROMO,MFP (ANTES FRA),LA ALAMEDA MOCORITO,SINALOA,MOCORITO,DIURNO,SERVICIO PARTICULAR,TERRESTRE,1-A,MISSAEL FIGUEROA PÉREZ,80.00,WGS-84,25,28,47.70,107,55,56.30,9,27,600.00,20.00,TERRACERÍA,18/04/2016,15 AÑOS,18/04/2031,ABR,2031,SI,VIGENTE,"AEROPUERTO INTERNACIONAL DE CULIACAN, SINALOA",,,,,,
SP 474,AERÓDROMO,NGS,LOS NOGALES,CHIHUAHUA,SAN BUENAVENTURA,DIURNO,SERVICIO PARTICULAR,TERRESTRE,2-B,JORGE PABLO GOMEZ MORA,"1,890.00",NAD 27,29,38,0.00,107,8,45.00,4,22,"1,200.00",30.00,TERRACERÍA,SIN AUTORIZACIÓN,,SIN AUTORIZACIÓN,ABR,1995,NO,INOPERATIVO,"AEROPUERTO INTERNACIONAL DE CHIHUAHUA, CHIHUAHUA",,,,,,
SP 475,AERÓDROMO,RGA,GUADALUPE DE LLERA,TAMAULIPAS,VILLA DE LLERA,DIURNO,SERVICIO PARTICULAR,TERRESTRE,1-B,RAFAEL HERRERIAS OLEA,100.00,NAD 27,23,23,18.60,98,46,58.00,18,36,800.00,20.00,CONCRETO,01/02/1991,2 AÑOS,SIN AUTORIZACIÓN,FEB,1993,NO,INOPERATIVO,"AEROPUERTO DE CIUDAD VICTORIA, TAMAULIPAS",,,,,,
SP 476,AERÓDROMO,PBL,PUEBLITO,CHIHUAHUA,ALDAMA,DIURNO,SERVICIO PARTICULAR,TERRESTRE,1-A,"HUERTA EL PUEBLITO, S.A. DE C.V.","1,040.00",WGS-84,29,4,3.00,105,7,16.60,10,28,600.00,29.00,TERRACERÍA,23/10/2021,15 AÑOS,23/10/2036,OCT,2036,SI,VIGENTE,"AEROPUERTO INTERNACIONAL DE CHIHUAHUA, CHIHUAHUA",,,,,,
HP 477,HELIPUERTO,HSV,ALSAVISION,CIUDAD DE MÉXICO,MIGUEL HIDALGO,DIURNO,SERVICIO PARTICULAR,ELEVADO,H-1,"INMUEBLES MOSE, S.A.","2,293.00",WGS-84,19,26,12.00,99,12,5.00,,,,,,05/08/2013,15 AÑOS,05/08/2028,AGO,2028,SI,VIGENTE,"AEROPUERTO INTERNACIONAL DE LA CIUDAD DE MEXICO, CIUDAD DE MEXICO",,,,,,
SP 478,AERÓDROMO,MOX,SANTA MARIA DE OTAEZ,DURANGO,OTAEZ,DIURNO,SERVICIO PARTICULAR,TERRESTRE,1-A,H. AYUNTAMIENTO CONSTITUCIONAL DE OTAEZ,"1,372.00",NAD 27,24,42,0.00,106,0,0.00,8,26,400.00,9.00,TERRACERÍA,15/01/2007,180 DÍAS,15/07/2007,JUL,2007,NO,INOPERATIVO,"AEROPUERTO INTERNACIONAL DE DURANGO, DURANGO",,,,,,
SP 479,AERÓDROMO,VES,VALLECILLOS,CHIHUAHUA,JIMÉNEZ,DIURNO,SERVICIO PARTICULAR,TERRESTRE,1-A,SIGIFREDO Y/O CARLOS CORRAL ROBLES         ,"1,615.00",NAD 27,27,20,0.00,104,12,0.00,6,24,600.00,15.00,TERRACERÍA,12/09/1995,2 AÑOS,SIN AUTORIZACIÓN,SEP,1997,NO,INOPERATIVO,"AEROPUERTO INTERNACIONAL DE CHIHUAHUA, CHIHUAHUA",,,,,,
SP 480,AERÓDROMO,SPX,SAN PEDRO DE AZAFRANES,DURANGO,SANTA MARIA DE OTAEZ,DIURNO,SERVICIO PARTICULAR,TERRESTRE,1-A,H. AYUNTAMIENTO CONSTITUCIONAL DE SANTA MARIA DE OTAEZ,595.00,NAD 27,24,43,30.00,106,5,0.00,17,35,375.00,10.00,TERRACERÍA,SIN AUTORIZACIÓN,,SIN AUTORIZACIÓN,ENE,2000,NO,INOPERATIVO,"AEROPUERTO INTERNACIONAL DE DURANGO, DURANGO",,,,,,
HP 481,HELIPUERTO,HJW,J.W. MARRIOTT,CIUDAD DE MÉXICO,MIGUEL HIDALGO,DIURNO,SERVICIO PARTICULAR,ELEVADO,H-1,"EL CRISA, S.A. DE C.V.","2,278.00",NAD 27,19,25,34.15,99,11,42.87,,,,,,14/10/2003,60 DÍAS,SIN AUTORIZACIÓN,DIC,2003,NO,INOPERATIVO,"AEROPUERTO INTERNACIONAL DE LA CIUDAD DE MEXICO, CIUDAD DE MEXICO",,,,,,
HP 482,HELIPUERTO,HEA,HELITUNA,BAJA CALIFORNIA,ENSENADA,DIURNO,SERVICIO PARTICULAR,SUPERFICIE,H-1,"HELITUNA DE ENSENADA, S.A. DE C.V.",20.00,NAD 27,31,54,16.20,116,42,48.00,,,,,,14/05/2001,90 DÍAS,SIN AUTORIZACIÓN,AGO,2001,NO,INOPERATIVO,"AEROPUERTO INTERNACIONAL DE ENSENADA, BAJA CALIFORNIA",,,,,,
SP 483,AERÓDROMO,RYA,LA RAYA,MICHOACÁN,TEPALCATEPEC,DIURNO,SERVICIO PARTICULAR,TERRESTRE,2-A,JUAN MANUEL JUAREZ BAROCIO,341.00,WGS-84,19,8,15.00,102,48,3.00,15,33,"1,100.00",12.00,TERRACERÍA,21/10/2003,180 DÍAS,21/04/2004,ABR,2004,NO,INOPERATIVO,"AEROPUERTO DE URUAPAN, MICHOACAN",,,,,,
SP 484,AERÓDROMO,LCX,LOS CERONES,SAN LUIS POTOSÍ,EBANO,DIURNO,SERVICIO PARTICULAR,TERRESTRE,1-A,JAVIER BENITEZ OROPEZA,30.00,WGS-84,22,8,23.60,98,30,59.60,8,26,660.00,15.00,TERRACERÍA,06/02/2008,180 DÍAS,06/08/2008,NOV,2010,NO,INOPERATIVO,"AEROPUERTO INTERNACIONAL DE TAMPICO, TAMAULIPAS",,,,,,
SP 485,AERÓDROMO,LOB,LOS LOBOS,CHIHUAHUA,BUENAVENTURA,DIURNO,SERVICIO PARTICULAR,TERRESTRE,2-B,JOSE LUIS MORA FLORES                 ,"2,072.00",NAD 27,29,25,30.00,107,5,0.00,9,27,"1,500.00",30.00,TERRACERÍA,SIN AUTORIZACIÓN,,SIN AUTORIZACIÓN,JUL,2009,NO,INOPERATIVO,"AEROPUERTO INTERNACIONAL DE CHIHUAHUA, CHIHUAHUA",,,,,,
SP 486,AERÓDROMO,RNC,EL RINCON,DURANGO,TOPIA,DIURNO,SERVICIO PARTICULAR,TERRESTRE,1-A,FRANCISCO NUÑEZ ÁNGULO.,543.00,,25,14,10.20,106,46,18.20,9,27,450.00,10.00,TERRACERÍA,13/07/2007,180 DÍAS,13/01/2008,ENE,2008,NO,INOPERATIVO,"AEROPUERTO INTERNACIONAL DE DURANGO, DURANGO",,,,,,
SP 487,AERÓDROMO,VSP,LOS VIOLINES PONIENTE,CHIHUAHUA,VILLA AHUMADA,DIURNO,SERVICIO PARTICULAR,TERRESTRE,1-A,REGINA CHAVEZ WISBRUN                 ,"1,270.00",,30,18,30.00,106,28,45.00,13,31,800.00,30.00,TERRACERÍA,SIN AUTORIZACIÓN,,SIN AUTORIZACIÓN,ABR,1995,NO,INOPERATIVO,"AEROPUERTO INTERNACIONAL DE CHIHUAHUA, CHIHUAHUA",,,,,,
SP 488,AERÓDROMO,LHI  ,LA CHALINA,COAHUILA,PROGRESO,DIURNO,SERVICIO PARTICULAR,TERRESTRE,2-A,CARLOS CHAVARRIA MUZQUIZ              ,274.00,,27,27,0.00,100,51,0.00,12,30,"1,500.00",20.00,TERRACERÍA,18/02/1991,2 AÑOS,SIN AUTORIZACIÓN,FEB,1993,NO,INOPERATIVO,"AEROPUERTO INTERNACIONAL ""PLAN DE GUADALUPE"" DE RAMOS ARIZPE, COAH.",,,,,,
SP 489,AERÓDROMO,ANP,AND PORT,MICHOACÁN,BUENAVISTA TOMATLÁN,DIURNO,SERVICIO PARTICULAR,TERRESTRE,1-A,CONSUELO MENDOZA TORRES,413.00,WGS-84,19,13,40.05,102,41,8.41,9,27,850.00,12.00,TERRACERÍA,18/05/2012,180 DÍAS,18/11/2012,NOV,2012,NO,INOPERATIVO,"AEROPUERTO DE URUAPAN, MICHOACAN",,,,,,
SP 490,AERÓDROMO,VQS,VAQUERIAS,NUEVO LEÓN,CHINA,DIURNO,SERVICIO PARTICULAR,TERRESTRE,2-A,"DICAMEX, A.C.",146.00,,25,5,0.00,99,0,0.00,9,27,"1,000.00",20.00,TERRACERÍA,SIN AUTORIZACIÓN,,SIN AUTORIZACIÓN,ABR,1993,NO,INOPERATIVO,"AEROPUERTO INTERNACIONAL DEL NORTE, NUEVO LEON",,,,,,
SP 491,AERÓDROMO,CDM,LAS HUASTECAS,TAMAULIPAS,CIUDAD MANTE,DIURNO,SERVICIO PARTICULAR,TERRESTRE,3-A,H. AYUNTAMIENTO CONSTITUCIONAL DE CIUDAD MANTE    ,83.00,,22,44,21.39,99,1,5.83,18,36,"1,600.00",25.00,ASFALTO,25/06/2008,180 DÍAS,25/12/2008,ENE,2010,NO,INOPERATIVO,"AEROPUERTO DE CIUDAD VICTORIA, TAMAULIPAS",,,,,,
SP 492,AERÓDROMO,CDG,GRAL. ROBERTO FIERRO,CHIHUAHUA,CIUDAD GUERRERO,DIURNO,SERVICIO PARTICULAR,TERRESTRE,2-A,H. AYUNTAMIENTO CD. GUERRERO,"2,072.00",,28,34,5.00,107,28,2.00,16,34,900.00,18.00,TERRACERÍA,03/11/2003,90 DÍAS,03/01/2004,ENE,2004,NO,INOPERATIVO,"AEROPUERTO INTERNACIONAL DE CHIHUAHUA, CHIHUAHUA",,,,,,
HP 493,HELIPUERTO,HIR,INFORED,CIUDAD DE MÉXICO,ALVARO OBREGON,DIURNO,SERVICIO PARTICULAR,ELEVADO,H-1,"INFORED, S.A. DE C.V.","2,484.00",NAD 27,19,18,0.00,99,13,20.00,,,,,,15/08/2000,30 DÍAS,SIN AUTORIZACIÓN,SEP,2000,NO,INOPERATIVO,"AEROPUERTO INTERNACIONAL DE LA CIUDAD DE MEXICO, CIUDAD DE MEXICO",,,,,,
SP 494,AERÓDROMO,REC,RANCHO LA ESCONDIDA,COAHUILA,ZARAGOZA,DIURNO,SERVICIO PARTICULAR,TERRESTRE,1-A,ELIZABETH SPENCE FENNELL,991.00,WGS-84,28,51,34.00,101,52,29.00,10,28,860.00,10.00,TERRACERÍA,02/09/2016,15 AÑOS,02/09/2031,SEP,2031,SI,VIGENTE,"AEROPUERTO INTERNACIONAL DE PIEDRAS NEGRAS, COAHUILA",,,,,,
HP 495,HELIPUERTO,HDX,PALACIO DE HIERRO DURANGO,CIUDAD DE MÉXICO,CUAUHTÉMOC,DIURNO,SERVICIO PARTICULAR,ELEVADO,H-1,"PALACIO DE HIERRO, S.A. DE C.V.","2,267.00",WGS-84,19,25,7.46,99,10,8.66,,,,,,26/07/2018,15 AÑOS,26/07/2033,JUL,2033,SI,VIGENTE,"AEROPUERTO INTERNACIONAL DE LA CIUDAD DE MEXICO, CIUDAD DE MEXICO",,,,,,
SP 496,AERÓDROMO,CTF,EL CONTADERO,TAMAULIPAS,SOTO LA MARINA,DIURNO,SERVICIO PARTICULAR,TERRESTRE,2-A,ANTONIO MARIO FERNANDEZ QUIROGA              ,7.00,WGS-84,23,47,12.89,97,52,41.34,10,28,"1,600.00",15.00,TERRACERÍA,31/08/2016,15 AÑOS,31/08/2031,AGO,2031,SI,VIGENTE,"AEROPUERTO DE CIUDAD VICTORIA, TAMAULIPAS",,,,,,
HP 497,HELIPUERTO,HHP,TORRE MEDICA HOSPITAL PUEBLA,PUEBLA,PUEBLA,DIURNO,SERVICIO PARTICULAR,ELEVADO,H-1,TORRE MEDICA HOSPITAL PUEBLA A.C.,"2,124.00",WGS-84,19,1,42.00,98,13,42.00,,,,,,SIN AUTORIZACIÓN,,SIN AUTORIZACIÓN,,,NO,INOPERATIVO,"AEROPUERTO INTERNACIONAL ""HERMANOS SERDÁN"" DE HUEJOTZINGO, PUE.",,,,,,
SP 498,AERÓDROMO,IHC,INGENIO DE HUIXTLA,CHIAPAS,HUIXTLA,DIURNO,SERVICIO PARTICULAR,TERRESTRE,1-A,"INGENIO DE HUIXTLA, S.A. DE C.V.",19.00,WGS-84,15,5,10.62,92,30,10.79,13,31,950.00,6.00,CONCRETO HIDRAHULICO Y TERRACERIA,25/05/2016,15 AÑOS,26/05/2031,MAY,2031,SI,VIGENTE,"AEROPUERTO INTERNACIONAL DE TAPACHULA, CHIAPAS",,,,,,
SP 499,AERÓDROMO,CPA,CAMPO ARCADIA,SINALOA,CULIACAN,DIURNO,SERVICIO PARTICULAR,TERRESTRE,1-A,ARTURO ORTIZ HERNANDEZ Y/O ROBERTO ORTIZ HERNANDEZ,10.00,,24,30,43.80,107,28,28.10,17,35,800.00,10.00,TERRACERÍA,24/08/1999,180 DÍAS,SIN AUTORIZACIÓN,DIC,1999,NO,INOPERATIVO,"AEROPUERTO INTERNACIONAL DE CULIACAN, SINALOA",,,,,,
SP 500,AERÓDROMO,LAX,LAS AGUILAS,SINALOA,GUASAVE,DIURNO,SERVICIO PARTICULAR,TERRESTRE,1-A,"ALPROSA, S.P.R. DE R.S.",25.00,,25,40,38.00,108,33,1.00,13,31,800.00,15.00,ASFALTO,16/03/2000,30 DÍAS,SIN AUTORIZACIÓN,ABR,2000,NO,INOPERATIVO,"AEROPUERTO INTERNACIONAL DE LOS MOCHIS, SINALOA",,,,,,
SP 501,AERÓDROMO,REJ,EL JARALITO,COAHUILA,MELCHOR MUZQUIZ,DIURNO,SERVICIO PARTICULAR,TERRESTRE,1-C,EVERARDO MUZQUIZ ELGUEZABAL,480.00,,28,5,12.00,101,31,51.00,13,31,700.00,30.00,TERRACERÍA,01/08/2005,5 AÑOS,01/08/2010,AGO,2010,NO,INOPERATIVO,"AEROPUERTO INTERNACIONAL DE PIEDRAS NEGRAS, COAHUILA",,,,,,
SP 502,AERÓDROMO,RTA,RANCHO SANTA ANITA,CHIHUAHUA,COYAME,DIURNO,SERVICIO PARTICULAR,TERRESTRE,1-A,EUGENIO BAEZA MONTES,"1,553.00",WGS-84,29,40,26.00,105,17,20.00,9,27,"2,000.00",20.00,ASFALTO,03/01/2017,15 AÑOS,03/01/2032,ENE,2032,SI,VIGENTE,"AEROPUERTO INTERNACIONAL DE CHIHUAHUA, CHIHUAHUA",,,,,,
SP 503,AERÓDROMO,RLR,RANCHO LA ROSITA,COAHUILA,MELCHOR MUZQUIZ,DIURNO,SERVICIO PARTICULAR,TERRESTRE,1-A,CORNELIA FRAZIER SANFORD,594.00,WGS-84,28,20,52.00,101,40,22.00,13,31,800.00,8.00,TERRACERÍA,30/04/2007,5 AÑOS,30/04/2012,ABR,2012,NO,INOPERATIVO,"AEROPUERTO INTERNACIONAL DE PIEDRAS NEGRAS, COAHUILA",,,,,,
SP 504,AERÓDROMO,LFA,LA FLORIDA,TABASCO,TEAPA,DIURNO,SERVICIO PARTICULAR,TERRESTRE,1-A,"PRODUCTORES AGRICOLAS DE LA SIERRA, S.C. DE R.L. DE C.V.",17.00,WGS-84,17,39,15.90,92,58,3.00,9,27,650.00,10.00,ASFALTO,07/05/2015,15 AÑOS,07/05/2030,MAY,2030,SI,VIGENTE,"AEROPUERTO INTERNACIONAL DE VILLAHERMOSA, TABASCO",,,,,,
SP 505,AERÓDROMO,MLP,MINERA LA PERLA ,CHIHUAHUA,CAMARGO,DIURNO,SERVICIO PARTICULAR,TERRESTRE,PENDIENTE,"COMPAÑÍA MINERA DE FIERRO LA PERLA, S.A. DE C.V.","1,520.00",WGS-84,28,20,31.52,104,30,54.65,18,,"1,514.00",,TERRACERÍA,09/09/2021,6 AÑOS ,24/05/2027,MAY,2027,SI,VIGENTE ,"AEROPUERTO INTERNACIONAL DE CHIHUAHUA, CHIHUAHUA",,,,,,
SP 506,AERÓDROMO,LST,LA SIERRITA,SINALOA,SAN IGNACIO,DIURNO,SERVICIO PARTICULAR,TERRESTRE,1-A,EJIDO PUEBLO VIEJO,"1,402.00",,24,7,30.00,106,8,0.00,17,35,400.00,10.00,TERRACERÍA,28/02/2001,180 DÍAS,SIN AUTORIZACIÓN,AGO,2001,NO,INOPERATIVO,"AEROPUERTO INTERNACIONAL DE CULIACAN, SINALOA",,,,,,
SP 507,AERÓDROMO,LDC,LIMON DE LOS CASTAÑEDA,SINALOA,SAN IGNACIO,DIURNO,SERVICIO PARTICULAR,TERRESTRE,1-A,EJIDO LIMON DE LOS CASTAÑEDA,762.00,,24,7,0.00,106,15,0.00,5,23,500.00,10.00,TERRACERÍA,SIN AUTORIZACIÓN,,SIN AUTORIZACIÓN,ENE,1990,NO,INOPERATIVO,"AEROPUERTO INTERNACIONAL DE CULIACAN, SINALOA",,,,,,
SP 508,AERÓDROMO,BVA,BUENAVISTA DE ATASCADEROS ,CHIHUAHUA,GUADALUPE Y CALVO,DIURNO,SERVICIO PARTICULAR,TERRESTRE,1-A,EJIDO DE REDONDEADOS Y ANEXOS (MUNICIPIO DE GPE. Y CALVO),"2,250.00",,25,45,11.79,106,47,52.22,18,35,"1,200.00",40.00,TERRACERÍA,SIN AUTORIZACIÓN,,SIN AUTORIZACIÓN,ENE,1997,NO,INOPERATIVO,"AEROPUERTO INTERNACIONAL DE CHIHUAHUA, CHIHUAHUA",,,,,,
SP 509,AERÓDROMO,BSU,BAHIA ASUNCION,BAJA CALIFORNIA SUR,MULEGE,DIURNO,SERVICIO PARTICULAR,TERRESTRE,2-B,H. XI AYUNTAMIENTO DE MULEGE ESTADO DE BAJA CALIFORNIA SUR,60.00,NAD 27,27,10,48.00,114,16,38.00,16,34,"1,647.00",30.00,TERRACERÍA,24/05/2005,180 DÍAS,24/11/2005,NOV,2005,NO,INOPERATIVO,"AEROPUERTO INTERNACIONAL DE LORETO, BAJA CALIFORNIA SUR",,,,,,
SP 510,AERÓDROMO,GAB,GANADERIA CIMARRON,COAHUILA,SAN BUENAVENTURA,DIURNO,SERVICIO PARTICULAR,TERRESTRE,1-A,PATRICIA ANN FINAN ACHA,"1,460.00",WGS-84,28,18,37.50,102,24,7.49,6,24,"1,079.99",15.00,TERRACERÍA,23/01/2014,15 AÑOS,23/01/2029,ENE,2029,SI,VIGENTE,"AEROPUERTO INTERNACIONAL DE PIEDRAS NEGRAS, COAHUILA",,,,,,
SP 511,AERÓDROMO,RSM,RANCHO SANTA MARIA,COAHUILA,ACUÑA,DIURNO,SERVICIO PARTICULAR,TERRESTRE,2-B,GERARDO SANTOS BENAVIDES              ,540.00,,29,33,0.00,101,35,0.00,10,28,"1,000.00",20.00,TERRACERÍA,15/07/2019,15 AÑOS,15/07/2034,JUL,2034,SI,VIGENTE,"AEROPUERTO INTERNACIONAL DE PIEDRAS NEGRAS, COAHUILA",,,,,,
SP 512,AERÓDROMO,RRG,RANCHO RIO GRANDE,COAHUILA,GUERRERO,DIURNO,SERVICIO PARTICULAR,TERRESTRE,2-A,CARINA DE LOS SANTOS FINAN,189.00,WGS-84,28,11,53.90,100,14,6.00,16,34,"1,500.00",20.00,TERRACERÍA,11/12/2007,5 AÑOS,11/12/2012,DIC,2012,NO,INOPERATIVO,"AEROPUERTO INTERNACIONAL DE PIEDRAS NEGRAS, COAHUILA",,,,,,
SP 513,AERÓDROMO,LAN,LOS ANGELES,COAHUILA,CIUDAD ACUÑA,DIURNO,SERVICIO PARTICULAR,TERRESTRE,1-A,ROGIERO ANTONIO GONZALEZ VILLARREAL           ,540.00,WGS-84,29,30,2.00,101,40,3.26,14,32,440.00,9.00,TERRACERÍA,29/01/2014,15 AÑOS,29/01/2029,ENE,2029,SI,VIGENTE,"AEROPUERTO INTERNACIONAL DE CIUDAD ACUÑA, COAHUILA",,,,,,
SP 514,AERÓDROMO,ZQN,ZOQUIPAN,NAYARIT,EL NAYAR,DIURNO,SERVICIO PARTICULAR,TERRESTRE,1-A,"H. AYUNTAMIENTO CONSTITUCIONAL  EL NAYAR, NAYARIT",519.00,WGS-84,22,0,55.40,104,32,42.00,12,30,400.00,10.00,TERRACERÍA,27/11/2002,90 DÍAS,27/02/2003,FEB,2003,NO,INOPERATIVO,"AEROPUERTO DE TEPIC, NAYARIT",,,,,,
SP 515,AERÓDROMO,LRI,LAS REYNAS,COAHUILA,NAVA,DIURNO,SERVICIO PARTICULAR,TERRESTRE,1-A,JAVIER MALDONADO SALINAS                ,298.00,NAD 27,28,28,45.50,100,36,36.00,14,32,800.00,18.00,TERRACERÍA,09/03/2023,180 DIAS ,09/09/2023,SEP,2023,NO,EN TRAMITE,"AEROPUERTO INTERNACIONAL DE PIEDRAS NEGRAS, COAHUILA",,,,,,
SP 516,AERÓDROMO,RLG,RANCHO LA GACHA,COAHUILA,MUZQUIZ,DIURNO,SERVICIO PARTICULAR,TERRESTRE,2-A,HECTOR RAUL GONZALEZ GARZA               ,510.00,,28,10,55.00,101,30,15.00,2,20,900.00,25.00,TERRACERÍA,02/03/2006,5 AÑOS,02/03/2011,MAR,2011,NO,INOPERATIVO,"AEROPUERTO INTERNACIONAL DE PIEDRAS NEGRAS, COAHUILA",,,,,,
SP 517,AERÓDROMO,EDQ,EL DESEMBOQUE,COAHUILA,ZARAGOZA,DIURNO,SERVICIO PARTICULAR,TERRESTRE,2-A,NORBERTO DE LUNA AGUIRRE,470.00,,28,46,47.70,101,18,7.50,18,36,840.00,18.00,TERRACERÍA,21/07/1999,90 DÍAS,SIN AUTORIZACIÓN,OCT,1999,NO,INOPERATIVO,"AEROPUERTO INTERNACIONAL ""PLAN DE GUADALUPE"" DE RAMOS ARIZPE, COAH.",,,,,,
HP 518,HELIPUERTO,HPQ,RANCHO LA PARROQUIA,VERACRUZ,VERACRUZ,DIURNO,SERVICIO PARTICULAR,SUPERFICIE,H-1,"HELITAFE, S.A. DE C.V.",32.00,WGS-84,19,8,46.00,96,12,59.00,,,,,,14/10/2009,180 DÍAS,14/04/2010,ABR,2010,NO,INOPERATIVO,"AEROPUERTO INTERNACIONAL DE VERACRUZ, VERACRUZ",,,,,,
SP 519,AERÓDROMO,RPB,LOS PECOS (DESISTE DEL TRAMITE),COAHUILA,CIUDAD ACUÑA,DIURNO,SERVICIO PARTICULAR,TERRESTRE,2-A,SUZEL ALLANDE GARCIA                     ,415.00,WGS-84,29,39,11.00,101,27,58.00,11,29,960.00,22.00,TERRACERÍA,17/07/2003,180 DÍAS,17/01/2004,ENE,2004,NO,INOPERATIVO,"AEROPUERTO INTERNACIONAL DE CIUDAD ACUÑA, COAHUILA",,,,,,
SP 520,AERÓDROMO,SFW,SANTA CHRISTINE,COAHUILA,PROGRESO,DIURNO,SERVICIO PARTICULAR,TERRESTRE,2-B,JUAN ANTONIO CANTU RUZ,280.00,NAD 27,27,21,51.00,100,37,29.00,11,29,"1,000.00",25.00,TERRACERÍA,18/05/2007,180 DÍAS,18/11/2007,NOV,2007,NO,INOPERATIVO,"AEROPUERTO INTERNACIONAL DE TORREON, COAHUILA",,,,,,
SP 521,AERÓDROMO,RNA,RANCHO SAN ANTONIO ,SONORA,SANTA CRUZ,DIURNO,SERVICIO PARTICULAR,TERRESTRE,3-A,MARGOT ELIAS DE LA VEGA,"1,200.00",,31,19,16.50,110,34,51.80,3,21,"1,200.00",20.00,TERRACERÍA,14/05/2003,180 DÍAS,14/11/2003,NOV,2003,NO,INOPERATIVO,"AEROPUERTO INTERNACIONAL DE HERMOSILLO, SONORA",,,,,,
SP 522,AERÓDROMO,SPG,SAN PEDRO DEL GALLO,DURANGO,SAN PEDRO DEL GALLO,DIURNO,SERVICIO PARTICULAR,TERRESTRE,2-C,H. AYUNTAMIENTO CONSTITUCIONAL DE SAN PEDRO EL GALLO,"1,745.00",,25,33,40.00,104,17,20.00,9,27,800.00,30.00,TERRACERÍA,22/10/1998,90 DÍAS,SIN AUTORIZACIÓN,ENE,1999,NO,INOPERATIVO,"AEROPUERTO INTERNACIONAL DE DURANGO, DURANGO",,,,,,
SP 523,AERÓDROMO,VEA,VENECIA,TAMAULIPAS,CIUDAD DÍAZ ORDAZ,DIURNO,SERVICIO PARTICULAR,TERRESTRE,1-A,ADELA AMPARO MASCORROTO SALINAS/ HUMBERTO PEREZ SANCHEZ                ,40.00,WGS-84,26,12,8.34,98,33,29.58,9,27,"1,000.00",20.00,TERRACERÍA,21/12/2019,15 AÑOS,21/12/2034,DIC,2034,SI,VIGENTE ,"AEROPUERTO INTERNACIONAL DE REYNOSA, TAMAULIPAS",,,,,,
SP 524,AERÓDROMO,SNV,SANTA ANA DE VANEGAS,SAN LUIS POTOSÍ,VANEGAS,DIURNO,SERVICIO PARTICULAR,TERRESTRE,2-A,"PROVEDORA AGRICOLA Y GANADERA MEXICANA, S.C.P.R.","1,730.00",,24,10,32.00,100,55,24.00,9,27,"1,800.00",20.00,TERRACERÍA,19/07/2002,90 DÍAS,SIN AUTORIZACIÓN,OCT,2002,NO,INOPERATIVO,"AEROPUERTO INTERNACIONAL DE SAN LUIS POTOSI, SAN LUIS POTOSI",,,,,,
SP 525,AERÓDROMO,FAC,FERNANDO AMAYA,CHIHUAHUA,CHIHUAHUA,DIURNO,SERVICIO PARTICULAR,TERRESTRE,1-A,JOSE LUIS AMAYA ESTRADA,"1,341.00",WGS-84,28,44,71.00,105,59,43.19,2,20,900.00,20.00,TERRACERÍA,18/03/2021,15 AÑOS,18/03/2036,MAR,2036,SI,VIGENTE ,"AEROPUERTO INTERNACIONAL DE CHIHUAHUA, CHIHUAHUA",,,,,,
SP 526,AERÓDROMO,SMA,SAN MIGUEL DE ALLENDE,GUANAJUATO,SAN MIGUEL DE ALLENDE,DIURNO,SERVICIO PARTICULAR,TERRESTRE,1-B,AMIGOS DE LA AVIACIÓN AC,"2,040.00",WGS-84,20,54,30.40,100,42,9.80,9,27,"1,563.06",49.00,TERRACERÍA,24/11/2011,5 AÑOS,24/11/2016,NOV,2016,NO,INOPERATIVO,"AEROPUERTO DE CELAYA, GUANAJUATO",,,,,,
SP 527,AERÓDROMO,MDO,MINA DOLORES,CHIHUAHUA,MADERA,DIURNO,SERVICIO PARTICULAR,TERRESTRE,1-A,"COMPAÑÍA MINERA DOLORES, S.A. DE C.V.","1,455.00",WGS-84,28,59,23.00,108,32,6.00,1,19,435.00,25.00,TERRACERÍA,SIN AUTORIZACIÓN,,SIN AUTORIZACIÓN,JUL,2009,NO,INOPERATIVO,"AEROPUERTO INTERNACIONAL DE CHIHUAHUA, CHIHUAHUA",,,,,,
SP 528,AERÓDROMO,ISL,LAS ISLAS,BAJA CALIFORNIA,MEXICALI,DIURNO,SERVICIO PARTICULAR,SUPERFICIE,1-A,CARLOS GERARDO AGUILAR FLORES,19.00,WGS-84,32,33,42.00,115,15,31.70,8,26,740,18,TERRACERÍA,01/10/2013,180 DÍAS,01/04/2014,ABR,2014,NO,INOPERATIVO,"AEROPUERTO INTERNACIONAL DE MEXICALI, BAJA CALIFORNIA",,,,,,
SP 529,AERÓDROMO,TRS,TRAMPA SANTA ROSA,COAHUILA,CIUDAD ACUÑA,DIURNO,SERVICIO PARTICULAR,TERRESTRE,1-A,MANUEL DIEGO AINSLIE,410.00,WGS-84,29,38,13.00,101,28,10.00,15,33,750.00,18.00,TERRACERÍA,31/07/2002,5 AÑOS,31/07/2007,JUL,2007,NO,INOPERATIVO,"AEROPUERTO INTERNACIONAL DE CIUDAD ACUÑA, COAHUILA",,,,,,
SP 530,AERÓDROMO,LAR,PENINSULA DE LOS SUEÑOS,BAJA CALIFORNIA SUR,LA PAZ,DIURNO,SERVICIO PARTICULAR,TERRESTRE,2-B,"OPERADORA BAHIA DE LOS SUEÑOS, S. DE R.L. DE C.V.",10.00,WGS-84,24,1,37.00,109,50,16.00,17,35,"1,800.00",20.00,TERRACERÍA,30/11/2018,15 AÑOS,30/11/2033,NOV,2033,SI,VIGENTE,"AEROPUERTO INTERNACIONAL DE LA PAZ, BAJA CALIFORNIA SUR",,,,,,
HP 531,HELIPUERTO,HRY,TORREY,NUEVO LEÓN,GUADALUPE  ,DIURNO,SERVICIO PARTICULAR,SUPERFICIE,H-1,JUAN GERARDO RODRIGUEZ GRACIA,453.00,WGS-84,25,41,45.80,100,10,37.40,,,,,,18/04/2016,180 DÍAS,18/10/2016,OCT,2016,NO,INOPERATIVO,"AEROPUERTO INTERNACIONAL DEL NORTE, NUEVO LEON",,,,,,
SP 532,AERÓDROMO,RPV,RANCHO EL PORVENIR,COAHUILA,ZARAGOZA,DIURNO,SERVICIO PARTICULAR,TERRESTRE,1-A,JORGE ROLANDO GONZALEZ GARZA,350.00,WGS-84,28,34,17.00,100,56,0.00,12,30,900.00,15.00,TERRACERÍA,15/11/2004,5 AÑOS,15/11/2009,NOV,2009,NO,INOPERATIVO,"AEROPUERTO INTERNACIONAL DE PIEDRAS NEGRAS, COAHUILA",,,,,,
SP 533,AERÓDROMO,ECF,EL CEDROSO,COAHUILA,CIUDAD ACUÑA,DIURNO,SERVICIO PARTICULAR,TERRESTRE,2-B,ANA MAGDALENA DIEGO AINSLIE           ,485.00,,29,34,0.00,101,34,0.00,5,23,850.00,24.00,TERRACERÍA,30/05/1994,2 AÑOS,SIN AUTORIZACIÓN,MAY,1996,NO,INOPERATIVO,"AEROPUERTO INTERNACIONAL DE CIUDAD ACUÑA, COAHUILA",,,,,,
SP 534,AERÓDROMO,SRO,SANTA ROSA,COAHUILA,CIUDAD ACUÑA,DIURNO,SERVICIO PARTICULAR,TERRESTRE,1-A,IGNACIO GONZÁLEZ MEJIA,424.00,,29,28,0.00,101,28,0.00,15,33,750.00,20.00,TERRACERÍA,03/05/1991,2 AÑOS,SIN AUTORIZACIÓN,MAY,1993,NO,INOPERATIVO,"AEROPUERTO INTERNACIONAL DE PIEDRAS NEGRAS, COAHUILA",,,,,,
SP 535,AERÓDROMO,TAT,CABO ROJO,VERACRUZ,TAMPICO EL ALTO,DIURNO,SERVICIO PARTICULAR,TERRESTRE,1-A,JOSE ABELLA GARCIA,7.00,,21,44,0.00,97,33,0.00,18,36,900.00,12.00,TERRACERÍA,12/12/2006,5 AÑOS,12/12/2011,DIC,2011,NO,INOPERATIVO,"AEROPUERTO INTERNACIONAL DE TAMPICO, TAMAULIPAS",,,,,,
SP 536,AERÓDROMO,PXV,PISTA PANCHO VILLA,SONORA,CAJEME,DIURNO,SERVICIO PARTICULAR,TERRESTRE,1-A,"UNION DE CREDITO AGROPECUARIO DEL RIO YAQUI, S.A. DE C.V.",28.00,,27,23,32.80,109,48,32.30,11,29,500.00,15.00,TERRACERÍA,03/07/2001,90 DÍAS,SIN AUTORIZACIÓN,OCT,2001,NO,INOPERATIVO,"AEROPUERTO INTERNACIONAL DE CIUDAD OBREGON, SONORA",,,,,,
HP 538,HELIPUERTO,HDL,IRLA,CIUDAD DE MÉXICO,MIGUEL HIDALGO,DIURNO Y NOCTURNO,SERVICIO PARTICULAR,ELEVADO,H-2,"INMOBILIARIA REFORMA LOMAS ALTAS, S.A. DE C.V.","2,552.00",NAD 27,19,23,39.17,99,14,21.22,,,,,,01/09/2014,15 AÑOS,01/09/2029,SEP,2029,SI,VIGENTE,"AEROPUERTO INTERNACIONAL DE LA CIUDAD DE MEXICO, CIUDAD DE MEXICO",,,,,,
HP 539,HELIPUERTO,HVS,VERTIENTES,CIUDAD DE MÉXICO,MIGUEL HIDALGO,DIURNO Y NOCTURNO,SERVICIO PARTICULAR,ELEVADO,H-1,"AEROVICS, S.A. DE C.V.","2,310.00",WGS-84,19,24,29.95,99,13,52.59,,,,,,23/04/2015,15 AÑOS,23/04/2030,ABR,2030,SI,VIGENTE,"AEROPUERTO INTERNACIONAL DE LA CIUDAD DE MEXICO, CIUDAD DE MEXICO",,,,,,
SP 540,AERÓDROMO,RFU,EL REFUGIO,CHIHUAHUA,VILLA MATAMOROS,DIURNO,SERVICIO PARTICULAR,TERRESTRE,1-A,"TAXIS AEREOS DE PARRAL, S.A.","1,732.00",WGS-84,26,48,53.18,105,37,10.53,9,27,800.00,20.00,TERRACERÍA,21/10/2014,15 AÑOS,21/10/2029,OCT,2029,SI,VIGENTE,"AEROPUERTO INTERNACIONAL DE CHIHUAHUA, CHIHUAHUA",,,,,,
SP 541,AERÓDROMO,LOG,LONGORIA,COAHUILA,GUERRERO,DIURNO,SERVICIO PARTICULAR,TERRESTRE,1-B,SANTIAGO VILLARREAL AYALA,228.00,,27,49,30.00,100,13,30.00,18,36,500.00,20.00,TERRACERÍA,14/01/1999,180 DÍAS,SIN AUTORIZACIÓN,JUL,1999,NO,INOPERATIVO,"AEROPUERTO INTERNACIONAL DE MONTERREY, NUEVO LEON",,,,,,
SP 542,AERÓDROMO,MLO,SAN MANOLO,NUEVO LEÓN,LAMPAZOS,DIURNO,SERVICIO PARTICULAR,TERRESTRE,2-A,STEFAN MAURICIO FERNÁNDEZ ZAMBRANO,337.00,WGS-84,27,8,50.61,100,44,50.58,8,26,"1,100.00",30.00,TERRACERÍA,29/01/2015,15 AÑOS,29/01/2030,ENE,2030,SI,VIGENTE,"AEROPUERTO INTERNACIONAL DEL NORTE, NUEVO LEON",,,,,,
SP 543,AERÓDROMO,ZPC,ZAPOTILTIC,JALISCO,ZAPOTILTIC,DIURNO,SERVICIO PARTICULAR,TERRESTRE,2-A,H. AYUNTAMIENTO DE ZAPOTILTIC,"1,106.00",WGS-84,19,35,57.00,103,22,17.10,4,22,"1,000.00",20.00,ASFALTO,19/06/2017,15 AÑOS,19/06/2032,JUN,2032,SI,VIGENTE,"AEROPUERTO INTERNACIONAL DE GUADALAJARA, JALISCO",,,,,,
SP 544,AERÓDROMO,LHA,LA HERRADURA,COAHUILA,JUÁREZ,DIURNO,SERVICIO PARTICULAR,TERRESTRE,2-A,RUBEN CARLOS AYALA LEDEZMA               ,267.00,WGS-84,27,35,28.00,100,36,17.00,13,31,"1,700.00",40.00,TERRACERÍA,27/10/2016,15 AÑOS,27/10/2031,OCT,2031,SI,VIGENTE,"AEROPUERTO INTERNACIONAL DEL NORTE, NUEVO LEON",,,,,,
SP 545,AERÓDROMO,MRM,MARTE R. GOMEZ,CHIAPAS,MAZATAN,DIURNO,SERVICIO PARTICULAR,TERRESTRE,1-A,ASOCIACION AGRICOLA DE PRODUCTORES DE PLATANO DEL SOCONUSCO ,25.70,WGS-84,14,54,21.32,92,26,47.40,8,26,600.00,6.00,ASFALTO,13/05/2014,15 AÑOS,13/05/2029,MAY,2029,SI,VIGENTE,"AEROPUERTO INTERNACIONAL DE TAPACHULA, CHIAPAS",,,,,,
SP 546,AERÓDROMO,SMK,SANTA MARIA PARAS,NUEVO LEÓN,PARAS,DIURNO,SERVICIO PARTICULAR,TERRESTRE,2-A,JAVIER EDUARDO AYALA LEDEZMA,281.00,NAD 27,26,26,50.00,99,40,10.00,5,23,"1,173.00",54.00,TERRACERÍA,29/05/2003,5 AÑOS,29/05/2008,MAY,2008,NO,INOPERATIVO,"AEROPUERTO INTERNACIONAL DE MONTERREY, NUEVO LEON",,,,,,
SP 547,AERÓDROMO,EHU,EL HUAJUCO,TAMAULIPAS,VILLA DE CASAS,DIURNO,SERVICIO PARTICULAR,TERRESTRE,1-A,NORA NELLY AYALA LEDEZMA DE GUTIERREZ    ,228.00,,23,41,47.00,98,41,25.00,10,28,700.00,30.00,TERRACERÍA,02/06/2003,5 AÑOS,02/06/2008,JUN,2008,NO,INOPERATIVO,"AEROPUERTO DE CIUDAD VICTORIA, TAMAULIPAS",,,,,,
SP 548,AERÓDROMO,EAG,EL AGUILA RANCH,COAHUILA,GUERRERO,DIURNO,SERVICIO PARTICULAR,TERRESTRE,2-A,LIBRADO AYALA URIBE                      ,274.00,WGS-84,27,59,12.15,100,13,32.01,17,35,"1,100.00",10.00,TERRACERÍA,26/01/2014,15 AÑOS,26/01/2029,ENE,2029,SI,VIGENTE,"AEROPUERTO INTERNACIONAL DE NUEVO LAREDO, TAMAULIPAS",,,,,,
SP 549,AERÓDROMO,PLR,EL PALMAR RANCH,TAMAULIPAS,CIUDAD MANTE,DIURNO,SERVICIO PARTICULAR,TERRESTRE,1-A,NIDIA CRISTINA AYALA LEDEZMA,120.00,,22,48,0.00,99,8,28.00,18,36,812.00,12.00,TERRACERÍA,29/09/2008,180 DÍAS,29/03/2009,MAR,2009,NO,INOPERATIVO,"AEROPUERTO DE CIUDAD VICTORIA, TAMAULIPAS",,,,,,
HP 550,HELIPUERTO,HKO,COCA COLA FEMSA,CIUDAD DE MÉXICO,ALVARO OBREGON,DIURNO,SERVICIO PARTICULAR,ELEVADO,H-1,"REFRESCOS Y AGUAS MINERALES, S.A. DE C.V.","2,597.00",WGS-84,19,22,0.40,99,15,43.86,,,,,,20/04/2012,180 DÍAS,20/10/2012,OCT,2012,NO,INOPERATIVO,"AEROPUERTO INTERNACIONAL DE LA CIUDAD DE MEXICO, CIUDAD DE MEXICO",,,,,,
SP 551,AERÓDROMO,OCH,EL OCHENTA,TAMAULIPAS,SOTO LA MARINA,DIURNO,SERVICIO PARTICULAR,TERRESTRE,2-A,FRANCISCO ARMANDO ALANIS RODRIGUEZ Y/O CESAR OMAR ALANIS PEREZ Y/O ARMANDO ALANIS PEREZ,300.00,,23,45,9.00,98,14,30.00,15,33,"1,000.00",20.00,TERRACERÍA,30/11/1995,2 AÑOS,SIN AUTORIZACIÓN,NOV,1997,NO,INOPERATIVO,"AEROPUERTO DE CIUDAD VICTORIA, TAMAULIPAS",,,,,,
SP 552,AERÓDROMO,CNR,LAS CANTERAS,TAMAULIPAS,ABASOLO,DIURNO,SERVICIO PARTICULAR,TERRESTRE,1-A,FRANCISCO ARMANDO ALANIS RODRIGUEZ Y/O CESAR OMAR ALANIS PEREZ Y/O ARMANDO ALANIS PEREZ,500.00,,24,7,16.00,98,20,8.00,10,28,600.00,15.00,TERRACERÍA,30/11/1995,2 AÑOS,SIN AUTORIZACIÓN,NOV,1997,NO,INOPERATIVO,"AEROPUERTO DE CIUDAD VICTORIA, TAMAULIPAS",,,,,,
SP 553,AERÓDROMO,MIZ,EL MILAGRO DE SAN JOSE,SINALOA,CULIACAN,DIURNO,SERVICIO PARTICULAR,TERRESTRE,1-A,JOSE GUADALUPE CARDENAS IZABAL,9.00,,24,37,9.00,107,30,23.00,9,27,800.00,10.00,TERRACERÍA,SIN AUTORIZACIÓN,,SIN AUTORIZACIÓN,JUN,1991,NO,INOPERATIVO,"AEROPUERTO INTERNACIONAL DE CULIACAN, SINALOA",,,,,,
SP 554,AERÓDROMO,CRJ,EL CARRIZO,SONORA,HERMOSILLO,DIURNO,SERVICIO PARTICULAR,TERRESTRE,2-A,MANUEL MONREAL ORTEGA,640.00,,29,44,27.00,111,36,0.00,9,27,"1,100.00",30.00,TERRACERÍA,01/06/2007,180 DÍAS,01/12/2007,DIC,2007,NO,EN TRAMITE,"AEROPUERTO INTERNACIONAL DE HERMOSILLO, SONORA",,,,,,
SP 555,AERÓDROMO,LMI,LA MISION,SONORA,PITIQUITO,DIURNO,SERVICIO PARTICULAR,TERRESTRE,2-C,ALBA ROSA BARREDA DE MONREAL,640.00,,30,43,13.00,112,41,57.00,9,27,"1,100.00",30.00,TERRACERÍA,22/08/2007,180 DÍAS,22/02/2008,FEB,2008,NO,INOPERATIVO,"AEROPUERTO INTERNACIONAL DE HERMOSILLO, SONORA",,,,,,
SP 556,AERÓDROMO,RKR,RANCHO CASA ROJA,COAHUILA,PIEDRAS NEGRAS,DIURNO,SERVICIO PARTICULAR,TERRESTRE,2-A,ROBERTO CESAR MARTINEZ GONZALEZ,262.00,,28,45,30.00,100,36,9.00,13,31,"1,000.00",20.00,TERRACERÍA,02/10/2001,60 DÍAS,SIN AUTORIZACIÓN,DIC,2001,NO,INOPERATIVO,"AEROPUERTO INTERNACIONAL DE PIEDRAS NEGRAS, COAHUILA",,,,,,
SP 557,AERÓDROMO,CCA,CAMARGO,CHIHUAHUA,SANTA ROSALIA DE CAMARGO,DIURNO,SERVICIO PARTICULAR,TERRESTRE,3-B,H. AYUNTAMIENTO DE CD. CAMARGO,"1,220.00",WGS-84,27,36,18.00,105,6,38.00,13,31,"1,760.00",20.00,ASFALTO,24/10/2023,180 DIAS,24/04/2024,ABR,2024,NO,EN TRAMITE,"AEROPUERTO INTERNACIONAL DE CHIHUAHUA, CHIHUAHUA",,,,,,
SP 558,AERÓDROMO,SVA,SAN VALENTIN,BAJA CALIFORNIA SUR,MULEGE,DIURNO,SERVICIO PARTICULAR,TERRESTRE,3-A,"ASOCIACION BAJA CALIFORNIANA DE RELACIONES HUMANAS, A.C.",90.00,WGS-84,27,40,5.00,113,23,40.00,8,26,"1,500.00",40.00,TERRACERÍA,08/02/2007,180 DÍAS,08/08/2007,AGO,2007,NO,INOPERATIVO,"AEROPUERTO INTERNACIONAL DE LORETO, BAJA CALIFORNIA SUR",,,,,,
SP 559,AERÓDROMO,DAG,EL DURANGUEÑO,DURANGO,CANATLAN,DIURNO,SERVICIO PARTICULAR Y A TERCEROS,TERRESTRE,2-A,RODRIGO AYALA GRIMAUD,"2,400.00",NAD 27,24,25,2.00,104,53,12.00,6,24,"1,500.00",15.00,ASFALTO,19/02/2015,15 AÑOS,19/02/2030,MAR,2030,SI,VIGENTE,"AEROPUERTO INTERNACIONAL DE DURANGO, DURANGO",,,,,,
HP 560,HELIPUERTO,HPV,PLAZA CUICUILCO,CIUDAD DE MÉXICO,TLALPAN,DIURNO,SERVICIO PARTICULAR,ELEVADO,H-1,"TELEFONOS DE MEXICO, S.A. DE C.V.","2,332.00",WGS-84,19,17,55.00,99,11,0.00,,,,,,23/08/2013,15 AÑOS,23/08/2028,AGO,2028,SI,VIGENTE,"AEROPUERTO INTERNACIONAL DE LA CIUDAD DE MEXICO, CIUDAD DE MEXICO",,,,,,
SP 561,AERÓDROMO,BRD,BORDERS,COAHUILA,GUERRERO,DIURNO,SERVICIO PARTICULAR,TERRESTRE,2-A,BORDERS MELON,314.00,WGS-84,28,20,39.91,100,27,10.59,,,"1,000.00",20.00,TERRACERÍA,SIN AUTORIZACIÓN,,SIN AUTORIZACIÓN,JUN,2008,NO,INOPERATIVO,"AEROPUERTO INTERNACIONAL DEL NORTE, NUEVO LEON",,,,,,
HP 562,HELIPUERTO,HAZ,AMERICAS COUNTRY,JALISCO,GUADALAJARA,DIURNO,SERVICIO PARTICULAR,ELEVADO,H-1,"MIL NOVECIENTOS VEITINUEVE, S.A. DE C.V.",NO DISPONIBLE,,20,42,8.63,103,22,34.69,,,,,,SIN AUTORIZACIÓN,,SIN AUTORIZACIÓN,JUL,2009,NO,INOPERATIVO,"AEROPUERTO INTERNACIONAL DE GUADALAJARA, JALISCO",,,,,,
SP 563,AERÓDROMO,SRH,SANTA ROSA DE HOPELCHEN,CAMPECHE,HOPELCHEN,DIURNO,SERVICIO PARTICULAR,TERRESTRE,1-A,JOSE ARMANDO TOLEDO KURI,100.00,,19,50,45.00,89,41,25.00,5,23,800.00,16.00,TERRACERÍA,08/01/2003,90 DÍAS,08/04/2003,ABR,2003,NO,INOPERATIVO,"AEROPUERTO INTERNACIONAL DE CAMPECHE, CAMPECHE",,,,,,
SP 564,AERÓDROMO,SXA,CAP. ARTURO OLEA (ANTES SANTA CECILIA),SONORA,CAJEME,DIURNO,SERVICIO PARTICULAR,TERRESTRE,1-A,ANABEL OLEA PERALTA ,4.00,WGS-84,27,22,10.30,109,56,18.10,8,26,"1,020.00",20.00,TERRACERÍA,13/02/2020,180 DIAS ,13//08/2020,AGO,2020,NO,EN TRAMITE,"AEROPUERTO INTERNACIONAL DE CIUDAD OBREGON, SONORA",,,,,,
HP 565,BARCO-HELIPUERTO,HMH,VICTORIA (ANTES MARIA ROSSANA),CHIAPAS,TAPACHULA,DIURNO,SERVICIO PARTICULAR,HELIPUERTO MIXTO,1-A,"PESCA CHIAPAS, S.A. DE C.V.",0.00,NO APLICA,NO APLICA,NO APLICA,NO APLICA,NO APLICA,NO APLICA,NO APLICA,,,,,,25/08/2020,15 AÑOS,25/08/2035,AGO,2035,SI,VIGENTE,"AEROPUERTO INTERNACIONAL DE TAPACHULA, CHIAPAS",,,,,,
SP 566,AERÓDROMO,DBN,RANCHO DUBLAN,CHIHUAHUA,NUEVO CASAS GRANDES,DIURNO,SERVICIO PARTICULAR,TERRESTRE,2-A,RONALD DEAN JONES WALL,"1,450.00",,30,25,15.00,107,55,24.00,8,26,920.00,15.00,TERRACERÍA,28/03/2003,180 DÍAS,28/09/2003,SEP,2003,NO,INOPERATIVO,"AEROPUERTO INTERNACIONAL DE CIUDAD JUAREZ, CHIHUAHUA",,,,,,
SP 567,AERÓDROMO,TKT,LA GLORIA,NUEVO LEÓN,AGUALEGUAS,DIURNO,SERVICIO PARTICULAR,TERRESTRE,2-B,JESUS FERNANDO ELIZONDO GARCIA,149.00,WGS-84,26,19,49.53,99,29,9.15,11,29,900.00,18.00,TERRACERÍA,08/11/2021,180 DIAS ,08//05/2022,MAY,2022,NO,EN TRAMITE,"AEROPUERTO INTERNACIONAL DEL NORTE, NUEVO LEON",,,,,,
SP 568,AERÓDROMO,TEI,TERMINAL,ZACATECAS,MAZAPIL,DIURNO,SERVICIO PARTICULAR,TERRESTRE,2-A,"MINERA TAYAHUA, S.A. DE C.V.             ","1,890.00",WGS-84,24,41,10.39,101,25,29.52,10,28,"1,100.00",20.00,TERRACERÍA,26/06/2006,5 AÑOS,26/06/2011,JUN,2011,NO,INOPERATIVO,"AEROPUERTO INTERNACIONAL ""PLAN DE GUADALUPE"" DE RAMOS ARIZPE, COAH.",,,,,,
SP 569,AERÓDROMO,RVG,LAS VEGAS,TAMAULIPAS,VILLA ALDAMA,DIURNO,SERVICIO PARTICULAR,TERRESTRE,1-A,ROBERTO RAMIREZ VILLARREAL,91.00,WGS-84,23,7,51.00,97,50,58.00,14,32,990.00,30.00,TERRACERÍA,19/04/2016,15 AÑOS,19/04/2031,ABR,2031,NO,INOPERATIVO (RENUNCIA DEL TITULAR),"AEROPUERTO INTERNACIONAL DE TAMPICO, TAMAULIPAS",,,,,,
SP 570,AERÓDROMO,BAG,AEROSAM (ANTES BARAJAS),MICHOACÁN,AGUILILLA,DIURNO,SERVICIO PARTICULAR,TERRESTRE,1-A,SAMUEL BARAJAS FIGUEROA,290.00,,18,58,34.00,102,43,0.00,6,24,500.00,12.00,ASFALTO,05/02/2014,15 AÑOS,05/02/2029,FEB,2029,SI,VIGENTE,"AEROPUERTO DE URUAPAN, MICHOACAN",,,,,,
SP 571,AERÓDROMO,GSC,GOLFO DE SANTA CLARA ,SONORA,SAN LUIS RIO COLORADO,DIURNO,SERVICIO PARTICULAR,TERRESTRE,1-A,H. AYUNTAMIENTO CONSTITUCIONAL DE SAN LUIS RIO COLORADO,5.00,,31,42,30.40,114,31,28.40,12,30,700.00,8.00,TERRACERÍA,SIN AUTORIZACIÓN,,SIN AUTORIZACIÓN,ENE,2008,NO,INOPERATIVO,"AEROPUERTO INTERNACIONAL DE MEXICALI, BAJA CALIFORNIA",,,,,,
SP 572,AERÓDROMO,MOH,EL MOCHOMO,SINALOA,ANGOSTURA,DIURNO,SERVICIO PARTICULAR,TERRESTRE,1-A,SOSTENES RAMON SAQUELARES LOPEZ,30.00,WGS-84,25,11,48.81,108,4,7.26,17,35,600.00,18.00,ASFALTO Y TUCURUGUAY COMPACTADO,08/10/2015,15 AÑOS,08/10/2030,OCT,2030,SI,VIGENTE,"AEROPUERTO INTERNACIONAL DE CULIACAN, SINALOA",,,,,,
SP 573,AERÓDROMO,SKT,SANTA TERESA,NUEVO LEÓN,VALLECILLO,DIURNO,SERVICIO PARTICULAR,TERRESTRE,1-A,JESUS FERNANDO ELIZONDO GARCIA,140.00,WGS-84,26,52,39.00,99,53,26.00,15,33,720.00,20.00,TERRACERÍA,04/11/2016,15 AÑOS,04/11/2031,NOV,2031,NO,CERRADO POR NOTAM,"AEROPUERTO INTERNACIONAL DEL NORTE, NUEVO LEON",,,,,,
SP 574,AERÓDROMO,CTI,EL CENTENARIO,TAMAULIPAS,SOTO LA MARINA,DIURNO,SERVICIO PARTICULAR,TERRESTRE,1-A,MARGARITA FLORES TOVAR                ,366.00,,23,40,15.00,97,57,0.00,12,30,900.00,17.00,TERRACERÍA,15/10/2002,90 DÍAS,15/01/2003,ENE,2003,NO,INOPERATIVO,"AEROPUERTO DE CIUDAD VICTORIA, TAMAULIPAS",,,,,,
HP 575,HELIPUERTO,HBC,CENTRO BANCOMER,CIUDAD DE MÉXICO,BENITO JUÁREZ,DIURNO,SERVICIO PARTICULAR,ELEVADO,H-1,"BBVA BANCOMER, S.A., INSTITUCION DE BANCA MULTIPLE, GRUPO FINANCIERO BBVA BANCOMER","2,264.00",WGS-84,19,21,40.90,99,10,6.50,,,,,,06/11/2014,15 AÑOS,06/11/2029,NOV,2029,SI,VIGENTE,"AEROPUERTO INTERNACIONAL DE LA CIUDAD DE MEXICO, CIUDAD DE MEXICO",,,,,,
SP 576,AERÓDROMO,ACG,EL NOVILLO DE GUERRERO,COAHUILA,GUERRERO,DIURNO,SERVICIO PARTICULAR,TERRESTRE,2-B,AMALIA CECILIA GARZA HERRERA,268.00,WGS-84,27,51,29.10,100,22,1.70,13,31,"1,200.00",32.00,TERRACERÍA,09/08/2012,5 AÑOS,09/08/2017,AGO,2017,NO,INOPERATIVO,"AEROPUERTO INTERNACIONAL DE MONTERREY, NUEVO LEON",,,,,,
SP 577,AERÓDROMO,EAE,RANCHO EL ALAMO,CHIHUAHUA,SAN BUENAVENTURA,DIURNO,SERVICIO PARTICULAR,TERRESTRE,2-A,"INTERCARNES, S.A DE C.V.","1,800.00",WGS-84,29,43,28.00,107,7,30.00,4,22,"1,200.00",12.00,TERRACERÍA,09/11/2021,15 AÑOS,19/11/2036,NOV,2036,SI,VIGENTE,"AEROPUERTO INTERNACIONAL DE CHIHUAHUA, CHIHUAHUA",,,,,,
SP 578,AERÓDROMO,MHH,MOCHICAHUI,SINALOA,EL FUERTE,DIURNO,SERVICIO PARTICULAR,TERRESTRE,1-A,"AGROSERVICIOS AEREOS DEL PACIFICO, S.A. DE C.V.",33.00,WGS-84,25,54,38.70,108,55,6.20,2,20,740.00,15.00,TERRACERÍA,30/06/2016,180 DÍAS,30/12/2016,DIC,2016,NO,INOPERATIVO,"AEROPUERTO INTERNACIONAL DE LOS MOCHIS, SINALOA",,,,,,
SP 579,AERÓDROMO,PEJ,PIE DE LA CUESTA DE SAN JERONIMO,DURANGO,TAMAZULA,DIURNO,SERVICIO PARTICULAR,TERRESTRE,1-A,JESUS ZAVALA OJEDA,550.00,,25,5,30.00,106,55,40.00,12,30,330.00,8.00,TERRACERÍA,06/02/2003,90 DÍAS,06/05/2003,MAY,2003,NO,INOPERATIVO,"AEROPUERTO INTERNACIONAL DE DURANGO, DURANGO",,,,,,
SP 580,AERÓDROMO,JUR,JU-BAR,SAN LUIS POTOSÍ,TAMUIN,DIURNO,SERVICIO PARTICULAR,TERRESTRE,1-A,JUAN L. BARAJAS Y/O ROBERTO VAZQUEZ RANGEL,36.00,,22,9,46.00,98,30,51.00,18,36,700.00,15.00,TERRACERÍA,18/01/2012,5 AÑOS,18/01/2017,ENE,2017,NO,INOPERATIVO,"AEROPUERTO INTERNACIONAL DE TAMPICO, TAMAULIPAS",,,,,,
SP 581,AERÓDROMO,AAC,AERO AGRICOLA EL CAIMANERO,SINALOA,NAVOLATO,DIURNO,SERVICIO PARTICULAR,TERRESTRE,1-A,JOSE ADAN PEREZ GONZALEZ ,23.00,WGS-84,24,56,43.70,107,45,14.00,15,33,500.00,10.00,TERRACERÍA,01/10/2013,15 AÑOS,01/10/2028,OCT,2028,SI,VIGENTE,"AEROPUERTO INTERNACIONAL DE CULIACAN, SINALOA",,,,,,
SP 582,AERÓDROMO,EMX,EL MAGUEY COYOL,VERACRUZ,TENTOYUCA,DIURNO,SERVICIO PARTICULAR,TERRESTRE,1-A,RICARDO ALBERTO GARZA DE LA FUENTE    ,122.00,,21,30,0.00,98,5,0.00,5,23,600.00,15.00,TERRACERÍA,SIN AUTORIZACIÓN,,SIN AUTORIZACIÓN,JUL,1991,NO,INOPERATIVO,"AEROPUERTO INTERNACIONAL DE VERACRUZ, VERACRUZ",,,,,,
SP 583,AERÓDROMO,OBC,ORO BLANCO,TAMAULIPAS,RIO BLANCO,DIURNO,SERVICIO PARTICULAR,TERRESTRE,1-B,VICENTE MORALES VIDALES,40.00,,25,43,12.00,98,6,20.00,17,35,950.00,15.00,TERRACERÍA,09/05/2008,90 DÍAS,09/08/2008,AGO,2008,NO,INOPERATIVO,"AEROPUERTO INTERNACIONAL DE REYNOSA, TAMAULIPAS",,,,,,
SP 584,AERÓDROMO,CRG,CARRIZALEJO,COAHUILA,SAN BUENAVENTURA,DIURNO,SERVICIO PARTICULAR,TERRESTRE,2-C,C. GRACIANO BORTONI VAZQUEZ              ,"1,166.00",,25,54,45.00,102,21,38.00,12,30,889.00,30.00,TERRACERÍA,18/05/2007,180 DÍAS,18/11/2007,NOV,2007,NO,INOPERATIVO,"AEROPUERTO INTERNACIONAL DEL NORTE, NUEVO LEON",,,,,,
HP 585,HELIPUERTO,,PALACIO DE GOBIERNO,GUERRERO,CHILPANCINGO,DIURNO,SERVICIO PARTICULAR,SUPERFICIE,H-1,"GOBIERNO DEL ESTADO DE GUERRERO, SECRETARIA DE DESARROLLO URBANO Y OBRAS PUBLICAS","1,200.00",,17,31,11.20,99,29,12.32,,,,,,SIN AUTORIZACIÓN,,SIN AUTORIZACIÓN,ABR,2007,NO,INOPERATIVO,"AEROPUERTO INTERNACIONAL DE ACAPULCO, GUERRERO",,,,,,
SP 586,AERÓDROMO ACUÁTICO,HTQ,AEROTURQUESA CANCUN,QUINTANA ROO,BENITO JUAREZ (CANCUN),DIURNO,SERVICIO PARTICULAR,ACUATICO,1-A,"AERO TURQUESA, S.A. DE C.V.",0.00,WGS-84,21,6,5.70,86,47,1.80,10,28,"1,200.00",12.50,AGUA,22/08/2007,180 DÍAS,22/02/2008,FEB,2008,NO,INOPERATIVO,"AEROPUERTO INTERNACIONAL DE CANCUN, QUINTANA ROO",,,,,,
SP 587,AERÓDROMO,VSJ,VIÑEDOS SAN JOSE,SONORA,HERMOSILLO,DIURNO,SERVICIO PARTICULAR,TERRESTRE,2-A,GUADALUPE LORENA BARANZINI PRECIADO,366.00,,29,19,0.00,110,52,0.00,9,27,900.00,40.00,TERRACERÍA,17/04/2000,60 DÍAS,SIN AUTORIZACIÓN,JUN,2000,NO,INOPERATIVO,"AEROPUERTO INTERNACIONAL DE HERMOSILLO, SONORA",,,,,,
SP 588,AERÓDROMO,ARL,RANCHO EL ARMADILLO,COAHUILA,GUERRERO,DIURNO,SERVICIO PARTICULAR,TERRESTRE,2-A,ALEJANDRO GUTIERREZ GUTIERREZ             ,370.00,,28,22,0.00,100,27,1.00,12,30,850.00,15.00,TERRACERÍA,11/07/2002,90 DÍAS,SIN AUTORIZACIÓN,OCT,2002,NO,INOPERATIVO,"AEROPUERTO INTERNACIONAL DE PIEDRAS NEGRAS, COAHUILA",,,,,,
SP 589,AERÓDROMO,EBO,EL BONITO,COAHUILA,CIUDAD ACUÑA,DIURNO,SERVICIO PARTICULAR Y A TERCEROS,TERRESTRE,1-A,LIC. EDUARDO VAZQUEZ ARROLLO CARSTENS,"1,300.00",WGS-84,29,1,5.00,102,0,52.00,10,28,"1,375.00",16.00,"MIXTA 1175 m CONCRETO, 200 m TERRACERIA",19/12/2014,15 AÑOS,19/12/2029,DIC,2029,SI,VIGENTE,"AEROPUERTO INTERNACIONAL DE CIUDAD ACUÑA, COAHUILA",,,,,,
SP 590,AERÓDROMO,RTU,EL TULE,COAHUILA,ZARAGOZA,DIURNO,SERVICIO PARTICULAR,TERRESTRE,2-A,RODOLFO CHAVARRIA DELGADO,710.00,,28,28,45.00,101,27,30.00,11,29,500.00,20.00,TERRACERÍA,23/06/2005,180 DÍAS,23/12/2005,DIC,2005,NO,INOPERATIVO,"AEROPUERTO INTERNACIONAL DE PIEDRAS NEGRAS, COAHUILA",,,,,,
SP 591,AERÓDROMO,VLC,RANCHO VALLE DE COLOMBIA,COAHUILA,MELCHOR MUZQUIZ,DIURNO,SERVICIO PARTICULAR,TERRESTRE,1-A,"COMÁÑIA GANADERA VALLE COLOMBIA, S.A. DE C.V.","1,294.00",WGS-84,28,22,0.80,102,18,10.10,7,25,700.00,16.00,TERRACERÍA,10/03/2021,15 AÑOS ,10/03/2036,MAR,2036,SI ,VIGENTE,"AEROPUERTO INTERNACIONAL DE MONCLOVA, COAHUILA",,,,,,
SP 592,AERÓDROMO,ASR,"HACIENDA SAN RAFAEL
",COAHUILA,OCAMPO,DIURNO,SERVICIO PARTICULAR,TERRESTRE,1-A,CARLOS FRANCISCO MONDRAGON RITCHIE,"1,407.00",WGS-84,28,26,37.00,102,27.00,48.00,10,28,800.00,30.00,TERRACERÍA,10/05/2021,15 AÑOS,10/05/2036,MAY,2036,SI,VIGENTE,"AEROPUERTO INTERNACIONAL DE MONTERREY, NUEVO LEON",,,,,,
SP 593,AERÓDROMO,DLD,DOLORES,NUEVO LEÓN,GENERAL TERAN,DIURNO,SERVICIO PARTICULAR,TERRESTRE,2-C,ARTURO BONIFACIO DE LA GARZA TIJERINA ,150.00,,25,33,55.00,98,36,52.00,9,27,900.00,45.00,TERRACERÍA,10/07/1991,2 AÑOS,SIN AUTORIZACIÓN,JUL,1993,NO,INOPERATIVO,"AEROPUERTO INTERNACIONAL DEL NORTE, NUEVO LEON",,,,,,
SP 594,AERÓDROMO,SAY,"LOS CHIRRIONES
(Proyecto)",SONORA,SARIC,DIURNO,SERVICIO PARTICULAR,TERRESTRE,1-A,NO DISPONIBLE,NO DISPONIBLE,WGS-84,NO DISPONIBLE,NO DISPONIBLE,NO DISPONIBLE,NO DISPONIBLE,NO DISPONIBLE,NO DISPONIBLE,NO DISPONIBLE,NO DISPONIBLE,NO DISPONIBLE,NO DISPONIBLE,TERRACERÍA,PROYECTO,,PROYECTO,ENE,2008,NO,INOPERATIVO,"AEROPUERTO INTERNACIONAL DE HERMOSILLO, SONORA",,,,,,
SP 595,AERÓDROMO,YAK,YACK,VERACRUZ,PANUCO,DIURNO,SERVICIO PARTICULAR,TERRESTRE,2-A,"PRODUCTORA GANADERA COJUMATLAN, S.C. DE R.L. DE C.V.",22.00,WGS-84,22,19,27.00,98,9,51.40,4,22,850.00,9.00,TERRACERÍA,18/08/2017,15 AÑOS,18/08/2032,AGO,2032,SI,VIGENTE,"AEROPUERTO INTERNACIONAL DE TAMPICO, TAMAULIPAS",,,,,,
SP 596,AERÓDROMO,PIE,PIEDRA DE CAL,VERACRUZ,TANTOYUCAN,DIURNO,SERVICIO PARTICULAR,TERRESTRE,1-A,"PRODUCTORA GANADERA COJUMATLAN, S.C. DE R.L. DE C.V.",79.00,WGS-84,21,33,59.90,98,6,46.30,4,22,750.00,7.00,TERRACERÍA,18/08/2017,15 AÑOS,18/08/2032,AGO,2032,SI,VIGENTE,"AEROPUERTO INTERNACIONAL DE TAMPICO, TAMAULIPAS",,,,,,
SP 597,AERÓDROMO,TOI,TOPILA,VERACRUZ,TAMPICO EL ALTO,DIURNO,SERVICIO PARTICULAR,TERRESTRE,2-A,"PRODUCTORA GANADERA COJUMATLAN, S.C. DE R.L. DE C.V.",34.00,WGS-84,22,6,7.50,97,58,33.10,18,36,"1,200.00",8.00,TERRACERÍA,18/08/2017,15 AÑOS,18/08/2032,AGO,2032,SI,VIGENTE,"AEROPUERTO INTERNACIONAL DE TAMPICO, TAMAULIPAS",,,,,,
HP 598,HELIPUERTO,HGX,CASA DE GOBIERNO TAMAULIPAS,TAMAULIPAS,CIUDAD VICTORIA,DIURNO,SERVICIO PARTICULAR,ELEVADO,H-1,GOBIERNO DEL ESTADO DE TAMAULIPAS,305.00,WGS-84,23,45,44.19,99,08,17.03,,,,,,31/03/2003,90 DÍAS,01/07/2003,JUL,2003,NO,INOPERATIVO,"AEROPUERTO DE CIUDAD VICTORIA, TAMAULIPAS",,,,,,
SP 599,AERÓDROMO,JMV,MESA LOMA PRIETA,TAMAULIPAS,VILLA DE CASAS,DIURNO,SERVICIO PARTICULAR,TERRESTRE,2-B,MA. MAGDALENA SALDIVAR VILLAREAL,350.00,WGS-84,23,45,46.00,98,44,44.90,13,31,"1,300.00",20.00,ASFALTO,22/11/2010,5 AÑOS,22/11/2015,NOV,2015,NO,INOPERATIVO,"AEROPUERTO DE CIUDAD VICTORIA, TAMAULIPAS",,,,,,
SP 600,AERÓDROMO,SJH,SAN JOAQUIN REDO,SONORA,BOCOACHI,DIURNO,SERVICIO PARTICULAR,TERRESTRE,2-A,ALEJANDRA REDO HOEFFER                   ,"1,219.00",NAD 27,30,48,0.00,109,59,35.00,2,20,"1,400.00",10.00,TERRACERÍA,24/07/1991,2 AÑOS,SIN AUTORIZACIÓN,JUL,1993,NO,INOPERATIVO,"AEROPUERTO INTERNACIONAL DE HERMOSILLO, SONORA",,,,,,
SP 601,AERÓDROMO,PIG,PISTA AEROAGRICOLA GUAYPARIME,SINALOA,GUASAVE,DIURNO,SERVICIO PARTICULAR,TERRESTRE,1-A,CORNELIO COTA SANDOVAL,20.00,NAD 27,25,44,32.00,108,46,32.00,2,20,800.00,12.00,TERRACERÍA,29/10/2001,60 DÍAS,SIN AUTORIZACIÓN,DIC,2001,NO,INOPERATIVO,"AEROPUERTO INTERNACIONAL DE LOS MOCHIS, SINALOA",,,,,,
HP 602,HELIPUERTO,,LA SOLEDAD,OAXACA,TUXTEPEC,DIURNO,SERVICIO PARTICULAR,SUPERFICIE,H-1,"HELIALBATROS-SERVICIO, S.A. DE C.V.",NO DISPONIBLE,NAD 27,18,19,51.00,96,18,14.00,,,,,,27/05/2005,180 DÍAS,27/11/2005,NOV,2005,NO,INOPERATIVO,"AEROPUERTO INTERNACIONAL DE OAXACA, OAXACA",,,,,,
SP 603,AERÓDROMO,CAN,CANELAS,DURANGO,CANELAS,DIURNO,SERVICIO PARTICULAR,TERRESTRE,1-A,"H. AYUNTAMIENTO CONSTITUCIONAL DE CANELAS, DURANGO.","1,249.68",WGS-84,25,7,33.90,106,33,2.00,13,31,800.00,10.00,TERRACERÍA,20/04/2012,5 AÑOS,20/04/2017,ABR,2017,NO,INOPERATIVO,"AEROPUERTO INTERNACIONAL DE DURANGO, DURANGO",,,,,,
SP 604,AERÓDROMO,PCH,PUNTA CHIVATO,BAJA CALIFORNIA SUR,MULEGE,DIURNO,SERVICIO PARTICULAR,TERRESTRE,2-B,"INMOBILIARIA LAS BALLENAS, S.A. DE C.V.",15.00,WGS-84,27,4,29.70,111,58,22.84,13,31,"1,290.00",28.00,TERRACERÍA,05/11/2015,15 AÑOS,05/11/2030,NOV,2030,SI,VIGENTE,"AEROPUERTO INTERNACIONAL DE LORETO, BAJA CALIFORNIA SUR",,,,,,
SP 605,AERÓDROMO,DZN,EL DURAZNITO,CHIHUAHUA,CHINIPAS,DIURNO,SERVICIO PARTICULAR,TERRESTRE,1-A,PEDRO PEÑA SARMIENTO                  ,"1,531.00",WGS-84,27,32,20.00,108,40,53.00,11,29,400.00,10.00,TERRACERÍA,25/06/2008,180 DÍAS,25/12/2008,DIC,2008,NO,INOPERATIVO,"AEROPUERTO INTERNACIONAL DE CHIHUAHUA, CHIHUAHUA",,,,,,
SP 606,AERÓDROMO,EBC,EL BLANQUILLO,CHIAPAS,PICHUCALCO,DIURNO,SERVICIO PARTICULAR,TERRESTRE,1-A,"UNIÓN DE INICIATIVA, S.A. DE C.V.",80.00,WGS-84,17,34,40.20,93,3,46.80,9,27,520.00,20.00,TERRACERÍA,29/06/2010,5 AÑOS,29/06/2015,JUN,2015,NO,INOPERATIVO,"AEROPUERTO INTERNACIONAL DE VILLAHERMOSA, TABASCO",,,,,,
SP 607,AERÓDROMO,RPA,RANCHO EL PATO,COAHUILA,SAN JUAN DE SABINAS,DIURNO,SERVICIO PARTICULAR,TERRESTRE,1-A,CHARLES SELLERS THOMPSON              ,549.00,,28,11,35.00,101,33,19.00,12,30,800.00,20.00,TERRACERÍA,11/10/2006,180 días,11/04/2007,ABR,2007,NO,INOPERATIVO,"AEROPUERTO INTERNACIONAL DE PIEDRAS NEGRAS, COAHUILA",,,,,,
SP 608,AERÓDROMO,LSH,LAS HIGUERAS,NAYARIT,EL NAYAR,DIURNO,SERVICIO PARTICULAR,TERRESTRE,1-A,"H. AYUNTAMIENTO CONSTITUCIONAL  EL NAYAR, NAYARIT",450.00,WGS-84,21,49,2.20,104,31,19.20,18,36,260.00,7.00,TERRACERÍA,27/11/2002,90 DÍAS,27/02/2003,FEB,2003,NO,INOPERATIVO,"AEROPUERTO DE TEPIC, NAYARIT",,,,,,
SP 609,AERÓDROMO,,HIGUERA GORDA,NAYARIT,EL NAYAR,DIURNO,SERVICIO PARTICULAR,TERRESTRE,1-A,"H. AYUNTAMIENTO CONSTITUCIONAL  EL NAYAR, NAYARIT",540.00,WGS-84,21,40,43.50,104,31,54.70,4,22,320.00,32.00,TERRACERÍA,27/11/2002,90 DÍAS,27/02/2003,FEB,2003,NO,INOPERATIVO,"AEROPUERTO DE TEPIC, NAYARIT",,,,,,
SP 610,AERÓDROMO,LRY,LAGUNA DEL REY,COAHUILA,SIERRA MOJADA,DIURNO,SERVICIO PARTICULAR,TERRESTRE,3-B,"QUIMICA DEL REY, S.A. DE C.V.","1,037.00",WGS-84,27,1,22.56,103,22,34.78,3,21,"1,400.00",10.00,ASFALTO,12/05/2017,15 AÑOS,12/05/2032,MAY,2032,SI,VIGENTE,"AEROPUERTO INTERNACIONAL DE TORREON, COAHUILA",,,,,,
SP 611,AERÓDROMO,ENT,LA ENCANTADA,COAHUILA,MELCHOR OCAMPO,DIURNO,SERVICIO PARTICULAR Y A TERCEROS,TERRESTRE,2-A,"MINERA LA ENCANTADA, S.A. DE C.V.","1,300.00",WGS-84,28,24,37.00,102,36,57.00,15,33,"1,200.00",17.00,ASFALTO,10/01/2014,15 AÑOS,10/01/2029,MAR,2029,SI,VIGENTE,"AEROPUERTO INTERNACIONAL DE TORREON, COAHUILA",,,,,,
HP 612,HELIPUERTO,HOF,OPCION SANTA FE IV,CIUDAD DE MÉXICO,CUAJIMALPA,DIURNO,SERVICIO PARTICULAR,SUPERFICIE,H-1,"CORPORATIVO OPCION SANTA FE III, S.A. DE C.V.","2,510.18",,19,21,23.74,99,16,18.72,,,,,,04/10/2000,60 DÍAS,SIN AUTORIZACIÓN,DIC,2000,NO,INOPERATIVO,"AEROPUERTO INTERNACIONAL DE LA CIUDAD DE MEXICO, CIUDAD DE MEXICO",,,,,,
SP 613,AERÓDROMO,PHA,PISTA COAHUILA,SONORA,SAN LUIS RIO COLORADO,DIURNO,SERVICIO PARTICULAR,TERRESTRE,1-A,JOSE ENRIQUE CARRAZCO GUTIERREZ,17.00,WGS-84,32,16,39.40,114,57,56.00,17,35,900.00,15.00,TERRACERÍA,11/11/2014,15 AÑOS,11/11/2029,NOV,2029,SI,VIGENTE,"AEROPUERTO INTERNACIONAL DE MEXICALI, BAJA CALIFORNIA",,,,,,
SP 614,AERÓDROMO,BBB,RANCHO BBB                           ,SINALOA,GUASAVE,DIURNO,SERVICIO PARTICULAR,TERRESTRE,2-A,BENJAMIN JAMES BON WILSON.,45.00,NAD 27,25,43,6.00,108,18,19.00,2,20,"1,200.00",15.00,ASFALTO,23/01/2012,180 DÍAS,23/07/2012,JUL,2012,NO,INOPERATIVO,"AEROPUERTO INTERNACIONAL DE CULIACÁN, SINALOA",,,,,,
HP 615,BARCO-HELIPUERTO,HUK,MARIA ANTONIETA,SINALOA,MAZATLÁN,DIURNO,SERVICIO PARTICULAR,HELIPUERTO MIXTO,H-1,"ATUNEROS UNIDOS DE CALIFORNIA, S.A. DE C.V.",0.00,NO APLICA,NO APLICA,NO APLICA,NO APLICA,NO APLICA,NO APLICA,NO APLICA,NO APLICA,NO APLICA,,,,24/02/2017,15 AÑOS,24/02/2032,FEB,2032,SI,VIGENTE,"AEROPUERTO INTERNACIONAL DE MAZATLAN, SINALOA",,,,,,
SP 616,AERÓDROMO,MLR,CAMPO MONTELARGO ,SINALOA,NAVOLATO,DIURNO,SERVICIO PARTICULAR,TERRESTRE,1-A,MANUEL LAZCANO MEZA,10.00,WGS-84,24,56,20.00,107,51,51.00,9,27,700.00,15.00,TERRACERÍA,25/01/2001,30 DÍAS,SIN AUTORIZACIÓN,FEB,2001,NO,INOPERATIVO,"AEROPUERTO INTERNACIONAL DE CULIACAN, SINALOA",,,,,,
SP 617,AERÓDROMO HELIPUERTO,RJV,HACIENDA TULAPAN                     ,NUEVO LEÓN,ALLENDE,DIURNO,SERVICIO PARTICULAR,TERRESTRE,MIX 2-A / H-1,ALEJANDRO JUNCO DE LA VEGA GONZALEZ      ,442.00,WGS-84,25,16,15.00,99,59,13.00,12,30,901.00,12.00,MIXTA CONCRETO,15/09/2020,15 AÑOS,15/09/2035,SEP,2035,SI,VIGENTE,"AEROPUERTO INTERNACIONAL DEL NORTE, NUEVO LEON",,,,,,
SP 618,AERÓDROMO,ACB,CAMPO BERLIN,SINALOA,NAVOLATO,DIURNO,SERVICIO PARTICULAR,TERRESTRE,1-A,DANIEL FELIX ACEVES,20.00,WGS-84,24,49,51.68,107,37,37.10,5,23,450.00,10.00,ASFALTO,06/12/2021,15 AÑOS ,06/12/2036,DIC,2036,SI,VIGENTE ,"AEROPUERTO INTERNACIONAL DE CULIACAN, SINALOA",,,,,,
HP 619,BARCO-HELIPUERTO,HSK,ATUN I,SINALOA,MAZATLÁN,DIURNO,SERVICIO PARTICULAR,HELIPUERTO MIXTO,H-1,"PESQUERA SANTA RITA, S.A. DE C.V.",0.00,NO APLICA,NO APLICA,NO APLICA,NO APLICA,NO APLICA,NO APLICA,NO APLICA,NO APLICA,NO APLICA,,,,02/03/1999,90 días,SIN AUTORIZACIÓN,JUN,1999,NO,INOPERATIVO,"AEROPUERTO INTERNACIONAL DE MAZATLAN, SINALOA",,,,,,
SP 620,AERÓDROMO,RCW,RANCHO CERRO BLANCO,CHIHUAHUA,SATEVO,DIURNO,SERVICIO PARTICULAR,TERRESTRE,1-A,FRANCISCO GUTIERREZ CARRILLO,"1,540.00",WGS-84,27,46,24.00,106,0,55.00,18,36,680.00,15.00,TERRACERÍA,15/04/2010,180 DÍAS,15/10/2010,OCT,2010,NO,INOPERATIVO,"AEROPUERTO INTERNACIONAL DE CHIHUAHUA, CHIHUAHUA",,,,,,
SP 621,AERÓDROMO,MRI,MORRIS,SINALOA,CULIACAN,DIURNO,SERVICIO PARTICULAR,TERRESTRE,1-A,JESUS ARTURO ANGULO MORALES,10.00,WGS-84,24,36,35.00,107,26,55.00,8,26,800.00,15.00,ASFALTO,15/12/2011,180 DÍAS,15/06/2012,JUN,2012,NO,INOPERATIVO,"AEROPUERTO INTERNACIONAL DE CULIACAN, SINALOA",,,,,,
SP 622,AERÓDROMO,CPV,CAMPO LA PRIMAVERA,SINALOA,CULIACAN,DIURNO,SERVICIO PARTICULAR,TERRESTRE,1-A,"AGRÍCOLA EL GAVA, S.P.R. DE R.L.",35.00,WGS-84,24,42,47.00,107,24,57.00,18,36,"1,000.00",10.00,TERRACERÍA,09/11/2018,180 DIAS ,09/05/2019,MAY ,2019,NO,EN TRAMITE,"AEROPUERTO INTERNACIONAL DE CULIACAN, SINALOA",,,,,,
SP 623,AERÓDROMO,ZPU,ZACAPU,MICHOACÁN,ZACAPU,DIURNO,SERVICIO PARTICULAR,TERRESTRE,3-C,"ARTEVA SPECIALITIES, S. DE R.L. DE C.V.","2,000.00",,19,51,5.00,101,45,5.00,9,27,"1,685.00",25.00,ASFALTO,15/10/2001,5 AÑOS,15/10/2006,OCT,2006,NO,INOPERATIVO,"AEROPUERTO DE ZAMORA, MICHOACAN",,,,,,
SP 624,AERÓDROMO,LNA,LOMA LINDA,SINALOA,BADIRAGUATO,DIURNO,SERVICIO PARTICULAR,TERRESTRE,1-C,MARIO ALFONSO RIVERA RIVERA,NO DISPONIBLE,WGS-84,25,50,26.90,107,19,20.60,18,36,450.00,25.00,TERRACERÍA,17/10/2003,90 DÍAS,17/01/2004,ENE,2004,NO,INOPERATIVO,"AEROPUERTO INTERNACIONAL DE CULIACAN, SINALOA",,,,,,
SP 625,AERÓDROMO,CHV,CHAVARIN,COLIMA,MANZANILLO,DIURNO,SERVICIO PARTICULAR,TERRESTRE,1-A,FELICIANO CASTRO CASTRO,60.00,WGS-84,19,11,51.34,104,32,26.10,7,25,500.00,12.00,TERRACERÍA,14/04/2016,15 AÑOS,14/04/2031,ABR,2031,SI,VIGENTE,"AEROPUERTO INTERNACIONAL DE MANZANILLO, COLIMA",,,,,,
SP 626,AERÓDROMO,ICD,ISLA CEDROS,BAJA CALIFORNIA,ENSENADA,DIURNO,SERVICIO PARTICULAR Y A TERCEROS,TERRESTRE,2-B,"EXPORTADORA DE SAL, S.A. DE C.V.",20.50,WGS-84,28,2,17.40,115,11,20.70,15,33,"1,400.00",31.00,ASFALTO,27/07/2021,15 AÑOS,27/07/2036,JUL,2036,SI,VIGENTE,"AEROPUERTO INTERNACIONAL DE ENSENADA, BAJA CALIFORNIA",,,,,,
SP 627,AERÓDROMO,EPH,EL PINO CASTAÑEDA,SINALOA,SAN IGNACIO,DIURNO,SERVICIO PARTICULAR,TERRESTRE,1-A,EJIDO LIMON DE LOS CASTAÑEDA,"1,371.00",NAD 27,24,6,0.00,106,12,0.00,3,21,400.00,15.00,TERRACERÍA,30/11/2009,180 DÍAS,30/05/2010,MAY,2010,NO,INOPERATIVO,"AEROPUERTO INTERNACIONAL DE DURANGO, DURANGO",,,,,,
SP 628,AERÓDROMO,BAM,BAMOPA,SINALOA,BADIRAGUATO,DIURNO,SERVICIO PARTICULAR,TERRESTRE,1-A,LEONCIO OTIZ CUEN,456.00,NAD 27,25,31,34.00,107,17,47.00,18,36,600.00,30.00,TERRACERÍA,29/01/2002,90 DÍAS,SIN AUTORIZACIÓN,ABR,2002,NO,INOPERATIVO,"AEROPUERTO INTERNACIONAL DE CULIACAN, SINALOA",,,,,,
SP 629,AERÓDROMO,PRG,PROGRESO,CHIAPAS,TAPACHULA,DIURNO,SERVICIO PARTICULAR,TERRESTRE,1-A,SOCIEDAD DE PRODUCCION RURAL DE R.I. FRUTAS ASAKE,55.00,,14,46,0.00,92,16,32.00,11,29,770.00,15.00,TERRACERÍA,07/01/2003,180 DÍAS,07/07/2003,JUL,2003,NO,INOPERATIVO,"AEROPUERTO INTERNACIONAL DE TAPACHULA, CHIAPAS",,,,,,
SP 630,AERÓDROMO,HAT,EL HATO,CHIAPAS,TAPACHULA,DIURNO,SERVICIO PARTICULAR,TERRESTRE,1-A,SOCIEDAD DE PRODUCCION RURAL DE R.I. FRUTAS ASAKE,4.00,WGS-84,14,38,22.00,92,18,37.00,2,20,700.00,20.00,TERRACERÍA,15/10/2009,5 AÑOS,15/10/2014,OCT,2014,NO,INOPERATIVO,"AEROPUERTO INTERNACIONAL DE TAPACHULA, CHIAPAS",,,,,,
SP 631,AERÓDROMO,BUE,BUENAVISTA,NUEVO LEÓN,GENERAL BRAVO,DIURNO,SERVICIO PARTICULAR,TERRESTRE,2-B,JUAN JOSE TAMEZ FUENTES               ,42.00,,25,51,11.00,98,38,6.00,15,33,"1,100.00",30.00,TERRACERÍA,30/10/2000,5 AÑOS,30/10/2005,OCT,2005,NO,INOPERATIVO,"AEROPUERTO INTERNACIONAL DE REYNOSA, TAMAULIPAS",,,,,,
SP 632,AERÓDROMO,MGD,LAS MARGARITAS,DURANGO,SUCHIL,DIURNO,SERVICIO PARTICULAR Y A TERCEROS,TERRESTRE,2-A,FIDEL GUTIERREZ VALLES                ,"2,520.00",WGS-84,23,17,29.00,104,14,58.00,3,21,"1,200.00",12.00,TERRACERÍA,01/10/2015,15 AÑOS,01/10/2030,OCT,2030,SI,VIGENTE,"AEROPUERTO INTERNACIONAL DE DURANGO, DURANGO",,,,,,
SP 633,AERÓDROMO,PRL,LA PERLA,SINALOA,NAVOLATO,DIURNO,SERVICIO PARTICULAR,TERRESTRE,1-A,JULIAN NATANAEL SANTOS TRUJILLO,10.00,WGS-84,24,43,11.80,107,32,25.90,10,28,600.00,15.00,TERRACERÍA,17/03/2015,15 AÑOS,17/03/2030,MAR,2030,SI,VIGENTE,"AEROPUERTO INTERNACIONAL DE DURANGO, DURANGO",,,,,,
SP 634,AERÓDROMO,VSZ,RANCHO SAN LORENZO,COAHUILA,MUZQUIZ,DIURNO,SERVICIO PARTICULAR,TERRESTRE,1-C,ANTONIO GONZALEZ JIMENEZ              ,274.00,NAD 27,28,15,30.00,101,25,0.00,17,35,700.00,25.00,TERRACERÍA,01/04/2005,5 AÑOS,01/04/2010,ABR,2010,NO,INOPERATIVO,"AEROPUERTO INTERNACIONAL DE PIEDRAS NEGRAS, COAHUILA",,,,,,
SP 635,AERÓDROMO,BBC,BARBECHITOS,CHIHUAHUA,GUADALUPE Y CALVO,DIURNO,SERVICIO PARTICULAR,TERRESTRE,1-A,"TAXIS AEREOS DE PARRAL, S.A.","2,370.00",WGS-84,26,24,34.64,107,1,59.19,7,25,"1,100.00",20.00,TERRACERÍA,02/09/2014,15 AÑOS,02/09/2029,SEP,2029,SI,VIGENTE,"AEROPUERTO INTERNACIONAL DE CHIHUAHUA, CHIHUAHUA",,,,,,
SP 636,AERÓDROMO,LBX,LOS LOBOS,DURANGO,VILLA HIDALGO,DIURNO,SERVICIO PARTICULAR,TERRESTRE,2-A,LIC. CARLOS ROMAN CEPEDA GONZALEZ,"1,931.00",WGS-84,26,2,35.86,104,52,12.06,8,26,"2,000.00",12.00,TERRACERÍA,20/05/2013,180 DÍAS,20/11/2013,NOV,2013,NO,INOPERATIVO,"AEROPUERTO INTERNACIONAL DE TORREON, COAHUILA",,,,,,
SP 637,AERÓDROMO,PRV,LA PROVIDENCIA DE ACAPETAHUA,CHIAPAS,ACAPETAHUA,DIURNO,SERVICIO PARTICULAR,TERRESTRE,1-A,FOMENTO AZUCARERO S.P.R DE R.L. DE C.V.,30.00,WGS-84,15,17,10.70,92,44,59.60,18,36,800.00,15.00,ASFALTO,12/02/2020,15 AÑOS,12/02/2035,FEB,2035,SI,VIGENTE,"AEROPUERTO INTERNACIONAL DE TAPACHULA, CHIAPAS",,,,,,
SP 638,AERÓDROMO,JZC,LA PAROTA (ANTES LOS GONZALEZ DE CORONGOROS)               (Cambio  del titular),MICHOACÁN,TEPALCATEPEC,DIURNO,SERVICIO PARTICULAR,TERRESTRE,1-A,JESUS ZAMORA CASTRO,400.00,WGS-84,19,12,44.30,102,50,26.48,3,21,610.00,15.00,TERRACERÍA,06/03/2018,15 AÑOS,06/03/2033,MAR,2033,SI,VIGENTE,"AEROPUERTO DE URUAPAN, MICHOACAN",,,,,,
SP 639,AERÓDROMO,DTS,DIFICULTADES,SINALOA,MOCORITO,DIURNO,SERVICIO PARTICULAR,TERRESTRE,1-A,JESUS OMAR CASTRO VILLAVERDE,60.00,,25,6,9.00,107,45,23.00,16,34,680.00,12.00,ASFALTO,17/03/2006,5 AÑOS,17/03/2011,MAR,2011,NO,INOPERATIVO,"AEROPUERTO INTERNACIONAL DE CULIACAN, SINALOA",,,,,,
SP 640,AERÓDROMO,STJ,SANTA TERESA,NAYARIT,EL NAYAR,DIURNO,SERVICIO PARTICULAR,TERRESTRE,1-A,"H. AYUNTAMIENTO CONSTITUCIONAL  EL NAYAR, NAYARIT","2,027.00",WGS-84,22,29,47.20,104,46,22.10,15,33,900.00,9.00,TERRACERÍA,27/11/2002,90 DÍAS,27/02/2003,FEB,2003,NO,INOPERATIVO,"AEROPUERTO DE TEPIC, NAYARIT",,,,,,
SP 641,AERÓDROMO,PTT,LA PISTA,TABASCO,TEAPA,DIURNO,SERVICIO PARTICULAR,TERRESTRE,1-A,"SOCIEDAD COOPERATIVA. DE CONSUMO DE PRODUCTORES DE PLATANO, S.C.L.",26.00,WGS-84,17,36,34.40,93,0,40.00,18,36,700.00,6.00,TERRACERÍA,04/08/2017,15 AÑOS,04/08/2032,AGO,2032,SI,VIGENTE,"AEROPUERTO INTERNACIONAL DE VILLAHERMOSA, TABASCO",,,,,,
SP 642,AERÓDROMO,CDC,CHUPADERO DEL CABALLO               ,COAHUILA,CIUDAD ACUÑA,DIURNO,SERVICIO PARTICULAR,TERRESTRE,1-A,ROSANTINA DIEGO DE VALDES             ,654.00,,29,22,6.00,101,47,0.00,14,32,700.00,28.00,TERRACERÍA,SIN AUTORIZACIÓN,,SIN AUTORIZACIÓN,ENE,1997,NO,INOPERATIVO,"AEROPUERTO INTERNACIONAL DE CIUDAD ACUÑA, COAHUILA",,,,,,
SP 643,AERÓDROMO,HYM,HUAYNAMOTA,NAYARIT,EL NAYAR,DIURNO,SERVICIO PARTICULAR,TERRESTRE,1-C,"H. AYUNTAMIENTO CONSTITUCIONAL  EL NAYAR, NAYARIT",660.00,NAD 27,21,56,7.00,104,30,49.00,1,19,740.00,30.00,TERRACERÍA,27/11/2002,90 DÍAS,27/02/2003,FEB,2003,NO,INOPERATIVO,"AEROPUERTO DE TEPIC, NAYARIT",,,,,,
SP 644,AERÓDROMO,JMJ,JOSE MAGDALENO JALAVERA REYES,SINALOA,SINALOA DE LEYVA,DIURNO,SERVICIO PARTICULAR,TERRESTRE,1-A,JOSE MAGDALENO JALAVERA REYES,74.00,WGS-84,25,42,6.77,108,13,1.08,,,501.00,20.00,TERRACERÍA,SIN AUTORIZACIÓN,,SIN AUTORIZACIÓN,JUL,2009,NO,INOPERATIVO,"AEROPUERTO INTERNACIONAL DE LOS MOCHIS, SINALOA",,,,,,
SP 645,AERÓDROMO,GIH,"LA GIRALDA
(Poceso cierre)",TABASCO,HUAMANGUILLO,DIURNO,SERVICIO PARTICULAR,TERRESTRE,1-A,ELSIE YOLANDA CASTANDSE DE CELORIO Y/O RAMON FERNANDO CELORIO VALLE,18.00,WGS-84,17,41,6.20,93,23,6.40,7,25,700.00,20.00,TERRACERÍA,05/06/2008,180 DÍAS,05/12/2008,DIC,2008,NO,INOPERATIVO,"AEROPUERTO INTERNACIONAL DE VILLAHERMOSA, TABASCO",,,,,,
SP 646,AERÓDROMO,VBS,VALLE DE BANDERAS (Revocación),NAYARIT,BAHIA DE BANDERAS,DIURNO,SERVICIO PARTICULAR,TERRESTRE,1-A,LAUREANO TORRES ALVAREZ,75.00,NAD 27,20,48,34.00,105,15,17.00,4,22,700.00,12.00,TERRACERÍA,16/12/2013,15 AÑOS,16/12/2028,DIC,2028,NO,INOPERATIVO,"AEROPUERTO INTERNACIONAL DE PUERTO VALLARTA, JALISCO",,,,,,
SP 647,AERÓDROMO,CEO,EL CRUCERO,SONORA,CAJEME,DIURNO,SERVICIO PARTICULAR,TERRESTRE,1-A,"REPARACIONES AEREAS DEL YAQUI, S.A. DE C.V.",35.00,WGS-84,27,24,25.40,109,55,39.20,8,26,"1,000.00",10.00,TERRACERÍA,30/04/2014,15 AÑOS,30/04/2029,ABR,2029,SI,VIGENTE,"AEROPUERTO INTERNACIONAL DE CIUDAD OBREGON, SONORA",,,,,,
SP 648,AERÓDROMO,PIB,LA PISTA DE BALANCAN,TABASCO,BALANCAN,DIURNO,SERVICIO PARTICULAR,TERRESTRE,1-A,ANTONIO FERIA CRESPO,20.00,,17,52,28.00,91,33,18.00,13,31,800.00,20.00,TERRACERÍA,30/10/2000,5 AÑOS,30/10/2005,OCT,2005,NO,INOPERATIVO,"AEROPUERTO INTERNACIONAL DE VILLAHERMOSA, TABASCO",,,,,,
SP 649,AERÓDROMO,SAL,LAS SALVIAS,SINALOA,BADIRAGUATO,DIURNO,SERVICIO PARTICULAR,TERRESTRE,1-A,EJIDO TEGORIPA,894.00,WGS-84,25,39,53.01,107,29,59.48,18,36,600.00,10.00,TERRACERÍA,22/10/2014,15 AÑOS,22/10/2029,OCT,2029,SI,VIGENTE,"AEROPUERTO INTERNACIONAL DE CULIACAN, SINALOA",,,,,,
SP 650,AERÓDROMO,CPG,EL CAPIRO,COAHUILA,OCAMPO,DIURNO,SERVICIO PARTICULAR,TERRESTRE,1-A,HUMBERTO NOE GARZA PEREZ              ,"1,254.00",WGS-84,28,13,51.70,102,34,4.10,11,29,850.00,18.00,TERRACERÍA,17/05/2019,15 AÑOS,17/05/2034,MAY,2034,SI ,VIGENTE ,"AEROPUERTO INTERNACIONAL DE MONCLOVA, COAHUILA",,,,,,
SP 651,AERÓDROMO,SNY,SANTA ANITA DEL YAQUI,SONORA,CAJEME,DIURNO,SERVICIO PARTICULAR,TERRESTRE,1-A,"PRODUCTORA SANTA ANITA, S.P.R. DE R.L.",42.00,WGS-84,27,18,55.00,109,52,54.00,17,35,800.00,18.00,TERRACERÍA,29/04/2016,15 AÑOS,29/04/2031,ABR,2031,SI,VIGENTE,"AEROPUERTO INTERNACIONAL DE CIUDAD OBREGON, SONORA",,,,,,
SP 652,AERÓDROMO,TXP,AEROPISTA TUXPAN,NAYARIT,TUXPAN,DIURNO,SERVICIO PARTICULAR,TERRESTRE,1-A,"SERVICIOS AEREOS AGRICOLAS Y FORESTALES DE MEXICO, S.A. DE C.V.",11.00,WGS-84,21,56,34.61,105,16,17.21,8,26,800.00,15.00,TERRACERÍA,17/12/2002,90 DÍAS,17/03/2003,MAR,2003,NO,INOPERATIVO,"AEROPUERTO DE TEPIC, NAYARIT",,,,,,
SP 653,AERÓDROMO,ELR,EL ROSARIO,NAYARIT,AMATLAN DE CAÑAS,DIURNO,SERVICIO PARTICULAR,TERRESTRE,1-A,"H. AYUNTAMIENTO CONSTITUCIONAL DE AMATLAN DE CAÑAS, NAYARIT ",800.00,,20,53,33.87,104,28,41.84,9,27,750.00,15.00,ASFALTO,18/03/2008,60 DÍAS,SIN AUTORIZACIÓN,MAY,2008,NO,INOPERATIVO,"AEROPUERTO DE TEPIC, NAYARIT",,,,,,
SP 654,AERÓDROMO,STB,SANTA BARBARA I (CANCELADO),SONORA,CAJEME,DIURNO,SERVICIO PARTICULAR,TERRESTRE,1-A,C. HUGO ALBERTO MEDINA FLORES,29.00,NAD 27,27,28,36.00,109,58,47.00,12,30,830.00,12.00,TERRACERÍA,10/09/2008,180 DÍAS,10/03/2009,MAR,2009,NO,INOPERATIVO,"AEROPUERTO INTERNACIONAL DE CIUDAD OBREGON, SONORA",,,,,,
SP 655,AERÓDROMO,AOC,ACOCOTLA,PUEBLA,ATLIXCO,DIURNO,SERVICIO PARTICULAR,TERRESTRE,2-B,DOMINGO MINUTTI STEFANONI,"1,754.00",WGS-84,18,51,1.67,98,26,49.32,1,19,"1,150.00",12.00,ASFALTO,14/04/2016,15 AÑOS,14/04/2031,ABR,2031,SI,VIGENTE,"AEROPUERTO INTERNACIONAL ""HERMANOS SERDÁN"" DE HUEJOTZINGO, PUE.",,,,,,
SP 656,AERÓDROMO,DNY,DOLORES NAY,NAYARIT,EL NAYAR,DIURNO,SERVICIO PARTICULAR,TERRESTRE,1-A,"H. AYUNTAMIENTO CONSTITUCIONAL  EL NAYAR, NAYARIT",480.00,WGS-84,22,21,2.70,104,56,57.20,17,35,350.00,16.00,TERRACERÍA,27/11/2002,90 DÍAS,27/03/2003,MAR,2003,NO,INOPERATIVO,"AEROPUERTO DE TEPIC, NAYARIT",,,,,,
SP 657,AERÓDROMO,SAW,SAN ANTONIO EL RUSSIO,COAHUILA,JUÁREZ,DIURNO,SERVICIO PARTICULAR,TERRESTRE,2-A,JOSE MAURO GARZA GONZALEZ,280.00,WGS-84,27,31,7.80,100,47,41.21,12,30,"1,148.00",12.00,TERRACERÍA,10/07/2013,5 AÑOS,10/07/2018,JUL,2018,NO,INOPERATIVO,"AEROPUERTO INTERNACIONAL DE CIUDAD ACUÑA, COAHUILA",,,,,,
SP 658,AERÓDROMO,PPS,PUNTA PAJAROS,QUINTANA ROO,FELIPE CARRILLO PUERTO,DIURNO,SERVICIO PARTICULAR Y A TERCEROS,TERRESTRE,2-B,"ACTIVIDADES CINEGETICAS PANAMERICANAS, S.A. DE C.V.",3.00,WGS-84,19,36,52.84,87,25,34.91,15,33,750.00,30.00,TERRACERÍA,10/03/2017,15 AÑOS,10/03/2032,MAR,2032,SI,VIGENTE,"AEROPUERTO INTERNACIONAL DE CANCUN, QUINTANA ROO",,,,,,
SP 659,AERÓDROMO,GRU,EL GRULLO,TAMAULIPAS,SOTO LA MARINA,DIURNO,SERVICIO PARTICULAR,TERRESTRE,2-A,GRACIELA ELIZONDO PIER,128.00,WGS-84,23,39,48.70,97,54,2.10,13,31,900.00,40.00,TERRACERÍA,13/10/2006,180 DÍAS,13/04/2007,ABR,2007,NO,INOPERATIVO,"AEROPUERTO INTERNACIONAL DE TAMPICO, TAMAULIPAS",,,,,,
SP 660,AERÓDROMO,RSX,RANCHO EL SALADO,COAHUILA,ACUÑA,DIURNO,SERVICIO PARTICULAR,TERRESTRE,1-A,GERARDO SANTOS BENAVIDES,477.00,WGS-84,29,38,21.00,101,45,33.00,3,21,800.00,18.00,TERRACERÍA,15/02/2007,5 AÑOS,15/02/2012,FEB,2012,NO,INOPERATIVO,"AEROPUERTO INTERNACIONAL DE PIEDRAS NEGRAS, COAHUILA",,,,,,
SP 661,AERÓDROMO,ASB,AEROFUMIGACIONES SARABIA,SINALOA,CULIACAN,DIURNO,SERVICIO PARTICULAR,TERRESTRE,1-A,P.A. FRANCISCO JAVIER SARABIA MENDOZA,400.00,WGS-84,24,52,20.00,107,29,15.00,7,25,630.00,20.00,TERRACERÍA,19/11/2014,180 DÍAS,19/05/2015,MAY,2015,NO,INOPERATIVO,"AEROPUERTO INTERNACIONAL DE CULIACAN, SINALOA",,,,,,
HP 662,HELIPUERTO,HBS,CASA BLANCA,QUINTANA ROO,FELIPE CARRILLO PUERTO,DIURNO,SERVICIO PARTICULAR,SUPERFICIE,H-1,"ACTIVIDADES CINEGETICAS PANAMERICANAS, S.A. DE C.V.",3.00,WGS-84,19,36,9.00,87,24,9.00,,,,,,13/01/2014,15 AÑOS,13/01/2029,ENE,2029,SI,VIGENTE,"AEROPUERTO INTERNACIONAL DE CANCUN, QUINTANA ROO",,,,,,
SP 663,AERÓDROMO,SAE,SAN ANGEL,COAHUILA,MORELOS,DIURNO,SERVICIO PARTICULAR,TERRESTRE,1-A,ROGELIO V. GARZA SANTOS               ,580.00,WGS-84,28,19,30.00,101,10,42.00,14,32,600.00,16.00,TERRACERÍA,28/09/2004,180 DÍAS,28/09/2005,SEP,2005,NO,INOPERATIVO,"AEROPUERTO INTERNACIONAL DE PIEDRAS NEGRAS, COAHUILA",,,,,,
SP 664,AERÓDROMO,EVO,GUAMUCHIL EVORA,SINALOA,SALVADOR ALVARADO,DIURNO,SERVICIO PARTICULAR Y A TERCEROS,TERRESTRE,2-B,MARTÍN ALFREDO VÁZQUEZ MÉNDEZ,64.00,WGS-84,25,24,26.36,108,4,24.35,10,28,"1,000.00",61.00,TERRACERÍA,05/03/2018,15 AÑOS,05/03/2033,MAR,2033,SI,VIGENTE,"AEROPUERTO INTERNACIONAL DE CULIACAN, SINALOA",,,,,,
SP 665,AERÓDROMO,CYL,EL CAYAL,CAMPECHE,HOPELCHEN,DIURNO,SERVICIO PARTICULAR,TERRESTRE,2-A,"FRUTAS TROPICALES DE CAMPECHE, S.A. DE C.V.",40.00,WGS-84,19,46,3.10,90,10,12.90,9,27,"1,500.00",30.00,TERRACERÍA,08/03/2006,5 AÑOS,08/03/2011,MAR,2011,NO,INOPERATIVO,"AEROPUERTO INTERNACIONAL DE CAMPECHE, CAMPECHE",,,,,,
SP 666,AERÓDROMO,LPY,LA PITAYA,NUEVO LEÓN,LAMPAZOS,DIURNO,SERVICIO PARTICULAR,TERRESTRE,2-B,"SANTREVAL, S.A. DE C.V.",281.00,NAD 27,27,12,17.00,100,35,51.00,10,28,"1,100.00",20.00,TERRACERÍA,17/01/2014,5 AÑOS,17/01/2019,ENE,2019,NO,EN TRAMITE,"AEROPUERTO INTERNACIONAL DE MONTERREY, NUEVO LEON",,,,,,
SP 667,AERÓDROMO,LSK,LAGUNA SECA,TAMAULIPAS,SAN FERNANDO,DIURNO,SERVICIO PARTICULAR,TERRESTRE,1-A,MIGUEL CARLOS BARRAGAN VILLARREAL,9.00,NAD 27,24,50,50.00,97,56,30.00,14,32,800.00,20.00,TERRACERÍA,12/06/2002,90 DÍAS,SIN AUTORIZACIÓN,SEP,2002,NO,INOPERATIVO,"AEROPUERTO INTERNACIONAL DE TAMPICO, TAMAULIPAS",,,,,,
SP 668,AERÓDROMO,EAU,EL ALAMO,COAHUILA,JIMÉNEZ,DIURNO,SERVICIO PARTICULAR,TERRESTRE,1-B,JUAN MANUEL FLORES ULLOA,433.00,WGS-84,29,5,52.00,101,11,21.80,11,29,850.00,18.00,TERRACERÍA,02/02/2004,5 AÑOS,02/02/2009,FEB,2009,NO,INOPERATIVO,"AEROPUERTO INTERNACIONAL DE PIEDRAS NEGRAS, COAHUILA",,,,,,
SP 669,AERÓDROMO,EPN,EL PINTO,COAHUILA,JIMÉNEZ,DIURNO,SERVICIO PARTICULAR,TERRESTRE,1-A,FERNANDO ALONSO VILLARREAL FLORES,427.00,,29,7,50.00,101,15,45.00,18,36,600.00,18.00,TERRACERÍA,03/11/2005,5 AÑOS,03/11/2010,NOV,2010,NO,INOPERATIVO,"AEROPUERTO INTERNACIONAL DE MONTERREY, NUEVO LEON",,,,,,
SP 670,AERÓDROMO,MTM  ,MONTEMORELOS,NUEVO LEÓN,MONTEMORELOS,DIURNO,SERVICIO PARTICULAR,TERRESTRE,1-A,GERARDO CHAVEZ BALDERAS,280.00,NAD 27,25,8,40.00,99,50,39.00,14,32,680.00,18.00,TERRACERÍA,09/11/2021,15 AÑOS,09/05/2036,MAY,2036,SI ,VIGENTE,"AEROPUERTO INTERNACIONAL DEL NORTE, NUEVO LEON",,,,,,
SP 671,AERÓDROMO,SAX,SANTA CRUZ,COAHUILA,MELCHOR MUZQUIZ,DIURNO,SERVICIO PARTICULAR,TERRESTRE,1-C,EDUARDO ALEJANDRO MARTINEZ GONZALEZ,784.00,NAD 27,28,12,30.00,101,52,25.00,16,34,600.00,25.00,TERRACERÍA,04/11/2005,5 AÑOS,04/11/2010,NOV,2010,NO,INOPERATIVO,"AEROPUERTO INTERNACIONAL DE MONCLOVA, COAHUILA",,,,,,
SP 672,AERÓDROMO,JLS  ,JORGE LLERENAS SILVA,COLIMA,COLIMA,DIURNO,SERVICIO PARTICULAR,TERRESTRE,1-A,JESUS ZARAGOZA DE LA FUENTE,444.00,WGS-84,19,13,11.85,103,43,49.66,2,20,700.00,20.00,ASFALTO,21/12/2010, ,21/06/2011,JUN,2011,NO,INOPERATIVO,AEROPUERTO NACIONAL DE COLIMA,,,,,,
SP 673,AERÓDROMO,CPI,CAMPO 107,CHIHUAHUA,CUAUHTÉMOC,DIURNO,SERVICIO PARTICULAR,TERRESTRE,1-A,C. IVÁN ARIAS BARRERA,"2,011.00",WGS-84,28,47,53.00,107,2,51.00,8,26,"1,190.00",13.00,TERRACERÍA,30/04/2007,180 DÍAS,30/10/2007,OCT,2007,NO,INOPERATIVO,"AEROPUERTO INTERNACIONAL DE CHIHUAHUA, CHIHUAHUA",,,,,,
SP 674,AERÓDROMO,LMT  ,RANCHO LA MARGARITA,COAHUILA,CIUDAD ACUÑA,DIURNO,SERVICIO PARTICULAR,TERRESTRE,2-B,MARIA DE LOS ANGELES CAVAZOS DE LA GARZA,425.00,WGS-84,29,13,27.00,101,14,37.00,11,29,900.00,14.00,ASFALTO,01/12/2016,15 AÑOS,01/12/2031,DIC,2031,SI,VIGENTE,"AEROPUERTO INTERNACIONAL DE CIUDAD ACUÑA, COAHUILA",,,,,,
SP 675,AERÓDROMO,,RANCHO LAS PILAS,COAHUILA,MELCHOR MUZQUIZ,DIURNO,SERVICIO PARTICULAR,TERRESTRE,1-A,"GUILLERMO, FERNANDA Y DORIS OSUNA VILLAR    ","1,090.00",WGS-84,28,50,18.00,101,59,48.00,12,30,"1,000.00",20.00,TERRACERÍA,05/12/2006,180 DÍAS,05/06/2007,JUN,2007,NO,INOPERATIVO,"AEROPUERTO INTERNACIONAL DE MONCLOVA, COAHUILA",,,,,,
SP 676,AERÓDROMO,CRH,EL CARRIZO AHOME,SINALOA,AHOME,DIURNO,SERVICIO PARTICULAR,TERRESTRE,1-A,ARISTEO HERNANDEZ VALDEZ Y COPROPIETARIOS,17.00,NAD 27,26,16,50.00,109,3,30.00,13,31,700.00,10.00,TERRACERÍA,14/01/2003,90 DÍAS,14/04/2003,ABR,2003,NO,INOPERATIVO,"AEROPUERTO INTERNACIONAL DE LOS MOCHIS, SINALOA",,,,,,
SP 677,AERÓDROMO,EIF  ,RANCHO EL INFANTE,COAHUILA,MELCHOR MUZQUIZ,DIURNO,SERVICIO PARTICULAR,TERRESTRE,2-A,OFELIA OSUNA SAENZ Y/O RAMON LLANO OSUNA Y/O ROSA OFELIA LLANO OSUNA Y/O NIDIA LLANO OSUNA,971.00,WGS-84,28,45,52.00,101,56,6.00,12,30,"1,340.00",20.00,TERRACERÍA,09/12/2016,15 AÑOS,09/12/2031,DIC,2031,SI,VIGENTE,"AEROPUERTO INTERNACIONAL DE MONCLOVA, COAHUILA",,,,,,
SP 678,AERÓDROMO,RJU  ,RANCHO SAN JUAN,COAHUILA,MELCHOR MUZQUIZ,DIURNO,SERVICIO PARTICULAR,TERRESTRE,2-A,ISIDRO LOPEZ DEL BOSQUE,823.00,,28,44,0.00,101,51,0.00,12,30,"1,100.00",18.00,TERRACERÍA,03/07/2006,5 AÑOS,03/07/2011,JUL,2011,NO,INOPERATIVO,"AEROPUERTO INTERNACIONAL DE PIEDRAS NEGRAS, COAHUILA",,,,,,
SP 679 ,AERÓDROMO,THI,TAMPACHICHE,VERACRUZ,TAMPICO EL ALTO,DIURNO,SERVICIO PARTICULAR,TERRESTRE,1-A,"PEÑITAS, S.A. DE C.V.",6.00,WGS-84,21,58,52.63,97,42,58.27,18,36,800.00,6.50,CONCRETO HIDRÁULICO,04/04/2016,15 AÑOS,04/04/2031,ABR,2031,SI,VIGENTE,"AEROPUERTO INTERNACIONAL DE TAMPICO, TAMAULIPAS",,,,,,
SP 680,AERÓDROMO,RCN,RANCHO EL CAMPANERO,NUEVO LEÓN,LAMPAZOS DE NARANJO,DIURNO,SERVICIO PARTICULAR,TERRESTRE,1-A,EDUARDO y FERNANDO GARCÍA ALANIS Y MARÍA HERMINIA MORALES RÍOS,316.00,WGS-84,27,1,42.00,100,23,0.00,12,30,700.00,18.00,TERRACERÍA,,,,JUN,2014,NO,INOPERATIVO,"AEROPUERTO INTERNACIONAL DEL NORTE, NUEVO LEON",,,,,,
HP 681,HELIPUERTO,HPE,PLAZA INSURGENTES SUR (3),CIUDAD DE MÉXICO,ALVARO OBREGON,DIURNO,SERVICIO PARTICULAR,ELEVADO,H-1,"PLAZA INSURGENTES SUR, S.A. DE C.V.","2,340.00",WGS-84,19,21,8.40,99,11,13.69,,,,,,28/09/2012,5 AÑOS,28/09/2017,SEP,2017,NO,INOPERATIVO,"AEROPUERTO INTERNACIONAL DE LA CIUDAD DE MEXICO, CIUDAD DE MEXICO",,,,,,
SP 682,AERÓDROMO,TRO,TERRERO,SINALOA,MOCORITO,DIURNO,SERVICIO PARTICULAR,TERRESTRE,1-A,AGUSTINA CABANILAS ACOSTA,590.00,WGS-84,25,40,24.6,107,38,46.3,13,31,600.00,60.00,TERRACERÍA,29/09/2009,180 DÍAS,29/03/2010,MAR,2010,NO,INOPERATIVO,"AEROPUERTO INTERNACIONAL DE CULIACAN, SINALOA",,,,,,
SP 683,AERÓDROMO,EDA,EL DOS DE ABRIL,DURANGO,TAMAZULA,DIURNO,SERVICIO PARTICULAR,TERRESTRE,1-A,MARTIN GASTELUM GOMEZ,960.00,WGS-84,24,30,49.00,106,38,19.00,2,20,320.00,20.00,TERRACERÍA,29/09/2009,180 DÍAS,29/03/2010,MAR,2010,NO,INOPERATIVO,"AEROPUERTO INTERNACIONAL DE DURANGO, DURANGO",,,,,,
SP 684,AERÓDROMO,CAT,SANTA BARBARA,GUERRERO,PUNGARABATO,DIURNO,SERVICIO PARTICULAR,TERRESTRE,1-A,COMISION DE INFRAESTRUCTURA CARRETERA Y AEROPORTUARIA DEL GOBIERNO DEL ESTADO DE GUERRERO,267.00,WGS-84,18,19,28.00,100,37,49.00,15,33,"1,540.00",20.00,ASFALTO,09/11/2017,180 DÍAS,09/05/2018,MAY,2018,NO,INOPERATIVO,"AEROPUERTO INTERNACIONAL DE ACAPULCO, GUERRERO",,,,,,
SP 685,AERÓDROMO,EDG,EL CORTIJO DE GUANETIPA,SINALOA,BADIRAGUATO,DIURNO,SERVICIO PARTICULAR,TERRESTRE,1-A,EMETERIO QUIROA FLORES,"1,320.00",WGS-84,25,16,33.40,107,10,44.80,11,29,300.00,12.00,TERRACERÍA,29/09/2009,180 DÍAS,29/03/2010,MAR,2010,NO,INOPERATIVO,"AEROPUERTO INTERNACIONAL DE LOS MOCHIS, SINALOA",,,,,,
HP 686,HELIPUERTO,HAJ,PUNTA  ESTRELLA,QUINTANA ROO,FELIPE CARRILLO PUERTO,DIURNO,SERVICIO PARTICULAR,SUPERFICIE,H-1,"ACTIVIDADES CINEGETICAS PANAMERICANAS, S.A. DE C.V.",2.00,WGS-84,19,32,25.00,87,25,29.00,,,,,,16/10/2015,15 AÑOS,16/10/2030,OCT,2030,SI,VIGENTE,"AEROPUERTO INTERNACIONAL DE CANCUN, QUINTANA ROO",,,,,,
SP 687,AERÓDROMO,RAD  ,RANCHO AGUA DULCE,COAHUILA,MELCHOR MUZQUIZ,DIURNO,SERVICIO PARTICULAR,TERRESTRE,1-C,DIANA LETICIA VELA DEL CAMPO,"1,350.00",,27,48,0.00,102,0,0.00,18,36,800.00,25.00,TERRACERÍA,SIN AUTORIZACIÓN,,SIN AUTORIZACIÓN,ENE,2008,NO,INOPERATIVO,"AEROPUERTO INTERNACIONAL DE PIEDRAS NEGRAS, COAHUILA",,,,,,
HP 688,HELIPUERTO,HEM,HELIPUERTO ESTADO DE MEXICO,ESTADO DE MEXICO,TOLUCA,DIURNO,SERVICIO PARTICULAR,ELEVADO,H-1,GOBIERNO DEL ESTADO DE MEXICO,"2,673.00",WGS-84,19,17,37.70,99,39,26.60,,,,,,21/09/2011,180 DÍAS,21/03/2012,MAR,2012,NO,INOPERATIVO,"AEROPUERTO INTERNACIONAL DE TOLUCA, ESTADO DE MEXICO",,,,,,
SP 689,AERÓDROMO,MAN,MESA DEL NAYAR,NAYARIT,EL NAYAR,DIURNO,SERVICIO PARTICULAR,TERRESTRE,1-A,"H. AYUNTAMIENTO CONSTITUCIONAL  EL NAYAR, NAYARIT","1,355.00",WGS-84,22,12,3.80,104,38,48.20,11,29,750.00,30.00,TERRACERÍA,27/11/2002,90 DÍAS,27/02/2003,FEB,2003,NO,INOPERATIVO,"AEROPUERTO DE TEPIC, NAYARIT",,,,,,
HP 690,HELIPUERTO,HSE,SELECCIONES DE COLOR,ESTADO DE MEXICO,ATIZAPÁN DE ZARAGOZA,DIURNO,SERVICIO PARTICULAR,SUPERFICIE,H-2,"SELECCIONES DE COLOR, S.A. DE C.V.","2,288.00",WGS-84,19,34,48.00,99,13,36.00,,,,,,14/07/2004,180 DÍAS,14/01/2005,ENE,2005,NO,INOPERATIVO,"AEROPUERTO DE ATIZAPAN DE ZARAGOZA, ESTADO DE MEXICO",,,,,,
SP 691,AERÓDROMO,TQJ  ,TEQUILA,JALISCO,TEQUILA,DIURNO,SERVICIO PARTICULAR,TERRESTRE,1-A,"LINEAS AEREAS DE TEQUILA, S.A. DE C.V ","1,218.00",,20,51,53.00,103,47,31.00,10,28,800.00,20.00,TERRACERÍA,30/07/2002,180 DÍAS,30/01/2003,ENE,2003,NO,INOPERATIVO,"AEROPUERTO INTERNACIONAL DE GUADALAJARA, JALISCO",,,,,,
SP 692,AERÓDROMO,TPI,TAPIAS,NUEVO LEÓN,GALEANA,DIURNO,SERVICIO PARTICULAR,TERRESTRE,2-B,"H. AYUNTAMIENTO CONSTITUCIONAL DE GALEANA, NUEVO LEON","1,658.00",NAD 27,24,44,47.00,100,1,47.00,14,32,"1,230.00",25.00,TERRACERÍA,29/09/2003,90 DÍAS,29/12/2003,DIC,2003,NO,INOPERATIVO,"AEROPUERTO INTERNACIONAL DE MONTERREY, NUEVO LEON",,,,,,
SP 693,AERÓDROMO,LRB (antes ELQ),AERÓDROMO VALLE DE ALLENDE (antes C.P.A JESUS ERNESTO LOZANO JIMENEZ),CHIHUAHUA,ALLENDE,DIURNO,SERVICIO PARTICULAR Y A TERCEROS,TERRESTRE,3-B,"CORPORACION AERONAUTICA E INDUSTRIAL, S.A. DE C.V.","1,660.00",WGS-84,26,58,1.28,105,25,31.39,6,24,"2,600.00",25.00,ASFALTO,14/02/2019,15 AÑOS,14/02/2034,FEB,2034,SI,VIGENTE,"AEROPUERTO INTERNACIONAL DE CHIHUAHUA, CHIHUAHUA",,,,,,
SP 694,AERÓDROMO,ARM,AEROMAR,SINALOA,NAVOLATO,DIURNO,SERVICIO PARTICULAR,TERRESTRE,1-A,ARTURO MARTOS GARCIA,10.00,WGS-84,24,45,23.00,107,39,7.00,16,34,400.00,10.00,CONCRETO HIDRAULICO ,06/03/2015,15 AÑOS,06/03/2030,MAR,2030,SI,VIGENTE,"AEROPUERTO INTERNACIONAL DE CULIACAN, SINALOA",,,,,,
SP 695,AERÓDROMO,CHG  ,CHILPANCINGO,GUERRERO,CHILPANCINGO,DIURNO,SERVICIO PARTICULAR,TERRESTRE,1-A,"GOBIERNO DEL ESTADO DE GUERRERO, SECRETARIA DE DESARROLLO URBANO Y OBRAS PUBLICAS","1,270.00",WGS-84,17,34,27.00,99,30,55.00,15,33,"1,410.00",20.00,ASFALTO,26/08/2011,180 DÍAS,26/02/2012,FEB,2012,NO,EN TRAMITE,"AEROPUERTO INTERNACIONAL DE ACAPULCO, GUERRERO",,,,,,
HP 696,HELIPUERTO,HOE,ORGANIZACION EDITORIAL MEXICANA,CIUDAD DE MÉXICO,CUAUHTÉMOC,DIURNO,SERVICIO PARTICULAR,ELEVADO,H-1,"COMPAÑIA PERIODISTICA ESTO, S.A. DE C.V.","2,252.00",WGS-84,19,26,18.30,99,9,35.10,,,,,,16/08/2016,15 AÑOS,16/08/2031,AGO,2031,SI,VIGENTE,"AEROPUERTO INTERNACIONAL DE LA CIUDAD DE MEXICO, CIUDAD DE MEXICO",,,,,,
HP 697,HELIPUERTO,HCS,CENTRO CORPORATIVO SANTANDER,CIUDAD DE MÉXICO,ALVARO OBREGON,DIURNO,SERVICIO PARTICULAR,ELEVADO,H-1,"BANCO SANTANDER MEXICO S.A. INSTITUCION DE BANCA MULTIPLE, GRUPO FINANCIERO SANTANDER","2,498.00",WGS-84,19,22,33.60,99,15,21.30,,,,,,11/03/2016,15 AÑOS,11/03/2031,MAR,2031,SI,VIGENTE,"AEROPUERTO INTERNACIONAL DE LA CIUDAD DE MEXICO, CIUDAD DE MEXICO",,,,,,
SP 698,AERÓDROMO,SJO,SAN JOSE,DURANGO,TAMAZULA,DIURNO,SERVICIO PARTICULAR,TERRESTRE,1-A,MALAQUIAS LEON REYES,450.00,WGS-84,24,43,56.7,106,36,16.3,8,26,550.00,20.00,TERRACERÍA,29/09/2009,180 DÍAS,29/03/2010,MAR,2010,NO,INOPERATIVO,"AEROPUERTO INTERNACIONAL DE CULIACAN, SINALOA Y DE DURANGO, DURANGO",,,,,,
SP 699,AERÓDROMO,SIG  ,SAN IGNACIO,SINALOA,SAN IGNACIO,DIURNO,SERVICIO PARTICULAR,TERRESTRE,1-A,"AEROLINEAS CENTAURO, S.A. DE C.V.",158.00,WGS-84,23,56,27.40,106,26,13.63,9,27,700.00,15.00,TERRACERÍA,28/10/2025,180 DÍAS,28/04/2025,ABR,2026,SI,VIGENTE,"AEROPUERTO INTERNACIONAL DE DURANGO, DURANGO",,,,,,
SP 700,AERÓDROMO,LKA,LA COMA,TAMAULIPAS,ALDAMA,DIURNO,SERVICIO PARTICULAR,TERRESTRE,1-A,ERNESTO ENRIQUEZ RUBIO,180.00,,23,2,33.00,98,6,37.00,17,35,890.00,18.00,TERRACERÍA,30/06/2008,180 DÍAS,30/12/2008,ABR,2010,NO,INOPERATIVO,"AEROPUERTO INTERNACIONAL DE TAMPICO, TAMAULIPAS",,,,,,
HP 701,HELIPUERTO,HAU,UNIVERSIDAD DE LAS AMERICAS,PUEBLA,CHOLULA,DIURNO,SERVICIO PARTICULAR,SUPERFICIE,H-1,UNIVERSIDAD DE LAS AMERICAS,"2,123.00",NAD 27,19,3,17.15,98,17,4.43,,,,,,27/04/2007,180 DÍAS,27/10/2007,OCT,2007,NO,INOPERATIVO,"AEROPUERTO INTERNACIONAL ""HERMANOS SERDÁN"" DE HUEJOTZINGO, PUE.",,,,,,
SP 702,AERÓDROMO,RVR,CAMPO RIO VERDE,SAN LUIS POTOSÍ,RIO VERDE,DIURNO,SERVICIO PARTICULAR,TERRESTRE,3-B,GOBIERNO DEL ESTADO DE SAN LUIS POTOSI,986.00,WGS-84,21,55,2.00,99,56,21.00,9,27,"1,370.00",23.00,ASFALTO,21/07/2010,5 AÑOS,21/07/2015,JUL,2015,NO,EN TRAMITE,"AEROPUERTO INTERNACIONAL DE SAN LUIS POTOSI, SAN LUIS POTOSI",,,,,,
SP 703,AERÓDROMO,NVJ  ,NAVOJOA,SONORA,NAVOJOA,DIURNO,SERVICIO PARTICULAR,TERRESTRE,3-C,H. AYUNTAMIENTO DE SONORA,44.00,WGS-84,26,59,25.65,109,24,59.12,3,21,"1,800.00",35.00,ASFALTO,05/04/2024,10 AÑOS,21/03/2033,MAR,2033,SI,VIGENTE,"AEROPUERTO INTERNACIONAL DE CIUDAD OBREGON, SONORA",,,,,,
SP 704,AERÓDROMO,SRY,SAN RAFAEL,SINALOA,CULIACAN,DIURNO,SERVICIO PARTICULAR Y A TERCEROS,TERRESTRE,1-A,SANTIAGO LOPEZ MEZA,26.00,WGS-84,24,40,2.79,107,24,4.70,9,27,770.00,12.00,TERRACERÍA,12/04/2016,15 AÑOS,12/04/2031,ABR,2031,SI,VIGENTE,"AEROPUERTO INTERNACIONAL DE CULIACAN, SINALOA",,,,,,
HP 705,HELIPUERTO,HVN,HELIVAN,QUINTANA ROO,BENITO JUAREZ (CANCUN),DIURNO,SERVICIO PARTICULAR,SUPERFICIE,H-1,"HELICOPTEROS Y VEHICULOS AEREOS NACIONALES, S.A. DE C.V.",2.00,,21,7,56.20,86,44,56.50,,,,,,17/05/2001,180 DÍAS,SIN AUTORIZACIÓN,NOV,2001,NO,INOPERATIVO,"AEROPUERTO INTERNACIONAL DE CANCUN, QUINTANA ROO",,,,,,
SP 706,AERÓDROMO,ERG  ,EL RANCHITO                          ,NUEVO LEÓN,GALEANA,DIURNO,SERVICIO PARTICULAR,TERRESTRE,2-A,"CASTIL, S.A. DE C.V.","1,800.00",WGS-84,25,4,2.80,100,37,45.90,13,31,"1,430.00",20.00,TERRACERÍA,18/12/2007,180 DÍAS,18/06/2008,JUN,2008,NO,INOPERATIVO,"AEROPUERTO INTERNACIONAL ""PLAN DE GUADALUPE"" DE RAMOS ARIZPE, COAH.",,,,,,
SP 707,AERÓDROMO,EVK  ,EL VIKINGO                           ,COAHUILA,ARTEAGA,DIURNO,SERVICIO PARTICULAR,TERRESTRE,1-A,"VIKINGO 90, S.P.R. DE R.I.","2,100.00",,25,15,30.00,100,42,0.00,14,32,600.00,10.00,TERRACERÍA,16/08/2002,60 DÍAS,SIN AUTORIZACIÓN,OCT,2002,NO,INOPERATIVO,"AEROPUERTO INTERNACIONAL ""PLAN DE GUADALUPE"" DE RAMOS ARIZPE, COAH.",,,,,,
SP 708,AERÓDROMO,AZG,GRAL. PABLO L. SIDAR,MICHOACÁN,APATZINGAN,DIURNO,SERVICIO PARTICULAR,TERRESTRE,2-A,GOBIERNO CONSTITUCIONAL DEL ESTADO DE MICHOACAN ,315.00,WGS-84,19,5,38.00,102,23,29.00,7,25,"1,442.30",21.91,ASFALTO,10/03/2016,30 AÑOS,10/03/2046,MAR,2046,SI,VIGENTE,"AEROPUERTO DE URUAPAN, MICHOACAN",,,,,,
SP 709,AERÓDROMO,LIM  ,EL LIMONCITO                         ,SINALOA,SAN IGNACIO,DIURNO,SERVICIO PARTICULAR,TERRESTRE,1-A,"DESARROLLOS MINEROS DEL PACIFICO, S.A.. DE C.V. ",600.00,,24,6,45.00,105,59,0.00,13,31,300.00,15.00,TERRACERÍA,15/08/2000,5 AÑOS,15/08/2005,AGO,2005,NO,INOPERATIVO,"AEROPUERTO INTERNACIONAL DE CULIACAN, SINALOA",,,,,,
SP 710,AERÓDROMO,RMP,MIRADORES,TAMAULIPAS,SOTO LA MARINA,DIURNO,SERVICIO PARTICULAR,TERRESTRE,1-A,"COMPAÑIA GANADERA MIRADORES, S.A. DE C.V.",NO DISPONIBLE,WGS-84,23,54,55.00,98,14,52.00,,,,,,07/02/2005,180 DÍAS,07/08/2005,AGO,2005,NO,INOPERATIVO,"AEROPUERTO INTERNACIONAL DE MATAMOROS, TAMAULIPAS",,,,,,
SP 711,AERÓDROMO,CDI,CAMPO DIEZ,CHIHUAHUA,CUAUHTÉMOC,DIURNO,SERVICIO PARTICULAR,TERRESTRE,1-A,RAMON GUTIERREZ CALDERON,"1,981.00",WGS-84,28,44,20.00,106,55,42.00,8,26,950.00,12.00,TERRACERÍA,01/07/2016,15 AÑOS,01/07/2031,JUL,2031,SI,VIGENTE,"AEROPUERTO INTERNACIONAL DE CHIHUAHUA, CHIHUAHUA",,,,,,
SP 712,AERÓDROMO,TAY  ,TAYOLTITA                            ,DURANGO,SAN DIMAS,DIURNO,SERVICIO PARTICULAR Y A TERCEROS,TERRESTRE,1-A,"PRIMERO TRANSPORTES AÉREOS, S.A. DE C.V.",560.00,WGS-84,24,6,37.26,105,55,18.24,5,23,800.00,30.00,TERRACERÍA,29/04/2015,15 AÑOS,29/04/2030,ABR,2030,SI,VIGENTE,"AEROPUERTO INTERNACIONAL DE DURANGO, DURANGO",,,,,,
SP 713,AERÓDROMO,RFB  ,LOS AJOS                             ,COAHUILA,GUERRERO,DIURNO,SERVICIO PARTICULAR,TERRESTRE,2-B,RODOLFO FRANCISCO BARRERA VILLARREAL   ,366.00,WGS-84,27,44,2.00,100,23,0.00,12,30,"1,400.00",30.00,TERRACERÍA,29/08/2013,15 AÑOS,29/08/2028,AGO,2028,SI,VIGENTE,"AEROPUERTO INTERNACIONAL DE NUEVO LAREDO, TAMAULIPAS",,,,,,
SP 714,AERÓDROMO,TSI,EL TASICURI,SONORA,MAGADALENA DE KINO,DIURNO,SERVICIO PARTICULAR,TERRESTRE,1-A,HAYUNTAMIENTO CONSTITUCIONAL DE MAGDALENA,768.71,WGS-84,30,40,29.00,110,55,55.00,3,21,"1,400.00",20.00,ASFALTO,13/11/2017,15 AÑOS,13/11/2032,NOV,2032,SI,VIGENTE,"AEROPUERTO INTERNACIONAL DE NOGALES, SONORA",,,,,,
SP 715,AERÓDROMO,VLO,EL VALLADO,SINALOA,BADIRAGUATO,DIURNO,SERVICIO PARTICULAR,TERRESTRE,1-A,"AEROTAXIS DE GUAMUCHIL, S.A. DE C.V.",680.00,WGS-84,25,56,52.00,107,22,2.00,13,31,680.00,10.00,TERRACERÍA,05/11/2013,9 AÑOS,05/11/2022,NOV,2022,NO,INOPERATIVO,"AEROPUERTO INTERNACIONAL DE LOS MOCHIS, SINALOA",,,,,,
SP 716,AERÓDROMO,OCO,SAN LUIS DE OCOSINGO,CHIAPAS,OCOSINGO,DIURNO,SERVICIO PARTICULAR,TERRESTRE,1-A,ROSANA LORENA GÓMEZ MORAL,925.00,WGS-84,16,53,30.00,92,3,30.00,9,27,800.00,20.00,TERRACERÍA,10/03/2014,15 AÑOS,10/03/2029,MAR,2029,SI,VIGENTE,"AEROPUERTO DE TUXTLA GUTIERREZ, CHIAPAS",,,,,,
SP 717,AERÓDROMO,GCH  ,GUAMUCHIL                            ,SINALOA,SALVADOR ALVARADO,DIURNO,SERVICIO PARTICULAR,TERRESTRE,1-A,HUMBERTO VALENZUELA LÓPEZ,58.00,WGS-84,25,26,17.03,108,5,32.58,3,21,"1,000.00",20.00,ASFALTO,13/07/2017,15 AÑOS,13/07/2032,JUL,2032,SI,VIGENTE,"AEROPUERTO INTERNACIONAL DE CULIACAN, SINALOA",,,,,,
SP 719,AERÓDROMO,PMC,PISTA MACUILES,VERACRUZ,TRES VALLES,DIURNO,SERVICIO PARTICULAR,TERRESTRE,1-A,HILARIO HERRERA CARLIN,32.00,,18,17,21.97,96,11,10.28,7,25,600.00,12.00,TERRACERÍA,02/02/2004,5 AÑOS,02/02/2009,FEB,2009,NO,INOPERATIVO,"AEROPUERTO INTERNACIONAL DE VERACRUZ, VERACRUZ",,,,,,
SP 720,AERÓDROMO,BRA,LOS BRASILES,SINALOA,SAN IGNACIO,DIURNO,SERVICIO PARTICULAR,TERRESTRE,1-C,ALBERTO MEDINA ARAGON,"1,350.00",NAD 27,24,3,0.00,105,58,0.00,13,31,600.00,25.00,TERRACERÍA,08/10/2003,180 DÍAS,08/04/2004,ABR,2004,NO,INOPERATIVO,"AEROPUERTO INTERNACIONAL DE DURANGO, DURANGO",,,,,,
SP 721,AERÓDROMO,LON,LORENA,VERACRUZ,SAN JUAN EVANGELISTA,DIURNO,SERVICIO PARTICULAR,TERRESTRE,1-A,MARIA ESTELA MAITRET GUICHARD.,109.00,,17,46,18.00,95,2,30.00,16,34,400.00,11.00,TERRACERÍA,24/03/2000,30 DÍAS,SIN AUTORIZACIÓN,ABR,2000,NO,INOPERATIVO,"AEROPUERTO INTERNACIONAL DE VERACRUZ, VERACRUZ",,,,,,
SP 722,AERÓDROMO,NAI,EL SINAI,CAMPECHE,BALANCAN,DIURNO,SERVICIO PARTICULAR,TERRESTRE,1-A,REBECA CANUL DE CRUZ,17.00,,18,11,11.00,91,53,40.00,12,30,300.00,9.00,TERRACERÍA,SIN AUTORIZACIÓN,,SIN AUTORIZACIÓN,ENE,1992,NO,INOPERATIVO,"AEROPUERTO INTERNACIONAL DE CIUDAD DEL CARMEN, CAMPECHE",,,,,,
SP 723,AERÓDROMO,CMF,5 DE MAYO,CHIAPAS,PALENQUE,DIURNO,SERVICIO PARTICULAR,TERRESTRE,1-B,EDUARDO LUIS MAITRET GUICHARD,60.00,,17,37,15.00,91,54,30.00,10,28,750.00,18.00,TERRACERÍA,24/03/2000,60 DÍAS,SIN AUTORIZACIÓN,MAY,2000,NO,INOPERATIVO,"AEROPUERTO DE PALENQUE, CHIAPAS",,,,,,
SP 724,AERÓDROMO,REN  ,LAS ABEJAS                           ,TAMAULIPAS,ALTAMIRA,DIURNO,SERVICIO PARTICULAR,TERRESTRE,1-A,ELIZABETH BUFORD ANDERSON BRIDGES     ,24.00,,22,31,14.40,98,17,38.10,9,27,700.00,15.00,TERRACERÍA,31/01/2001,5 AÑOS,31/01/2006,ENE,2006,NO,INOPERATIVO,"AEROPUERTO INTERNACIONAL DE TAMPICO, TAMAULIPAS",,,,,,
SP 725,AERÓDROMO,LAS,LAS AZOTEAS,SINALOA,SAN IGNACIO,DIURNO,SERVICIO PARTICULAR,TERRESTRE,1-A,EJIDO PUEBLO VIEJO,"1,285.00",WGS-84,24,10,0.00,106,10,0.00,6,24,400.00,10.00,TERRACERÍA,22/06/2009,180 DÍAS,22/12/2009,JUN,2010,NO,INOPERATIVO,"AEROPUERTO INTERNACIONAL DE DURANGO, DURANGO",,,,,,
SP 726,AERÓDROMO,ANS,ANNA,TAMAULIPAS,ALDAMA,DIURNO,SERVICIO PARTICULAR,TERRESTRE,1-A,JESUS MANUEL ORTEGA GONZALEZ.         ,179.00,WGS-84,22,54,41.60,98,18,38.10,14,32,740.00,16.00,TERRACERÍA,09/03/2006,5 AÑOS,09/03/2011,MAR,2011,NO,INOPERATIVO,"AEROPUERTO INTERNACIONAL DE TAMPICO, TAMAULIPAS",,,,,,
SP 727,AERÓDROMO,VRS,LOS VENEROS,CHIHUAHUA,MORELOS,DIURNO,SERVICIO PARTICULAR,TERRESTRE,1-A,EDMUNDO LUGO CHAPARRO,"1,530.00",WGS-84,26,19,34.00,107,54,38.00,12,30,800.00,20.00,TERRACERÍA,10/11/2008,5 AÑOS,10/11/2013,NOV,2013,NO,INOPERATIVO,"AEROPUERTO INTERNACIONAL DE LOS MOCHIS, SINALOA",,,,,,
SP 728,AERÓDROMO,HTM,HUETAMO,MICHOACÁN,HUETAMO,DIURNO,SERVICIO PARTICULAR,TERRESTRE,2-A,GOBIERNO CONSTITUCIONAL DEL ESTADO DE MICHOACAN ,14.00,WGS-84,18,31,32.00,100,51,0.00,17,35,"1,660.00",14.00,ASFALTO,08/07/2013,180 DÍAS,08/01/2014,ENE,2013,NO,INOPERATIVO,"AEROPUERTO INTERNACIONAL DE MORELIA, MICHOACAN",,,,,,
SP 729,AERÓDROMO,RLY,RAMON LOPEZ VELARDE,ZACATECAS,TLALTENANGO,DIURNO,SERVICIO PARTICULAR,TERRESTRE,3-B,JOSE DE JESUS CARRILLO NUÑEZ,"1,650.00",WGS-84,21,45,52.60,103,18,7.30,17,35,"1,350.00",35.00,TERRACERÍA,18/08/2009,5 AÑOS,18/08/2014,AGO,2014,NO,INOPERATIVO,"AEROPUERTO INTERNACIONAL DE ZACATECAS, ZACATECAS",,,,,,
SP 730,AERÓDROMO,LDD,GRAL. JESUS AGUSTIN CASTRO,DURANGO,CIUDAD LERDO,DIURNO,SERVICIO PARTICULAR Y A TERCEROS,TERRESTRE,2-A,"PRESIDENCIA MUNICIPAL DE LERDO, DURANGO","1,138.00",WGS-84,25,31,35.90,103,31,3.18,3,21,"1,822.00",20.00,ASFALTO,11/08/2015,15 AÑOS,11/08/2030,AGO,2030,SI,VIGENTE,"AEROPUERTO INTERNACIONAL DE TORREON, COAHUILA",,,,,,
SP 731,AERÓDROMO,RSH,RANCHO SIERRA HERMOSA,COAHUILA,SAN BUENAVENTURA,DIURNO,SERVICIO PARTICULAR,TERRESTRE,2-A,GINA PORTE VELA,"1,052.00",WGS-84,27,57,21.80,102,3,59.60,13,31,"1,342.00",18.00,TERRACERÍA,17/11/2017,15 AÑOS,17/11/2032,NOV,2032,SI,VIGENTE,"AEROPUERTO INTERNACIONAL DE MONCLOVA, COAHUILA",,,,,,
SP 732,AERÓDROMO,LOY  ,EL LORETO,JALISCO,LA BARCA,DIURNO,SERVICIO PARTICULAR,TERRESTRE,1-A,MARISOL VILLASEÑOR GARCÍA,"1,540.00",WGS-84,20,20,21.80,102,28,25.70,6,24,"1,000.00",10.00,CONCRETO,06/12/2020,15 AÑOS,06/12/2035,DIC,2035,SI ,VIGENTE,"AEROPUERTO INTERNACIONAL DE GUADALAJARA, JALISCO",,,,,,
SP 733,AERÓDROMO,RDB,RANCHO DE BURGOS,CHIHUAHUA,MORELOS,DIURNO,SERVICIO PARTICULAR,TERRESTRE,1-A,LEONARDO BURGOS VALENCIA,"1,650.00",NAD 27,26,34,20.05,107,55,53.92,2,20,453.00,20.00,TERRACERÍA,12/10/2004,180 DÍAS,12/04/2005,ABR,2005,NO,INOPERATIVO,"AEROPUERTO INTERNACIONAL DE LOS MOCHIS, SINALOA",,,,,,
SP 734,AERÓDROMO,TAA  ,AERODROMO MUNICIPAL DE TEPATITLAN,JALISCO,TEPATITLAN DE MORELOS,DIURNO,SERVICIO PARTICULAR,TERRESTRE,2-A,H. AYUNTAMIENTO DE TEPATITLAN DE MORELOS,"1,923.00",NAD 27,20,46,52.00,102,39,46.00,9,27,940.00,15.00,ASFALTO,20/03/2003,180 DÍAS,20/09/2003,SEP,2003,NO,INOPERATIVO,"AEROPUERTO INTERNACIONAL DE GUADALAJARA, JALISCO",,,,,,
HP 735,HELIPUERTO,HPD,PARK PLAZA I,CIUDAD DE MÉXICO,CUAJIMALPA,DIURNO Y NOCTURNO,SERVICIO PARTICULAR,ELEVADO,H-1,"CORPORATIVO PLAZA DEL PARQUE, S.A. DE C.V.","2,638",WGS-84,19,21,52.80,99,15,34.10,,,,,,12/06/2014,15 AÑOS,12/06/2029,JUN,2029,SI,VIGENTE,"AEROPUERTO INTERNACIONAL DE LA CIUDAD DE MEXICO, CIUDAD DE MEXICO",,,,,,
SP 736,AERÓDROMO,PJY,LA PEQUEÑA JOYA,SINALOA,CULIACAN,DIURNO,SERVICIO PARTICULAR,TERRESTRE,2-A,"AGROBIONOVA, S.A. DE C.V.",40.00,WGS-84,24,40,43.00,107,28,38.00,16,34,"1,000.00",12.00,TERRACERÍA,19/11/2001,90 DÍAS,SIN AUTORIZACIÓN,FEB,2002,NO,INOPERATIVO,"AEROPUERTO INTERNACIONAL DE CULIACAN, SINALOA",,,,,,
HP 737,HELIPUERTO,HQK,PESCA AZTECA,SINALOA,MAZATLÁN,DIURNO,SERVICIO PARTICULAR,SUPERFICIE,H-1,"PESCA AZTECA, S.A. DE C.V.",10.00,WGS-84,23,12,51.00,106,23,39.00,,,,,,24/01/2018,15 AÑOS,24/01/2033,ENE,2033,SI,VIGENTE,"AEROPUERTO INTERNACIONAL DE MAZATLAN, SINALOA",,,,,,
SP 738,AERÓDROMO,RMW,RANCHO MARTER,CHIHUAHUA,CIUDAD JIMENEZ,DIURNO,SERVICIO PARTICULAR,TERRESTRE,1-A,"SOCIEDAD DE PRODUCCION RURAL "" MARTER "" SPR DE R.L.",NO DISPONIBLE,,28,11,32.00,108,23,3.00,,,,,TERRACERÍA,SIN AUTORIZACIÓN,,SIN AUTORIZACIÓN,SEP,2008,NO,INOPERATIVO,"AEROPUERTO INTERNACIONAL DE CIUDAD JUAREZ, CHIHUAHUA",,,,,,
SP 739,AERÓDROMO,PCJ  ,PISTA CALAMAJUE                     ,BAJA CALIFORNIA,MEXICALI,DIURNO,SERVICIO PARTICULAR,TERRESTRE,1-A,EJIDO HERMENEGILDO GALEANA               ,3.00,,29,41,23.00,114,9,39.00,2,20,"1,000.00",16.00,TERRACERÍA,07/02/1997,60 días,SIN AUTORIZACIÓN,ABR,1997,NO,INOPERATIVO,"AEROPUERTO INTERNACIONAL DE SAN FELIPE, BAJA CALIFORNIA",,,,,,
SP 740,AERÓDROMO,SLR,SAN LUIS RIO COLORADO,SONORA,SAN LUIS RIO COLORADO,DIURNO,SERVICIO PARTICULAR,TERRESTRE,2-A,H. AYUNTAMIENTO CONSTITUCIONAL DE SAN LUIS RIO COLORADO,41.00,WGS-84,32,26,44.10,114,47,52.40,13,31,"1,500.00",30.00,ASFALTO,18/10/2002,90 DÍAS,18/01/2003,ENE,2003,NO,INOPERATIVO,"AEROPUERTO INTERNACIONAL DE MEXICALI, BAJA CALIFORNIA",,,,,,
SP 741,AERÓDROMO,SCS,SANTIAGO DE LOS CABALLEROS,SINALOA,BADIRAGUATO,DIURNO,SERVICIO PARTICULAR,TERRESTRE,1-A,JOSE ALFONSO GOYCOECHEA LERMA,980.00,WGS-84,25,33,27.20,107,22,6.80,8,26,600.00,15.00,TERRACERÍA,15/10/2002,90 DÍAS,15/01/2003,ENE,2003,NO,INOPERATIVO,"AEROPUERTO INTERNACIONAL DE CULIACAN, SINALOA",,,,,,
SP 743,AERÓDROMO,FBB,FRANCISCO BRUNO BARRERA,NUEVO LEÓN,CERRALVO,DIURNO,SERVICIO PARTICULAR,TERRESTRE,2-A,"H. AYUNTAMIENTO CONSTITUCIONAL DE CIUDAD CERRALVO, NUEVO LEON",250.00,,26,5,5.00,99,35,50.00,4,22,800.00,36.00,TERRACERÍA,05/09/2008,5 AÑOS,05/09/2013,SEP,2013,NO,INOPERATIVO,"AEROPUERTO INTERNACIONAL DE MONTERREY, NUEVO LEON",,,,,,
SP 744,AERÓDROMO,RAL,PISTA ROSALES,SINALOA,EL FUERTE,DIURNO,SERVICIO PARTICULAR,TERRESTRE,1-A,JESUS ENRIQUE IBARRA PATIÑO,18.00,WGS-84,25,53,53.70,108,56,58.30,2,20,730.00,12.00,TERRACERÍA,19/06/2008,5 AÑOS,19/06/2013,JUN,2013,NO,INOPERATIVO,"AEROPUERTO INTERNACIONAL DE LOS MOCHIS, SINALOA",,,,,,
SP 745,AERÓDROMO,CON,CONCHEROS,SINALOA,GUASAVE,DIURNO,SERVICIO PARTICULAR,TERRESTRE,1-A,ROBERTO CERVANTES OLIVARRIA,11.00,WGS-84,25,46,37.02,108,51,2.20,10,28,600.00,8.00,TERRACERÍA,11/08/2015,15 AÑOS,11/08/2030,AGO,2030,SI,VIGENTE," AEROPUERTO INTERNACIONAL DE LOS MOCHIS, SINALOA",,,,,,
SP 746,AERÓDROMO,LPD  ,LA PIEDAD,MICHOACÁN,LA PIEDAD,DIURNO,SERVICIO PARTICULAR,TERRESTRE,2-A,"H. AYUNTAMIENTO DE LA PIEDAD, MICHOACAN","1,690.00",WGS-84,20,18,46.00,101,59,46.00,9,27,"1,500.00",18.00,ASFALTO,20/06/2018,180 DÍAS,20/12/2018,DIC,2018,NO,INOPERATIVO,"AEROPUERTO DE ZAMORA, MICHOACAN",,,,,,
SP 747,AERÓDROMO,AMS,LAS AMERICAS,SINALOA,GUASAVE,DIURNO,SERVICIO PARTICULAR,TERRESTRE,1-A,JOSE MARIO CASTRO MENCHACA,30.00,WGS-84,25,35,36.78,108,18,38.48,18,36,959.65,10.00,TERRACERÍA,19/05/2015,15 AÑOS,19/05/2030,MAY,2030,SI,VIGENTE,"AEROPUERTO INTERNACIONAL DE LOS MOCHIS, SINALOA",,,,,,
HP 748,HELIPUERTO,HFU,FUNDICION RESIDENCIAL,CIUDAD DE MÉXICO,MIGUEL HIDALGO,DIURNO Y NOCTURNO,SERVICIO PARTICULAR,ELEVADO,H-1,"FUNDACIÓN RESIDENCIAL, S.A. DE C.V.","2,271.00",WGS-84,19,25,38.85,99,11,21.43,,,,,,02/05/2014,15 AÑOS,02/05/2029,MAY,2029,SI,VIGENTE,"AEROPUERTO INTERNACIONAL DE LA CIUDAD DE MEXICO, CIUDAD DE MEXICO",,,,,,
HP 749,HELIPUERTO,HPX,PLAZA SCOTIABANK,CIUDAD DE MÉXICO,MIGUEL HIDALGO,DIURNO,SERVICIO PARTICULAR,ELEVADO,H-1,"INMOBILIARIA SCOTIA INVERLAT, S.A. DE C.V.","2,375.00",WGS-84,19,25,42.90,99,12,12.19,,,,,,13/10/2004,180 DÍAS,13/04/2005,ABR,2005,NO,INOPERATIVO,"AEROPUERTO INTERNACIONAL DE LA CIUDAD DE MEXICO, CIUDAD DE MEXICO",,,,,,
HP 750,HELIPUERTO,HGT,TLAXCALA,TLAXCALA,TLAXCALA,DIURNO,SERVICIO PARTICULAR,SUPERFICIE,H-2,GOBIERNO DEL ESTADO DE TLAXCALA,"2,315.00",WGS-84,19,18,9.00,98,14,54.00,,,,,,16/05/2007,180 DÍAS,16/11/2007,NOV,2007,NO,INOPERATIVO,"AEROPUERTO INTERNACIONAL ""HERMANOS SERDÁN"" DE HUEJOTZINGO, PUE.",,,,,,
SP 751,AERÓDROMO,BLM,ATERRIZAJE DE MUÑOZ,BAJA CALIFORNIA,ENSENADA,DIURNO,SERVICIO PARTICULAR,TERRESTRE,2-A,FRANCISCO MUÑOZ CEBALLOS,10.00,,28,53,26.00,113,31,42.00,18,36,"1,400.00",20.00,TERRACERÍA,07/05/2002,90 DÍAS,SIN AUTORIZACIÓN,AGO,2002,NO,INOPERATIVO,"AEROPUERTO INTERNACIONAL DE TIJUANA, BAJA CALIFORNIA",,,,,,
SP 752,AERÓDROMO,PEY,PISTA EL ROCIO,TAMAULIPAS,GONZALEZ,DIURNO,SERVICIO PARTICULAR,TERRESTRE,1-A,"DESARROLLO AGROPECUARIO ELHER, S.A. DE C.V.",8.00,NAD 27,22,30,22.11,98,31,28.50,2,20,750.00,12.00,TERRACERÍA,13/03/2003,180 DÍAS,13/09/2003,SEP,2003,NO,INOPERATIVO,"AEROPUERTO INTERNACIONAL DE TAMPICO, TAMAULIPAS",,,,,,
SP 753,AERÓDROMO,AAD,LA MEZCALERA,SINALOA,ANGOSTURA,DIURNO,SERVICIO PARTICULAR,TERRESTRE,2-B,JORGE LUIS URIARTE BORBOA,16.00,WGS-84,25,6,30.00,107,57,24.00,4,22,"1,000.00",15.00,TERRACERÍA,19/02/2009,5 AÑOS,19/02/2014,FEB,2014,NO,INOPERATIVO,"AEROPUERTO INTERNACIONAL DE CULIACAN, SINALOA",,,,,,
SP 754,AERÓDROMO,RPT  ,RANCHO LA PALOMA                     ,TAMAULIPAS,PADILLA,DIURNO,SERVICIO PARTICULAR,TERRESTRE,3-B,"RANCHO PALOMA COMPANY, S.A. DE C.V.",145.00,,24,1,18.50,98,42,44.15,18,36,"1,642.00",19.00,ASFALTO,31/05/2001,5 AÑOS,31/05/2006,MAY,2010,NO,INOPERATIVO,"AEROPUERTO DE CIUDAD VICTORIA, TAMAULIPAS",,,,,,
SP 755,AERÓDROMO,AEZ,PISTA AERODIAZ,SINALOA,GUASAVE,DIURNO,SERVICIO PARTICULAR,TERRESTRE,1-A,FELIPE DE JESUS DIAZ PEDREGON,9.00,,25,45,30.00,108,48,15.00,9,27,,,TERRACERÍA,08/12/2000,30 DÍAS,SIN AUTORIZACIÓN,ENE,2001,NO,INOPERATIVO,"AEROPUERTO INTERNACIONAL DE LOS MOCHIS, SINALOA",,,,,,
HP 756,HELIPUERTO,HTR,PINFRA (ANTES TRIBASA),CIUDAD DE MÉXICO,CUAJIMALPA,DIURNO,SERVICIO PARTICULAR,ELEVADO,H-1,"GRUPO CORPORATIVO INTERESTATAL, S.A. DE C.V.","2,494.00",WGS-84,19,23,22.08,99,15,6.78,,,,,,01/08/2018,15 AÑOS,15/08/2033,AGO,2033,SI,VIGENTE,"AEROPUERTO INTERNACIONAL DE LA CIUDAD DE MEXICO, CIUDAD DE MEXICO",,,,,,
SP 757,AERÓDROMO,PMN,PISTA MORGAN,SINALOA,GUASAVE,DIURNO,SERVICIO PARTICULAR,TERRESTRE,1-A,ANDRES MORGAN BARRAZA,20.00,WGS-84,25,43,5.20,108,43,36.90,2,20,600.00,10.00,TERRACERÍA,05/04/2017,180 DÍAS,14/07/2029,JUL,2029,SI,VIGENTE,"AEROPUERTO INTERNACIONAL DE LOS MOCHIS, SINALOA",,,,,,
SP 758,AERÓDROMO,EPA,PLATANAR,DURANGO,TAMAZULA,DIURNO,SERVICIO PARTICULAR,TERRESTRE,1-A,ENCARNASION LEON SANCHEZ,825.00,WGS-84,25,12,13.00,106,46,26.00,5,23,340.00,10.00,TERRACERÍA,20/12/2004,180 DÍAS,20/06/2005,JUN,2005,NO,INOPERATIVO,"AEROPUERTO INTERNACIONAL DE DURANGO, DURANGO",,,,,,
SP 759,AERÓDROMO,PDB  ,POTRERO DE BEJARANOS                ,SINALOA,BADIRAGUATO,DIURNO,SERVICIO PARTICULAR,TERRESTRE,1-A,"AVIONES UNIDOS, S.A. DE C.V.","2,160.00",,26,3,30.00,107,19,45.00,17,35,400.00,10.00,TERRACERÍA,25/04/2006,5 AÑOS,25/04/2011,ABR,2011,NO,INOPERATIVO,"AEROPUERTO INTERNACIONAL DE LOS MOCHIS, SINALOA",,,,,,
SP 760,AERÓDROMO,GER  ,PISTA GERONIMO,SINALOA,BADIRAGUATO,DIURNO,SERVICIO PARTICULAR,TERRESTRE,1-A,"AEROTAXIS DE GUAMUCHIL, S.A. DE C.V.","2,460.00",,25,59,30.00,107,19,55.00,18,36,350.00,40.00,TERRACERÍA,SIN AUTORIZACIÓN,,SIN AUTORIZACIÓN,ENE,1994,NO,INOPERATIVO,"AEROPUERTO INTERNACIONAL DE CULIACAN, SINALOA",,,,,,
SP 761,AERÓDROMO,CNE,CIENEGA DE NUESTRA SEÑORA,DURANGO,SANTIAGO PAPASQUIARO,DIURNO,SERVICIO PARTICULAR,TERRESTRE,2-A,"MINERA MEXICANA LA CIENEGA, S.A. DE C.V.","2,438.00",WGS-84,25,3,55.33,106,19,39.06,13,31,"1,200.00",15.00,TERRACERÍA,10/09/2020,15 AÑOS,10/09/2035,SEP,2035,SI ,VIGENTE,"AEROPUERTO INTERNACIONAL DE DURANGO, DURANGO",,,,,,
SP 762,AERÓDROMO,VMC,VILLAS MAR DE CORTEZ,BAJA CALIFORNIA,ENSENADA,DIURNO,SERVICIO PARTICULAR,TERRESTRE,2-A,YOLANDA MURILLO SOLORIO,1.00,WGS-84,29,47,29.50,114,24,50.40,8,26,"1,614.00",15.00,TERRACERÍA,15/04/2014,15 AÑOS,15/04/2029,ABR,2029,SI,VIGENTE,"AEROPUERTO INTERNACIONAL DE SAN FELIPE, BAJA CALIFORNIA",,,,,,
SP 763,AERÓDROMO,ROD,EL RODEO,SINALOA,MOCORITO,DIURNO,SERVICIO PARTICULAR,TERRESTRE,1-A,FRANCISCO JAVIER SERNA ANGULO,26.00,WGS-84,25,0,18.80,107,43.00,28.00,8,26,500.00,10.00,TERRACERÍA,03/07/2019,15 AÑOS,03/07/2034,JUL,2034,SI,VIGENTE,"AEROPUERTO INTERNACIONAL DE CULIACAN, SINALOA",,,,,,
SP 764,AERÓDROMO,NCG,NUEVO CASAS GRANDES,CHIHUAHUA,NUEVO CASAS GRANDES,DIURNO,SERVICIO PARTICULAR,TERRESTRE,2-B,"MUNICIPIO DE NUEVO CASAS GRANDES, CHIHUAHUA","1,456.00",WGS-84,30,23,50.94,107,52,30.34,14,32,"1,800.00",19.00,ASFALTO,25/03/2015,15 AÑOS,25/03/2030,MAR,2030,SI,VIGENTE,"AEROPUERTO INTERNACIONAL DE CHIHUAHUA, CHIHUAHUA",,,,,,
SP 766,AERÓDROMO,PLJ,PALMAREJITO,DURANGO,TOPIA,DIURNO,SERVICIO PARTICULAR,TERRESTRE,1-A,ASENCION PEÑA LOPEZ,900.00,,25,11,30.00,106,47,22.00,5,23,420.00,8.00,TERRACERÍA,21/03/2007,180 DÍAS,21/09/2007,SEP,2007,NO,INOPERATIVO,"AEROPUERTO INTERNACIONAL DE DURANGO, DURANGO",,,,,,
SP 767,AERÓDROMO,ADJ,LAS ADJUNTAS,DURANGO,TAMAZULA,DIURNO,SERVICIO PARTICULAR,TERRESTRE,1-A,RAMON LOPEZ NUÑEZ,825.00,,25,9,3.00,106,48,2.00,6,24,370.00,10.00,TERRACERÍA,10/02/2006,180 DÍAS,10/08/2006,AGO,2006,NO,INOPERATIVO,"AEROPUERTO INTERNACIONAL DE DURANGO, DURANGO",,,,,,
SP 768,AERÓDROMO,CDS,CEDROS,SINALOA,EL FUERTE,DIURNO,SERVICIO PARTICULAR,TERRESTRE,1-A,OSCAR JAVIER RODRIGUEZ LOAIZA,24.00,WGS-84,25,53,11.74,108,53,19.27,11,29,600.00,8.00,MIXTA CONCRETO HIDRAHULICO-TERRACERIA,14/04/2016,15 AÑOS,16/04/2031,ABR,2031,SI,VIGENTE,"AEROPUERTO INTERNACIONAL DE LOS MOCHIS, SINALOA",,,,,,
SP 769,AERÓDROMO,LNP,LOS PINTOS,COAHUILA,ZARAGOZA,DIURNO,SERVICIO PARTICULAR,TERRESTRE,1-A,MARIE THERESA ANCIRA TRABOLD / JORGE ALBERTO ANCIRA TRABOLD,719.00,WGS-84,28,33,39.50,101,40,47.70,14,32,980.00,18.00,PASTO,19/12/2018,15 AÑOS,19/12/2033,DIC,2033,SI,VIGENTE,"AEROPUERTO INTERNACIONAL DE MONCLOVA, COAHUILA",,,,,,
HP 770,PLATAFORMA-HELIPUERTO,HPR,SAFE REGENCY,CAMPECHE,ZONDA DE CAMPECHE,DIURNO,SERVICIO PARTICULAR,ELEVADO,H-2,PETROLEOS MEXICANOS PEMEX,0.00,WGS-84,19,24,0.33,92,2,21.43,,,,,,03/12/2004,180 DÍAS,03/06/2005,JUN,2005,NO,INOPERATIVO,"AEROPUERTO INTERNACIONAL DE CIUDAD DEL CARMEN, CAMPECHE",,,,,,
SP 771,AERÓDROMO,CMT,EL CAMARON,TAMAULIPAS,ALDAMA,DIURNO,SERVICIO PARTICULAR,TERRESTRE,1-B,JOSE LUIS RENIU CASTELLO,76.00,WGS-84,23,3,49.90,97,52,16.10,NO APLICA,NO APLICA,600.00,30.00,TERRACERÍA,22/12/2004,180 DÍAS,22/06/2005,JUN,2005,NO,INOPERATIVO,"AEROPUERTO INTERNACIONAL DE TAMPICO, TAMAULIPAS",,,,,,
SP 772,AERÓDROMO,RMQ,RANCHO MARIA 4,CHIHUAHUA,NUEVO CASAS GRANDES,DIURNO,SERVICIO PARTICULAR,TERRESTRE,2-A,"PUERTA MADERA, S.P.R. DE R.L. DE C.V.","1,550.00",WGS-84,30,25,30.00,107,46,9.00,NO APLICA,NO APLICA,"1,175.00",14.00,ASFALTO,01/06/2009,5 AÑOS,01/06/2014,JUN,2014,NO,INOPERATIVO,"AEROPUERTO INTERNACIONAL DE CIUDAD JUAREZ, CHIHUAHUA",,,,,,
SP 773,AERÓDROMO,EZS,EL CARRIZO,SINALOA,SAN IGNACIO,DIURNO,SERVICIO PARTICULAR,TERRESTRE,1-A,EJIDO PUEBLO VIEJO,"1,220.00",NAD 27,24,7,6.00,106,7,8.00,NO APLICA,NO APLICA,500.00,20.00,TERRACERÍA,10/07/2009,180 DÍAS,10/01/2010,ENE,2010,NO,INOPERATIVO,"AEROPUERTO INTERNACIONAL DE CULIACAN, SINALOA",,,,,,
SP 774,AERÓDROMO,LMK,LA MISION,TAMAULIPAS,CIUDAD VICTORIA,DIURNO,SERVICIO PARTICULAR,TERRESTRE,3-A,ABELARDO OSUNA MORALES,287.00,WGS-84,23,49,45.5,99,10,43.4,NO APLICA,NO APLICA,"1,300.00",20.00,ASFALTO,08/06/2001,90 DÍAS,SIN AUTORIZACIÓN,SEP,2001,NO,INOPERATIVO,"AEROPUERTO DE CIUDAD VICTORIA, TAMAULIPAS",,,,,,
SP 775,AERÓDROMO,CCB,CAP. JAIME EMILIO REAL COSSIO,BAJA CALIFORNIA SUR,COMONDÚ,DIURNO,SERVICIO PARTICULAR ,TERRESTRE,3-B,H. AYUNTAMIENTO COMONDU,65.00,WGS-84,25,3,14.00,111,36,54.00,13,31,"1,500.00",25.00,ASFALTO,05/11/2015,15 AÑOS,05/11/2030,NOV,2030,SI,VIGENTE,"AEROPUERTO INTERNACIONAL DE LORETO, BAJA CALIFORNIA SUR",,,,,,
SP 776,AERÓDROMO,VZM,VIZCAINO,BAJA CALIFORNIA SUR,MULEGE,DIURNO,SERVICIO PARTICULAR Y A TERCEROS,TERRESTRE,2-A,"RANCHO LA MISION, S.A. DE C.V.",74.00,WGS-84,27,27,50.00,113,17,20.00,11,29,"1,130.00",15.00,TERRACERÍA,17/04/2019,14 AÑOS ,12/10/2019,OCT,2033,SI ,VIGENTE,"AEROPUERTO INTERNACIONAL DE LORETO, BAJA CALIFORNIA SUR",,,,,,
HP 778,AERÓDROMO HELIPUERTO,HFG,FRANCISCO GARZA,NUEVO LEÓN,SAN PEDRO GARZA GARCIA,DIURNO,SERVICIO PARTICULAR,TERRESTRE,1-A                        H-2,FRANCISCO GARZA NIETO,757.00,WGS-84,25,39,0.20,100,24,50.70,12,30,400.00,18.00,TERRACERÍA,12/10/2015,15 AÑOS,12/10/2030,OCT,2030,SI,VIGENTE,"AEROPUERTO INTERNACIONAL DEL NORTE, NUEVO LEON",,,,,,
SP 779,AERÓDROMO,LMQ,LAS PALMAS DE GUASAVE,SINALOA,GUASAVE,DIURNO,SERVICIO PARTICULAR,TERRESTRE,2-B,CARLOS HUMBERTO GALAVIZ RIVERA,15.00,,25,45,30.00,108,48,15.00,NO APLICA,NO APLICA,900.00,20.00,TERRACERÍA,03/11/2005,5 AÑOS,03/11/2010,NOV,2010,NO,INOPERATIVO,"AEROPUERTO INTERNACIONAL DE LOS MOCHIS, SINALOA",,,,,,
SP 780,AERÓDROMO,FLH,ALHUEY,SINALOA,ANGOSTURA,DIURNO,SERVICIO PARTICULAR,TERRESTRE,2-A,FERNANDO LOPEZ HERMOSILLO,7.00,WGS-84,25,22,30.10,108,11,19.00,NO APLICA,NO APLICA,890.00,20.00,TERRACERÍA,09/06/2006,5 AÑOS,09/06/2011,JUN,2011,NO,INOPERATIVO,"AEROPUERTO INTERNACIONAL DE CULIACAN, SINALOA",,,,,,
SP 781,AERÓDROMO,CRO  ,EL CAIMANERO,SINALOA,GUASAVE,DIURNO,SERVICIO PARTICULAR,TERRESTRE,1-A,CRISPÍN ZAMORANO ENCINAS,19.00,WGS-84,25,37,19.00,108,26,43.00,3,21,690.00,15.00,TERRACERÍA,05/03/2015,15 AÑOS,05/03/2030,MAR,2030,SI,VIGENTE,"AEROPUERTO INTERNACIONAL DE LOS MOCHIS, SINALOA",,,,,,
HP 782,HELIPUERTO,HCV,CLUB DE GOLF CUERNAVACA,MORELOS,CUERNAVACA,DIURNO,SERVICIO PARTICULAR,SUPERFICIE,H-1,CLUB DE GOLF CUERNAVACA S.A. DE C.V.,"1,494.00",WGS-84,18,54,36.70,99,14,16.40,,,,,,11/01/2019,15 AÑOS,11/01/2034,ENE,2034,SI,VIGENTE,"AEROPUERTO INTERNACIONAL DE CUERNAVACA, MORELOS",,,,,,
HP 783,HELIPUERTO,HJG,HOSPITAL SAN JAVIER,JALISCO,GUADALAJARA,DIURNO,SERVICIO PARTICULAR,ELEVADO,H-1,"HOSPITAL SAN JAVIER, S.A. DE C.V.","1,625.00",NAD 27,20,41,16.50,103,23,23.53,,,,,,30/01/2007,5 AÑOS,30/01/2012,ENE,2012,NO,INOPERATIVO,"AEROPUERTO INTERNACIONAL DE GUADALAJARA, JALISCO",,,,,,
SP 784,AERÓDROMO,TZA  ,TAMAZULA                             ,DURANGO,TAMAZULA,DIURNO,SERVICIO PARTICULAR Y A TERCEROS,TERRESTRE,1-A,H.  AYUNTAMIENTO TAMAZULA,208.00,,24,58,1.00,106,57,22.73,NO APLICA,NO APLICA,800.00,17.00,TERRACERÍA,30/06/2025,180 DÍAS,30/12/2025,DIC,2025,NO,EN TRAMITE,"AEROPUERTO INTERNACIONAL DE CULIACAN, SINALOA Y DE DURANGO, DURANGO",,,,,,
SP 785,AERÓDROMO,ASI,SANTA INES,SONORA,HERMOSILLO,DIURNO,SERVICIO PARTICULAR,TERRESTRE,2-A,SOCIEDAD DE PRODUCCION RURAL DE R.I. SANTA INES,137.00,WGS-84,29,5,59.50,111,29,46.90,18,36,"1,000.00",20.00,TERRACERÍA,17/10/2018,15 AÑOS ,17/10/2033,OCT,2033,SI,VIGENTE ,"AEROPUERTO INTERNACIONAL DE HERMOSILLO, SONORA",,,,,,
SP 786,AERÓDROMO,LGY  ,LA GUACAMAYA                         ,SONORA,CARBO,DIURNO,SERVICIO PARTICULAR,TERRESTRE,2-A,SOCIEDAD DE PRODUCCION RURAL DE R.L. LA GUACAMAYA CARBO,460.00,WGS-84,29,43,29.00,110,54,27.40,18,36,950.00,20.00,TERRACERÍA,02/07/2019,15 AÑOS ,02/07/2034,JUL,2034,SI,VIGENTE ,"AEROPUERTO INTERNACIONAL DE HERMOSILLO, SONORA",,,,,,
SP 787,AERÓDROMO,LGB,LAS GLORIAS,SONORA,HERMOSILLO,DIURNO,SERVICIO PARTICULAR,TERRESTRE,1-B,ALEJANDRO AGUSTIN ASTIAZARAN AGUILAR,470.00,,29,39,0.00,111,30,0.00,NO APLICA,NO APLICA,700.00,30.00,TERRACERÍA, ,,SIN AUTORIZACIÓN,ENE,1994,NO,INOPERATIVO,"AEROPUERTO INTERNACIONAL DE HERMOSILLO, SONORA",,,,,,
SP 788,AERÓDROMO,ELC,EL COCHE,NUEVO LEÓN,ANAHUAC,DIURNO,SERVICIO PARTICULAR,TERRESTRE,1-A,LIC. RICARDO MARTIN BRIGAS Y COPROPIETARIOS DEL RANCHO EL COCHE,250.00,WGS-84,27,31,36.10,100,14,36.50,18,36,"2,000.00",20.00,TERRACERÍA,30/03/2016,15 AÑOS,30/03/2031,MAR,2031,SI,VIGENTE,"AEROPUERTO INTERNACIONAL DEL NORTE, NUEVO LEON",,,,,,
SP 789,AERÓDROMO,CLL,CINCO LLAGAS,CHIHUAHUA,GUADALUPE Y CALVO,DIURNO,SERVICIO PARTICULAR,TERRESTRE,1-A,"H. AYUNTAMIENTO CONSTITUCIONAL DE GUADALUPE Y CALVO, CHIHUAHUA","1,098.00",WGS-84,26,12,38.10,107,19,29.30,3,21,500.00,6.00,TERRACERÍA,11/12/2017,15 AÑOS,11/12/2032,DIC,2032,SI,VIGENTE,"AEROPUERTO INTERNACIONAL DE CHIHUAHUA, CHIHUAHUA",,,,,,
SP 790,AERÓDROMO,MDG  ,MONTAÑAS DEL GUALUL,TAMAULIPAS,VILLA GONZALEZ,DIURNO,SERVICIO PARTICULAR,TERRESTRE,1-A,BERNARDINO MORALES NIÑO,43.00,WGS-84,22,33,25.00,98,20,27.50,NO APLICA,NO APLICA,480.00,10.00,TERRACERÍA,09/09/2013,15 AÑOS,09/09/2028,SEP,2028,SI,VIGENTE,"AEROPUERTO INTERNACIONAL DE TAMPICO, TAMAULIPAS",,,,,,
SP 791,AERÓDROMO,CHC  ,CHICONCUAC,MORELOS,XOCHITEPEC,DIURNO,SERVICIO PARTICULAR,TERRESTRE,1-A,"AEROCLUB DE MORELOS, A.C.","1,158.00",WGS-84,18,46,34.00,99,12,50.00,10,28,846.00,15.00,ASFALTO,05/05/2016,15 AÑOS,05/05/2031,MAY,2031,SI,VIGENTE,"AEROPUERTO INTERNACIONAL DE CUERNAVACA, MORELOS",,,,,,
SP 792,AERÓDROMO,PDU,PLATANAR DE COLUTA,DURANGO,TAMAZULA,DIURNO,SERVICIO PARTICULAR Y A TERCEROS,TERRESTRE,1-A,IRINEO ANGULO AISPURO,828.00,WGS-84,25,7,6.68,106,44,14.40,3,21,400.00,16.00,TERRACERÍA,05/07/2024,15 AÑOS,05/07/2039,JUL,2039,SI,VIGENTE,"AEROPUERTO INTERNACIONAL DE DURANGO, DURANGO",,,,,,
SP 793,AERÓDROMO,LMP  ,LAMPAZOS,NUEVO LEÓN,LAMPAZOS,DIURNO,SERVICIO PARTICULAR,TERRESTRE,2-B,DAVID ZAMBRANO VILLARREAL,340.00,WGS-84,27,0,49.65,100,30,39.15,NO APLICA,NO APLICA,"1,000.00",18.00,ASFALTO,02/02/2004,5 AÑOS,02/02/2009,FEB,2009,NO,INOPERATIVO,"AEROPUERTO INTERNACIONAL DEL NORTE, NUEVO LEON",,,,,,
HP 794,HELIPUERTO,HIA,LA PRIMAVERA,JALISCO,ZAPOPAN,DIURNO,SERVICIO PARTICULAR,SUPERFICIE,H-1,COMISION FEDERAL DE ELECTRICIDAD CFE,"1,680.00",WGS-84,21,41,13.00,103,27,27.00,,,,,,8/22/13,30 AÑOS,22/08/2043,AGO,2043,SI,VIGENTE,"AEROPUERTO INTERNACIONAL DE GUADALAJARA, JALISCO",,,,,,
SP 795,AERÓDROMO,ROO  ,EL ROCIO (renuncia del titular),SONORA,CABORCA,DIURNO,SERVICIO PARTICULAR,TERRESTRE,2-B,"AGROINDUSTRIAL SONORA, S.A. DE C.V.              ",255.00,WGS-84,30,51,3.00,112,25,2.00,9,27,"2,000.00",20.00,TERRACERÍA,4/10/14,15 AÑOS,10/04/2029,ABR,2029,NO,INOPERATIVO (RENUNCIA DEL TITULAR),"AEROPUERTO INTERNACIONAL DE NOGALES, SONORA",,,,,,
SP 796,AERÓDROMO,PNA  ,EL PEDERNAL,SONORA,CABORCA,DIURNO,SERVICIO PARTICULAR,TERRESTRE,2-B,"AGROINDUSTRIAL SONORA, S.A. DE C.V.  / AV FARMS, S.A. DE C.V. (CESION DE DERECHOS)    ",82.00,WGS-84,30,50,33.33,112,44,13.72,9,27,"1,100.00",18.00,TERRACERÍA,4/10/14,15 AÑOS,10/04/2029,ABR,2029,NO,INOPERATIVO (RENUNCIA DEL TITULAR),"AEROPUERTO INTERNACIONAL DE NOGALES, SONORA",,,,,,
SP 797,AERÓDROMO,LUK,EL COHETE,TAMAULIPAS,ALDAMA,DIURNO,SERVICIO PARTICULAR,TERRESTRE,2-B,"AGROPECUARIA LA MURALLA, S.A. DE C.V.",80.00,,22,47,48.00,98,8,25.00,NO APLICA,NO APLICA,"1,365.00",30.00,TERRACERÍA,31/05/2001,5 AÑOS,31/05/2006,MAY,2006,NO,INOPERATIVO,"AEROPUERTO INTERNACIONAL DE TAMPICO, TAMAULIPAS",,,,,,
SP 798,AERÓDROMO,LMB,RANCHO LA MISION,TAMAULIPAS,GONZALEZ,DIURNO,SERVICIO PARTICULAR,TERRESTRE,1-A,MAURICIO OSEGUERA KERNION,253.00,,22,58,9.40,98,23,50.86,NO APLICA,NO APLICA,900.00,10.00,TERRACERÍA,15/08/2025,180 DÍAS,15/02/2026,FEB,2026,NO,EN TRAMITE,"AEROPUERTO INTERNACIONAL DE TAMPICO, TAMAULIPAS",,,,,,
SP 799,AERÓDROMO,SJP,SAN JUAN PEYOTAN,NAYARIT,EL NAYAR,DIURNO,SERVICIO PARTICULAR,TERRESTRE,2-C,"H. AYUNTAMIENTO CONSTITUCIONAL  EL NAYAR, NAYARIT",660.00,NAD 27,22,22,7.17,104,24,26.67,NO APLICA,NO APLICA,900.00,50.00,TERRACERÍA,27/11/2002,90 DÍAS,27/02/2003,FEB,2003,NO,INOPERATIVO,"AEROPUERTO DE TEPIC, NAYARIT",,,,,,
SP 800,AERÓDROMO,RDT,RANCHO DON RICARDO,TAMAULIPAS,CIUDAD MANTE,DIURNO,SERVICIO PARTICULAR,TERRESTRE,1-A,JOSE RAUL TELLEZ CHAVEZ,59.00,WGS-84,22,42,4.00,98,53,26.00,18,36,850.00,9.00,TERRACERÍA,10/28/15,15 AÑOS,28/10/2030,OCT,2030,SI,VIGENTE,"AEROPUERTO DE CIUDAD VICTORIA, TAMAULIPAS",,,,,,
SP 801,AERÓDROMO,RGH,AGUACHILE,COAHUILA,CIUDAD ACUÑA,DIURNO,SERVICIO PARTICULAR,TERRESTRE,2-B,MIGUEL ANGEL LOZANO ARIZPE,"1,200.00",,29,13,24.00,102,33,54.00,NO APLICA,NO APLICA,"1,300.00",25.00,TERRACERÍA,30/09/2003,90 DÍAS,30/11/2003,NOV,2003,NO,INOPERATIVO,"AEROPUERTO INTERNACIONAL DE CIUDAD ACUÑA, COAHUILA",,,,,,
SP 802,AERÓDROMO,CIC,RANCHO EL CIBOLO,COAHUILA,CIUDAD ACUÑA,DIURNO,SERVICIO PARTICULAR,TERRESTRE,2-C,MIGUEL ANGEL LOZANO CADENA Y/O RAUL LOZANO VILLARREAL,"1,120.00",,29,30,37.30,102,22,10.60,NO APLICA,NO APLICA,"1,000.00",50.00,TERRACERÍA,30/09/2003,90 DÍAS,30/12/2003,DIC,2003,NO,INOPERATIVO,"AEROPUERTO INTERNACIONAL DE CIUDAD ACUÑA, COAHUILA",,,,,,
HP 803,HELIPUERTO,HID,TORRE II,CIUDAD DE MÉXICO,CUAJIMALPA,DIURNO,SERVICIO PARTICULAR,ELEVADO,H-1,INMOBILIARIA ARCOS BOSQUES,"2,630.00",,19,23,12.70,99,15,0.80,,,,,,SIN AUTORIZACIÓN,,SIN AUTORIZACIÓN,NOV,2010,NO,INOPERATIVO,"AEROPUERTO INTERNACIONAL DE LA CIUDAD DE MEXICO, CIUDAD DE MEXICO",,,,,,
HP 804,HELIPUERTO,HRF,HELIPUERTO REFORMA,CIUDAD DE MÉXICO,BENITO JUÁREZ,DIURNO,SERVICIO PARTICULAR,ELEVADO,H-1,"CONSORCIO INTERAMERICANO DE COMUNICACION, S.A.","2,310.00",,19,22,27.60,99,9,7.59,,,,,,13/01/1995,2 AÑOS,SIN AUTORIZACIÓN,ENE,1997,NO,INOPERATIVO,"AEROPUERTO INTERNACIONAL DE LA CIUDAD DE MEXICO, CIUDAD DE MEXICO",,,,,,
SP 805,AERÓDROMO,ADC  ,AGRODESARROLLO CARBONERA             ,NUEVO LEÓN,GENERAL TERAN,DIURNO,SERVICIO PARTICULAR,TERRESTRE,2-C,"AGRODESARROLLO CARBONERA, S. DE R.L. DE C.V.  ",210.00,WGS-84,25,19,2.00,99,13,24.10,13,31,"1,100.00",20.00,TERRACERÍA,21/01/2020,180 DIAS ,21/06/2020,JUN,2020,NO,EN TRAMITE,"AEROPUERTO INTERNACIONAL DEL NORTE, NUEVO LEON",,,,,,
HP 806,HELIPUERTO,HTP,TORRE OPTIMA,CIUDAD DE MÉXICO,MIGUEL HIDALGO,DIURNO Y NOCTURNO,SERVICIO PARTICULAR,ELEVADO,H-1,"BROM PALMAS, S. DE R.L. DE C.V.","2,398.00",WGS-84,19,25,48.13,99,12,42.04,,,,,,06/04/2015,15 AÑOS,06/04/2030,ABR,2030,SI,VIGENTE,"AEROPUERTO INTERNACIONAL DE LA CIUDAD DE MEXICO, CIUDAD DE MEXICO",,,,,,
SP 807,AERÓDROMO,CPK  ,CAMPO PUERTO RICO                    ,SINALOA,CULIACAN,DIURNO,SERVICIO PARTICULAR,TERRESTRE,1-A,ROSARIO NIEBLA CARDOZA                ,80.00,WGS-84,24,31,31.10,107,15,4.50,4,22,600.00,11.00,ASFALTO,29/04/2016,15 AÑOS,29/04/2031,ABR,2031,SI,VIGENTE,"AEROPUERTO INTERNACIONAL DE CULIACAN, SINALOA",,,,,,
HP 808,HELIPUERTO,HRN,REVOLUCION,CIUDAD DE MÉXICO,ALVARO OBREGON,DIURNO,SERVICIO PARTICULAR,ELEVADO,H-1,CONSEJO DE LA JUDICATURA FEDERAL,"2,350.00",,19,21,13.90,99,11,37.30,,,,,,07/04/2005,5 AÑOS ,15/04/2010,ABR,2010,NO,INOPERATIVO,"AEROPUERTO INTERNACIONAL DE LA CIUDAD DE MEXICO, CIUDAD DE MEXICO",,,,,,
SP 809,AERÓDROMO,CDX,COPA DE ORO,TAMAULIPAS,VILLA ALDAMA,DIURNO,SERVICIO PARTICULAR,TERRESTRE,2-A,JOSE ELIAS MOSES SAID,15.00,,23,1,55.00,97,50,0.00,NO APLICA,NO APLICA,800.00,15.00,TERRACERÍA,SIN AUTORIZACIÓN,,SIN AUTORIZACIÓN,ENE,2008,NO,INOPERATIVO,"AEROPUERTO INTERNACIONAL DE TAMPICO, TAMAULIPAS",,,,,,
HP 810,HELIPUERTO,,TLALPAN,CIUDAD DE MÉXICO,TLALPAN,DIURNO,SERVICIO PARTICULAR,ELEVADO,H-1,"SEGUROS COMERCIAL AMERICA, S.A. DE C.V.","2,287.00",,19,17,24.60,99,10,21.10,,,,,,15/08/2000,5 AÑOS,15/08/2005,AGO,2005,NO,INOPERATIVO,"AEROPUERTO INTERNACIONAL DE LA CIUDAD DE MEXICO, CIUDAD DE MEXICO",,,,,,
SP 811,AERÓDROMO,GBF,EL GARGALIOTE,CHIHUAHUA,ALDAMA,DIURNO,SERVICIO PARTICULAR,TERRESTRE,1-A,GUILLERMO ENRIQUE BAEZA FARES,"1,331.00",WGS-84,29,27,38.18,105,36,30.57,9,27,800.00,12.00,TERRACERÍA,03/01/2017,15 AÑOS,03/01/2032,ENE,2032,SI,VIGENTE,"AEROPUERTO INTERNACIONAL DE CHIHUAHUA, CHIHUAHUA",,,,,,
HP 812,HELIPUERTO,HAI,HELIPUERTO AGENCIA ESTATAL DE INVESTIGACIONES MONTERREY,NUEVO LEÓN,MONTERREY,DIURNO,SERVICIO PARTICULAR,SUPERFICIE,H-1,"SUBSECRETARIA DE PROTECCION CIUDADANA, GOBIERNO DEL ESTADO DE NUEVO LEÓN","1,696.00",WGS-84,25,41,35.00,100,17,40.00,NO APLICA,NO APLICA,,,,SIN AUTORIZACIÓN,,SIN AUTORIZACIÓN,ENE,1997,NO,INOPERATIVO,"AEROPUERTO INTERNACIONAL DE MONTERREY, NUEVO LEON",,,,,,
SP 813,AERÓDROMO,PBH,PISTA BASE HUATABAMPO,SONORA,HUATABAMPO,DIURNO,SERVICIO PARTICULAR,TERRESTRE,1-A,H. AYUNTAMIENTO DE HUATABAMPO,3.00,WGS-84,26,47,17.69,109,36,55.42,NO APLICA,NO APLICA,800.00,15.00,TERRACERÍA,07/05/2014,15 AÑOS,07/05/2029,MAY,2029,SI,VIGENTE,"AEROPUERTO INTERNACIONAL DE CIUDAD OBREGON, SONORA",,,,,,
SP 814,AERÓDROMO,PBN  ,PISTA BASE NAVOJOA                   ,SONORA,NAVOJOA,DIURNO,SERVICIO PARTICULAR,TERRESTRE,1-A,JUNTA LOCAL DE SANIDAD VEGETAL DE NAVOJOA,30.00,WGS-84,27,0,10.00,109,28,2.00,18,36,790.00,19.00,ASFALTO,15/05/2017,15 AÑOS,15/05/2032,MAY,2032,SI,VIGENTE,"AEROPUERTO INTERNACIONAL DE CIUDAD OBREGON, SONORA",,,,,,
SP 815,AERÓDROMO,CRA,CANDELARIA,CAMPECHE,CANDELARIA,DIURNO,SERVICIO PARTICULAR,TERRESTRE,2-B,GOBIERNO DEL ESTADO DE CAMPECHE,45.00,WGS-84,18,10,57.91,91,1,12.20,16,34,"1,090.00",16.00,ASFALTO,22/11/2019,180 DIAS ,22/05/2020,MAY,2020,NO,EN TRAMITE,"AEROPUERTO INTERNACIONAL DE CAMPECHE, CAMPECHE",,,,,,
SP 816,AERÓDROMO,CLU,COLUTA,DURANGO,TAMAZULA,DIURNO,SERVICIO PARTICULAR,TERRESTRE,1-A,ROGELIO ESTRADA ANGULO,623.00,WGS-84,25,6,33.22,106,44,0.09,NO APLICA,NO APLICA,410.00,18.00,TERRACERÍA,12/03/2008,180 DÍAS,12/09/2008,SEP,2008,NO,INOPERATIVO,"AEROPUERTO INTERNACIONAL DE DURANGO, DURANGO",,,,,,
SP 817,AERÓDROMO,LPX,LOS PERICOS,VERACRUZ,LAS CHOAPAS,DIURNO,SERVICIO PARTICULAR,TERRESTRE,2-B,"AGROINDUSTRIAL LA ILAMA, A.R.I.C. DE R.L. DE C.V.",34.00,NAD 27,17,49,56.00,94,5,58.00,NO APLICA,NO APLICA,"1,060.00",40.00,TERRACERÍA,21/11/2001,180 DÍAS,SIN AUTORIZACIÓN,MAY,2002,NO,INOPERATIVO,"AEROPUERTO INTERNACIONAL DE VERACRUZ, VERACRUZ",,,,,,
SP 818,AERÓDROMO,SNX,SAN ANTONIO,VERACRUZ,SAN JUAN EVANGELISTA,DIURNO,SERVICIO PARTICULAR,TERRESTRE,2-A,"AGROINDUSTRIAL LA ILAMA, A.R.I.C. DE R.L. DE C.V.",50.00,,17,41,52.00,95,22,0.00,NO APLICA,NO APLICA,800.00,12.00,TERRACERÍA,24/03/2000,60 DÍAS,SIN AUTORIZACIÓN,MAY,2000,NO,INOPERATIVO,"AEROPUERTO INTERNACIONAL DE VERACRUZ, VERACRUZ",,,,,,
SP 819,AERÓDROMO,CRX  ,EL CRISTO                            ,VERACRUZ,TECOLUTLA,DIURNO,SERVICIO PARTICULAR,TERRESTRE,2-A,MARIA LUISA ORTIZ DE MALPICA,4.00,,20,28,24.00,97,3,36.00,NO APLICA,NO APLICA,"1,000.00",20.00,TERRACERÍA,21/11/2001,90 DÍAS,SIN AUTORIZACIÓN,FEB,2002,NO,INOPERATIVO,"AEROPUERTO DE POZA RICA, VERACRUZ",,,,,,
SP 820,AERÓDROMO,SUI,SAN LUIS,BAJA CALIFORNIA,MEXICALI,DIURNO,SERVICIO PARTICULAR,TERRESTRE,1-A,ALEJANDRO TAMAYO SALAS,15.00,WGS-84,32,29,59.90,115,8,44.90,17,35,750.00,15.00,TERRACERÍA,21/12/2021,15 AÑOS,03/10/2035,OCT,2035,SI,VIGENTE,"AEROPUERTO INTERNACIONAL DE MEXICALI, BAJA CALIFORNIA",,,,,,
SP 821,AERÓDROMO,EAS  ,ELMORE AND STHAL,TAMAULIPAS,GONZALEZ,DIURNO,SERVICIO PARTICULAR,TERRESTRE,2-A,"ELMORE AND STHAL DE MEXICO, S.A. DE C.V.",42.00,,22,40,18.00,98,32,18.00,NO APLICA,NO APLICA,"1,000.00",15.00,TERRACERÍA,27/09/1995,2 AÑOS,SIN AUTORIZACIÓN,SEP,1997,NO,INOPERATIVO,"AEROPUERTO INTERNACIONAL DE TAMPICO, TAMAULIPAS",,,,,,
SP 822,AERÓDROMO,RSU  ,RANCHO SAN JOSE                      ,TAMAULIPAS,GOMEZ FARIAS,DIURNO,SERVICIO PARTICULAR,TERRESTRE,1-A,HUMBERTO NOE GARZA PEREZ                 ,115.00,,24,23,38.00,98,23,8.00,NO APLICA,NO APLICA,700.00,11.50,TERRACERÍA,10/04/1995,2 AÑOS,SIN AUTORIZACIÓN,ABR,1997,NO,INOPERATIVO,"AEROPUERTO DE CIUDAD VICTORIA, TAMAULIPAS",,,,,,
SP 823,AERÓDROMO ACUÁTICO,HTN  ,TRANS CARIBE NICHUPTE                ,QUINTANA ROO,BENITO JUAREZ (CANCUN),DIURNO,SERVICIO PARTICULAR,ACUATICO,1-A,"TRANS CARIBE, S.A. DE C.V.               ",0.00,WGS-84,21,5,38.00,86,47,40.00,NO APLICA,NO APLICA,"2,000.00",60.00,AGUA,30/06/1995,2 AÑOS,SIN AUTORIZACIÓN,JUN,1997,NO,INOPERATIVO,"AEROPUERTO INTERNACIONAL DE CANCUN, QUINTANA ROO",,,,,,
SP 824,AERÓDROMO ACUÁTICO,,TRANS CARIBE COZUMEL                 ,QUINTANA ROO,COZUMEL,DIURNO,SERVICIO PARTICULAR,ACUATICO,1-A,"TRANS CARIBE, S.A. DE C.V.                ",0.00,WGS-84,20,30,6.00,86,55,30.00,NO APLICA,NO APLICA,"2,000.00",60.00,AGUA,30/06/1995,2 AÑOS,SIN AUTORIZACIÓN,JUN,1997,NO,INOPERATIVO,"AEROPUERTO INTERNACIONAL DE CANCUN, QUINTANA ROO",,,,,,
SP 825,HELIPUERTO,HTF,TORRE ACUEDUCTO,JALISCO,ZAPOPAN,DIURNO,SERVICIO PARTICULAR,ELEVADO,H-1,TORRE NUEVA  EMPRESARIAL S.A.DE C.V ,"1,617.00",WGS-84,20,42,45.23,103,24,35.42,,,,,,08/04/2013,180 DÍAS,08/10/2013,OCT,2013,NO,EN TRAMITE,"AEROPUERTO INTERNACIONAL DE GUADALAJARA, JALISCO",,,,,,
SP 826,AERÓDROMO,BCL  ,EL BACULO                            ,COAHUILA,CIUDAD ACUÑA,DIURNO,SERVICIO PARTICULAR,TERRESTRE,2-A,JUAN ANTONIO SOTO SEPTIEN,"1,060.00",WGS-84,29,15,24.00,102,7,46.00,28,10,"1,340.00",20.00,TERRACERÍA,04/06/2020,15 AÑOS,04/06/2035,JUN,2035,SI,VIGENTE,"AEROPUERTO INTERNACIONAL DE CIUDAD ACUÑA, COAHUILA",,,,,,
SP 827,AERÓDROMO,CLM  ,PABLO L. SIDAR                          (OPERADO POR SEDENA)                  ,MICHOACÁN,COALCOMAN,DIURNO,SERVICIO PARTICULAR,TERRESTRE,1-A,GOBIERNO CONSTITUCIONAL DEL ESTADO DE MICHOACAN         ,"1,020.00",WGS-84,18,46,25.00,103,10,30.00,15,33,880.00,19.00,ASFALTO,08/07/2013,180 DÍAS,08/01/2014,ENE,2013,NO,MILITAR,"AEROPUERTO DE LAZARO CARDENAS, MICHOACAN",,,,,,
HP 828,HELIPUERTO,HMT,TORRE MAYOR,CIUDAD DE MÉXICO,CUAUHTÉMOC,DIURNO,SERVICIO PARTICULAR,ELEVADO,H-1,"TORRE MAYOR, S.A. DE C.V.","2,474.00",WGS-84,19,25,27.40,99,10,31.05,,,,,,30/01/2014,15 AÑOS,30/01/2029,ENE,2029,SI,VIGENTE,"AEROPUERTO INTERNACIONAL DE LA CIUDAD DE MEXICO, CIUDAD DE MEXICO",,,,,,
SP 829,AERÓDROMO,CJN,COLONIA JUAREZ NUEVO,CHIHUAHUA,NUEVO CASAS GRANDES,DIURNO,SERVICIO PARTICULAR,TERRESTRE,1-B,KELLY ROMMEY SPILBURY,"1,623.00",,30,18,0.00,108,5,0.00,NO APLICA,NO APLICA,800.00,20.00,TERRACERÍA,20/06/2000,60 DÍAS,SIN AUTORIZACIÓN,AGO,2000,NO,INOPERATIVO,"AEROPUERTO INTERNACIONAL DE CIUDAD JUAREZ, CHIHUAHUA",,,,,,
SP 830,AERÓDROMO,MTF,MATA LARGA,CAMPECHE,EL CARMEN,DIURNO,SERVICIO PARTICULAR,TERRESTRE,1-A,JOSE OSCAR PADILLA VALENCIA,20.00,,18,24,0.00,91,23,0.00,NO APLICA,NO APLICA,600.00,10.00,TERRACERÍA,SIN AUTORIZACIÓN,,SIN AUTORIZACIÓN,ENE,1995,NO,INOPERATIVO,"AEROPUERTO INTERNACIONAL DE CIUDAD DEL CARMEN, CAMPECHE",,,,,,
SP 831,AERÓDROMO,PGD  ,LAS PRADERAS                         ,DURANGO,DURANGO,DIURNO,SERVICIO PARTICULAR,TERRESTRE,2-A,GLORIA ERNESTINA HERRERA ARALUCE      ,"1,870.00",WGS-84,24,0,25.55,104,32,58.48,3,21,950.00,15.00,ASFALTO,22/04/2019,15 AÑOS,22/04/2034,ABR,2034,SI,VIGENTE,"AEROPUERTO INTERNACIONAL DE DURANGO, DURANGO",,,,,,
SP 832,AERÓDROMO,LMH  ,LAS MULAS                            ,DURANGO,VILLA HIDALGO,DIURNO,SERVICIO PARTICULAR,TERRESTRE,2-A,ERNESTO Y/O CARLOS MANUEL HERRERA ALE,"1,916.00",WGS-84,25,57,15.00,104,52,32.00,7,25,"1,396.00",15.00,ASFALTO,17/02/2017,15 AÑOS,17/02/2032,FEB,2032,SI,VIGENTE,"AEROPUERTO INTERNACIONAL DE DURANGO, DURANGO",,,,,,
SP 833,AERÓDROMO,SCV,SANTA CLARA,DURANGO,VILLA OCAMPO,DIURNO,SERVICIO PARTICULAR,TERRESTRE,1-A,JOSE DE LA LUZ GARCIA VILLALOBOS,"2,212.00",NAD 27,26,34,0.00,105,50,0.00,NO APLICA,NO APLICA,650.00,20.00,TERRACERÍA,SIN AUTORIZACIÓN,,SIN AUTORIZACIÓN,ENE,1996,NO,INOPERATIVO,"AEROPUERTO INTERNACIONAL DE DURANGO, DURANGO",,,,,,
SP 834,AERÓDROMO,EAC,EL SAUCITO,CHIHUAHUA,CUSIHUIRIACHI,DIURNO,SERVICIO PARTICULAR,TERRESTRE,1-A,MANUEL RICARDO BACA VILLALOBOS,"1,725.00",NAD 27,25,5,0.00,106,43,0.00,NO APLICA,NO APLICA,800.00,20.00,TERRACERÍA,SIN AUTORIZACIÓN,,SIN AUTORIZACIÓN,ENE,1999,NO,INOPERATIVO,"AEROPUERTO INTERNACIONAL DE CHIHUAHUA, CHIHUAHUA",,,,,,
SP 835,AERÓDROMO,PEB,PIE DE LA CUESTA DE LA BAJADA,DURANGO,TAMAZULA,DIURNO,SERVICIO PARTICULAR,TERRESTRE,1-A,HILARIO BELTRAN RIOS,580.00,,25,3,45.00,106,46,50.00,NO APLICA,NO APLICA,300.00,8.00,TERRACERÍA,22/07/2003,60 DÍAS,SIN AUTORIZACIÓN,SEP,2003,NO,INOPERATIVO,"AEROPUERTO INTERNACIONAL DE DURANGO, DURANGO",,,,,,
SP 836,AERÓDROMO,XNE,CRUZ NEGRA,VERACRUZ,PANUCO,DIURNO,SERVICIO PARTICULAR,TERRESTRE,1-C,J. RUBEN FIGUEROA SMUTNY,15.00,,22,0,1.36,98,20,9.22,NO APLICA,NO APLICA,700.00,80.00,TERRACERÍA,15/03/1999,90 DÍAS,SIN AUTORIZACIÓN,JUN,1999,NO,INOPERATIVO,"AEROPUERTO INTERNACIONAL DE TAMPICO, TAMAULIPAS",,,,,,
SP 837,AERÓDROMO,TCJ,TANCHIJOL,VERACRUZ,EL HIGO,DIURNO,SERVICIO PARTICULAR,TERRESTRE,2-A,J. RUBEN FIGUEROA SMUTNY,30.00,NAD 27,21,43,5.35,98,26,2.88,NO APLICA,NO APLICA,"1,000.00",70.00,TERRACERÍA,15/03/1999,90 DÍAS,SIN AUTORIZACIÓN,JUN,1999,NO,INOPERATIVO,"AEROPUERTO INTERNACIONAL DE TAMPICO, TAMAULIPAS",,,,,,
SP 838,AERÓDROMO,CCM  ,CUATRO CAMINOS,TAMAULIPAS,CIUDAD MANTE,DIURNO,SERVICIO PARTICULAR,TERRESTRE,1-B,"AGROINDUSTRIAS EL LAUREL, S.P.R. DE R.L. ",100.00,NAD 27,22,30,52.00,98,50,7.50,NO APLICA,NO APLICA,800.00,18.00,TERRACERÍA,03/11/2005,5 AÑOS,03/11/2010,NOV,2010,NO,INOPERATIVO,"AEROPUERTO DE CIUDAD VICTORIA, TAMAULIPAS",,,,,,
SP 839,AERÓDROMO ACUÁTICO,PSM,PUNTA SOLIMAN,QUINTANA ROO,SOLIDARIDAD,DIURNO,SERVICIO PARTICULAR,ACUATICO,1-A,FRANCISCO CORDOVA LIRA,0.00,WGS-84,20,17,10.00,87,22,23.00,NO APLICA,NO APLICA,300.00,20.00,AGUA,13/03/2001,180 DÍAS,SIN AUTORIZACIÓN,SEP,2001,NO,INOPERATIVO,"AEROPUERTO INTERNACIONAL DE CANCUN, QUINTANA ROO",,,,,,
SP 840,AERÓDROMO,JMA,JESUS MARIA,NAYARIT,EL NAYAR,DIURNO,SERVICIO PARTICULAR,TERRESTRE,1-A,"H. AYUNTAMIENTO CONSTITUCIONAL  EL NAYAR, NAYARIT",748.00,WGS-84,22,16,7.10,104,29,5.40,NO APLICA,NO APLICA,950.00,9.50,TERRACERÍA,27/11/2002,90 DÍAS,27/02/2003,FEB,2003,NO,INOPERATIVO,"AEROPUERTO DE TEPIC, NAYARIT",,,,,,
SP 841,AERÓDROMO,GAV,LOS GAVILANES,NAYARIT,EL NAYAR,DIURNO,SERVICIO PARTICULAR,TERRESTRE,1-A,COMUNIDAD DE LOS GAVILANES,"1,270.00",WGS-84,22,4,44.50,104,35,16.90,7,25,600.00,7.00,TERRACERÍA,18/02/2025,180 DIAS ,18/08/2025,AGO,2025,NO,EN TRAMITE,"AEROPUERTO DE TEPIC, NAYARIT",,,,,,
SP 842,AERÓDROMO,GBV ,GATOS BRAVOS,SINALOA,NAVOLATO,DIURNO,SERVICIO PARTICULAR,TERRESTRE,1-A,RAMIRO GARCIA ZAVALA,28.00,WGS-84,24,40,30.29,107,40,11.00,17,35,430.00,7.50,TERRACERIA,02/07/2014,15 AÑOS,02/07/2029,JUL,2029,SI,VIGENTE,"AEROPUERTO INTERNACIONAL DE CULIACAN, SINALOA",,,,,,
SP 843,AERÓDROMO,LCM  ,LOS CANARIOS                         ,TAMAULIPAS,MATAMOROS,DIURNO,SERVICIO PARTICULAR,TERRESTRE,2-A,FEDERICO GARCIAMORENO GARZA,10.00,,25,51,30.00,97,37,20.00,NO APLICA,NO APLICA,800.00,20.00,TERRACERÍA,07/05/2001,60 DÍAS,SIN AUTORIZACIÓN,JUL,2001,NO,INOPERATIVO,"AEROPUERTO INTERNACIONAL DE MATAMOROS, TAMAULIPAS",,,,,,
SP 844,AERÓDROMO,SOF  ,SOFIA,GUANAJUATO,IRAPUATO,DIURNO,SERVICIO PARTICULAR,TERRESTRE,1-A,MANUEL VALENCIA RUELAS,"1,730.00",WGS-84,20,34,7.80,101,28,3.28,10,28,766.40,10.00,TERRACERÍA,14/02/2024,15 años,14/02/2039,FEB,2039,SI,VIGENTE,"AEROPUERTO INTERNACIONAL DE GUANAJUATO, GUANAJUATO",,,,,,
SP 845,AERÓDROMO,BDO, EL BAJIO DEL OSO,SONORA,BACERAC,DIURNO,SERVICIO PARTICULAR,TERRESTRE,1-A,CARLOS SWANSON SAMANIEGO.,"1,080.00",WGS-84,30,16,35.10,108,55,29.50,12,30,800.00,30.00,TERRENO NATURAL ,30/11/2021,15 AÑOS,30/11/2036,NOV,2036,SI,VIGENTE,"AEROPUERTO INTERNACIONAL DE NOGALES, SONORA",,,,,,
HP 846,HELIPUERTO,HLV,HOSPITAL ANGELES LINDAVISTA,CIUDAD DE MÉXICO,GUSTAVO A. MADERO,DIURNO,SERVICIO PARTICULAR,ELEVADO,H-1,"UNIDADES COMERCIALES SANTA FE, S.A DE C.V.","2,238.00",WGS-84,19,29,14.00,99,7,46.30,,,,,,03/03/2023,180 DÍAS,03/09/2023,SEP,2023,NO,EN TRAMITE,"AEROPUERTO INTERNACIONAL DE LA CIUDAD DE MEXICO, CIUDAD DE MEXICO",,,,,,
SP 847,AERÓDROMO,TRR,EL TERRERO,SONORA,ALAMOS,DIURNO,SERVICIO PARTICULAR,TERRESTRE,1-A,LIBRADA WILLIS DE ROSAS,800.00,,27,30,44.00,108,44,23.00,NO APLICA,NO APLICA,500.00,16.00,TERRACERÍA,SIN AUTORIZACIÓN,,SIN AUTORIZACIÓN,ENE,1997,NO,INOPERATIVO,"AEROPUERTO INTERNACIONAL DE CIUDAD OBREGON, SONORA",,,,,,
SP 848,AERÓDROMO,MKA,SANTA MONIKA,CHIAPAS,TAPACHULA,DIURNO,SERVICIO PARTICULAR,TERRESTRE,1-A,FOLKE HUBERTUS MAX VON KNOOP KAHLE,100.00,WGS-84,14,56,6.49,92,22,16.28,NO APLICA,NO APLICA,470.00,20.00,TERRACERIA  Y ASFALTO,17/09/2002,180 DÍAS,17/03/2003,MAR,2003,NO,INOPERATIVO,"AEROPUERTO INTERNACIONAL DE TAPACHULA, CHIAPAS",,,,,,
SP 849,AERÓDROMO,ECV,LOS ENCINOS,CHIHUAHUA,CHIHUAHUA,DIURNO,SERVICIO PARTICULAR,TERRESTRE,1-B,ELOY S. VALLINA GARZA LAGUERA,"1,542.00",,29,15,0.00,106,20,30.00,NO APLICA,NO APLICA,"1,000.00",20.00,ASFALTO,06/03/2006,180 DÍAS,06/09/2006,SEP,2006,NO,INOPERATIVO,"AEROPUERTO INTERNACIONAL DE CHIHUAHUA, CHIHUAHUA",,,,,,
SP 850,AERÓDROMO,VHA,VISTA HERMOSA,MORELOS,PUENTE DE IXTLA,DIURNO,SERVICIO PARTICULAR,TERRESTRE,1-A,"CLUB AEREO VISTA HERMOSA, S.C.",996.00,WGS-84,18,38,54.96,99,15,44.16,2,20,300.00,18.00,TERRACERÍA,14/04/2021,15 AÑOS,14/04/2036,ABR,2036,SI ,VIGENTE,"AEROPUERTO INTERNACIONAL DE CUERNAVACA, MORELOS",,,,,,
SP 851,AERÓDROMO,BAY  ,BANAREY,TABASCO,TACOTALPA,DIURNO,SERVICIO PARTICULAR,TERRESTRE,1-A,"GRUPO BANANERO DEL SUR, S.A. DE C.V.",21.00,,17,33,45.00,92,49,18.00,NO APLICA,NO APLICA,660.00,8.50,TERRACERÍA,20/03/2003,180 DÍAS,20/09/2003,SEP,2003,NO,INOPERATIVO,"AEROPUERTO INTERNACIONAL DE VILLAHERMOSA, TABASCO",,,,,,
SP 852,AERÓDROMO,ERN,ERENDIRA,CHIAPAS,TAPACHULA,DIURNO,SERVICIO PARTICULAR,TERRESTRE,1-A,RAMÓN FAUSTINO OZUNA MACIAS,25.00,WGS-84,14,45,0.48,92,20,28.49,4,22,700.00,10.00,TERRACERÍA,18/12/2017,15 AÑOS,18/12/2032,DIC,2032,SI,VIGENTE,"AEROPUERTO INTERNACIONAL DE TAPACHULA, CHIAPAS",,,,,,
SP 853,AERÓDROMO,SMD,SAN MIGUEL DEL ALTO,DURANGO,SANTIAGO PAPASQUIARO,DIURNO,SERVICIO PARTICULAR,TERRESTRE,1-A,COMISARIADO DE BIENES COMUNALES SAN JUAN CAMARONES,999.00,,24,50,49.00,106,23,52.00,NO APLICA,NO APLICA,350.00,10.00,TERRACERÍA,27/03/2007,180 DÍAS,27/09/2007,SEP,2007,NO,INOPERATIVO,"AEROPUERTO INTERNACIONAL DE DURANGO, DURANGO",,,,,,
HP 854,HELIPUERTO,HAG,AGUA,CIUDAD DE MÉXICO,ALVARO OBREGON,DIURNO,SERVICIO PARTICULAR,SUPERFICIE,H-2,ALEJANDRO SIMON GUERRERO,"2,366.00",WGS-84,19,18,54.50,99,12,20.03,,,,,,01/10/2015,15 AÑOS,01/10/2030,OCT,2030,SI,VIGENTE,"AEROPUERTO INTERNACIONAL DE LA CIUDAD DE MEXICO, CIUDAD DE MEXICO",,,,,,
HP 855,BARCO-HELIPUERTO,HVJ,THERESA JANENE,BAJA CALIFORNIA,ENSENADA,DIURNO,SERVICIO PARTICULAR,HELIPUERTO MIXTO,H-1,"ATUNERA PUNTA BAJA, S.A DE C.V.",0.00,NO APLICA,NO APLICA,NO APLICA,NO APLICA,NO APLICA,NO APLICA,NO APLICA,,,,,,15/02/2006,5 AÑOS,15/02/2011,FEB,2011,NO,INOPERATIVO,"AEROPUERTO INTERNACIONAL DE ENSENADA, BAJA CALIFORNIA",,,,,,
SP 856,AERÓDROMO,PGS,DEL PACIFICO,SINALOA,GUASAVE,DIURNO,SERVICIO PARTICULAR,TERRESTRE,2-B,JENIFER YADIRA RODRIGUEZ GONZALEZ,10.00,NAD 27,25,36,2.64,108,35,1.44,NO APLICA,NO APLICA,"1,000.00",20.00,TERRACERÍA,21/12/2004,180 DÍAS,21/06/2005,JUN,2005,NO,INOPERATIVO,"AEROPUERTO INTERNACIONAL DE LOS MOCHIS, SINALOA",,,,,,
SP 857,AERÓDROMO,OCL,LOS OCALIPTOS,SINALOA,MOCORITO,DIURNO,SERVICIO PARTICULAR,TERRESTRE,1-A,ABEL ORTIZ AGUILAR,26.00,WGS-84,25,3,17.76,107,54,0.60,9,27,700.00,20.00,TERRACERÍA,18/09/2024,180 DÍAS,18/03/2025,MAR,2025,NO,EN TRAMITE,"AEROPUERTO INTERNACIONAL DE CULIACAN, SINALOA",,,,,,
SP 858,AERÓDROMO,LSE,LA SOLEDAD                           ,SINALOA,EL FUERTE,DIURNO,SERVICIO PARTICULAR,TERRESTRE,1-A,MARIA ADELA SOLEDAD CASTRO MARTINEZ.   ,21.00,WGS-84,25,54,23.64,108,55,42.79,2,20,500.00,8.00,MIXTO CONCRETO HIDRÁHULICO / ASFALTO,03/08/2016,15 AÑOS,03/08/2031,AGO,2031,SI,VIGENTE,"AEROPUERTO INTERNACIONAL DE LOS MOCHIS, SINALOA",,,,,,
SP 859,AERÓDROMO,TEZ,PISTA TEZONTLE (ANTES SANTIAGO),PUEBLA,LIBRES,DIURNO,SERVICIO PARTICULAR,TERRESTRE,2-A,JOSE GUILLERMO MERINO ORTEGA,"2,352.00",WGS-84,19,29,22.95,97,34,6.24,18,36,"1,500.00",15.00,TERRACERÍA,14/04/2016,15 AÑOS,14/04/2031,ABR,2031,SI,VIGENTE,"AEROPUERTO INTERNACIONAL ""HERMANOS SERDÁN"" DE HUEJOTZINGO, PUE.",,,,,,
SP 860,AERÓDROMO,PSZ  ,PISTA TABASCO ( ANTES PISTA JUAREZ)                        ,BAJA CALIFORNIA,MEXICALI,DIURNO,SERVICIO PARTICULAR,TERRESTRE,1-A,JOSE GUADALUPE JUAREZ YEPEZ            ,27.00,WGS-84,32,32,36.85,114,55,43.69,8,26,700.00,10.00,TERRACERÍA,10/11/2017,15 AÑOS,10/11/2032,NOV,2032,SI,VIGENTE,"AEROPUERTO INTERNACIONAL DE MEXICALI, BAJA CALIFORNIA",,,,,,
HP 861,BARCO-HELIPUERTO,HFY,MONICA,SINALOA,MAZATLÁN,DIURNO,SERVICIO PARTICULAR,HELIPUERTO MIXTO,H-1,"ATUNERA SANTA MONICA, S.A. DE C.V.",0.00,NO APLICA,NO APLICA,NO APLICA,NO APLICA,NO APLICA,NO APLICA,NO APLICA,,,,,,06/04/2006,180 DÍAS,06/10/2005,OCT,2005,NO,INOPERATIVO,"AEROPUERTO INTERNACIONAL DE MAZATLAN, SINALOA",,,,,,
SP 862,AERÓDROMO,PHL,EL PICHOL,SINALOA,CHOIX,DIURNO,SERVICIO PARTICULAR,TERRESTRE,1-A,EJIDO EL PICHOL,"1,371.00",,26,30,48.60,108,4,4.98,NO APLICA,NO APLICA,400.00,15.00,TERRACERÍA,02/07/2004,180 DÍAS,02/01/2004,ENE,2004,NO,INOPERATIVO,"AEROPUERTO INTERNACIONAL DE LOS MOCHIS, SINALOA",,,,,,
SP 863,AERÓDROMO,NSL,NUESTRA SEÑORA DE LORETO,SONORA,CAJEME,DIURNO,SERVICIO PARTICULAR,TERRESTRE,1-A,ENRIQUE ZAMORA FRIAS,34.00,WGS-84,27,24,22.00,109,57,12.00,NO APLICA,NO APLICA,500.00,18.00,TERRACERÍA,SIN AUTORIZACIÓN,,SIN AUTORIZACIÓN,ENE,2002,NO,INOPERATIVO,"AEROPUERTO INTERNACIONAL DE CIUDAD OBREGON, SONORA",,,,,,
SP 864,AERÓDROMO,TOP,TOPIA,DURANGO,TOPIA,DIURNO,SERVICIO PARTICULAR,TERRESTRE,1-A,H. AYUNTAMIENTO DE TOPIA,"1,746.00",WGS-84,25,12,37.54,106,34,9.98,17,35,580.00,15.00,TERRACERÍA,30/07/2010,180 DÍAS,30/01/2011,ENE,2011,NO,EN TRAMITE,"AEROPUERTO INTERNACIONAL DE DURANGO, DURANGO",,,,,,
SP 865,AERÓDROMO,CGX,CAMPO GAXIOLA,SINALOA,ANGOSTURA,DIURNO,SERVICIO PARTICULAR,TERRESTRE,1-A,VICENTE RENE GAXIOLA MARQUEZ,20.00,,25,18,29.00,108,5,3.00,NO APLICA,NO APLICA,600.00,18.00,TERRACERÍA,SIN AUTORIZACIÓN,,SIN AUTORIZACIÓN,ENE,2008,NO,INOPERATIVO,"AEROPUERTO INTERNACIONAL DE LOS MOCHIS, SINALOA",,,,,,
SP 866,AERÓDROMO,VEG,EL VERGEL,SINALOA,NAVOLATO,DIURNO,SERVICIO PARTICULAR,TERRESTRE,1-A,MARGARITA GAMBOA LLANES,10.00,,24,42,15.00,107,49,20.00,NO APLICA,NO APLICA,500.00,15.00,TERRACERÍA,08/03/2001,60 DÍAS,SIN AUTORIZACIÓN,MAY,2001,NO,INOPERATIVO,"AEROPUERTO INTERNACIONAL DE CULIACAN, SINALOA",,,,,,
SP 867,AERÓDROMO,PRN,EL PORVENIR,SINALOA,CULIACAN,DIURNO,SERVICIO PARTICULAR,TERRESTRE,2-B,DANIEL CARDENAS CEBALLOS,12.50,,24,38,8.00,107,30,41.30,NO APLICA,NO APLICA,"1,030.00",30.00,ASFALTO,21/12/2001,60 DÍAS,SIN AUTORIZACIÓN,FEB,2002,NO,INOPERATIVO,"AEROPUERTO INTERNACIONAL DE CULIACAN, SINALOA",,,,,,
SP 868,AERÓDROMO,CAW,CAMPO VICTORIA,SINALOA,NAVOLATO,DIURNO,SERVICIO PARTICULAR,TERRESTRE,1-A,"ADMINISTRADORA HORTICOLA DEL TAMAZULA,  S. DE R.L. DE C.V.",12.00,,24,34,30.00,107,33,10.00,NO APLICA,NO APLICA,700.00,6.00,ASFALTO,22/02/2008,180 DÍAS,22/08/2008,AGO,2008,NO,INOPERATIVO,"AEROPUERTO INTERNACIONAL DE CULIACAN, SINALOA",,,,,,
SP 869,AERÓDROMO,PAO,EL PARAISO VILLALOBOS,CHIAPAS,MAZATAN,DIURNO,SERVICIO PARTICULAR Y A TERCEROS,TERRESTRE,1-A,JORGE CHAPA IBARRA,44.00,WGS-84,14,51,54.90,92,22,4.15,,,700,7,TERRACERÍA,23/01/2019,15 AÑOS,23/01/2034,ENE,2034,SI,VIGENTE,"AEROPUERTO INTERNACIONAL DE TAPACHULA, CHIAPAS",,,,,,
SP 870,AERÓDROMO,FTN,LA FORTUNA,SONORA,HERMOSILLO,DIURNO,SERVICIO PARTICULAR,TERRESTRE,2-B,JULIO IVAN DOMINGUEZ MORENO,166.00,WGS-84,28,59,15.45,111,3,45.92,11,29,785.00,10.50,ASFALTO,12/12/2013,15 AÑOS,12/12/2028,DIC,2028,SI,VIGENTE,"AEROPUERTO INTERNACIONAL DE HERMOSILLO, SONORA",,,,,,
SP 871,AERÓDROMO,WCN,HERMANOS WONG COZAIN,SINALOA,AHOME,DIURNO,SERVICIO PARTICULAR,TERRESTRE,1-A,"WONG COZAIN HERMANOS , S.P.R. DE R.L.",20.00,WGS-84,25,54,15.00,108,58,11.70,NO APLICA,NO APLICA,660.00,10.00,TERRACERÍA,24/02/2006,180 DÍAS,24/08/2006,AGO,2006,NO,INOPERATIVO,"AEROPUERTO INTERNACIONAL DE LOS MOCHIS, SINALOA",,,,,,
SP 872,AERÓDROMO,ADB,DIVISADERO BARRANCAS,CHIHUAHUA,BOCOYNA,DIURNO,SERVICIO PARTICULAR,TERRESTRE,1-A,IVONNE SANDOVAL ALMEIDA,"2,133.00",,27,30,47.00,107,45,49.00,NO APLICA,NO APLICA,650.00,20.00,TERRACERÍA,SIN AUTORIZACIÓN,,SIN AUTORIZACIÓN,ENE,1995,NO,INOPERATIVO,"AEROPUERTO INTERNACIONAL DE CHIHUAHUA, CHIHUAHUA",,,,,,
SP 873,AERÓDROMO,DLM,LOS TERREROS,COAHUILA,ZARAGOZA,DIURNO,SERVICIO PARTICULAR,TERRESTRE,1-A,ABEL GUERRA GARZA,945.00,NAD 27,28,40,32.40,101,31,56.30,5,23,"1,000.00",30.00,TERRACERÍA,06/05/2015,15 AÑOS,06/05/2030,MAY,2030,SI,VIGENTE,"AEROPUERTO INTERNACIONAL ""PLAN DE GUADALUPE"" DE RAMOS ARIZPE, COAH.",,,,,,
SP 874,AERÓDROMO,NLA,SAN NICOLAS,DURANGO,TAMAZULA,DIURNO,SERVICIO PARTICULAR,TERRESTRE,1-A,RAMON IBARRA CORONEL,900.00,WGS-84,25,5,53.00,106,40,32.00,NO APLICA,NO APLICA,500.00,22.00,TERRACERÍA,29/09/2009,180 DÍAS,29/03/2010,MAR,2010,NO,INOPERATIVO,"AEROPUERTO INTERNACIONAL DE DURANGO, DURANGO",,,,,,
HP 875,HELIPUERTO,HEE,CREEL,CHIHUAHUA,BOCOYNA,DIURNO,SERVICIO PARTICULAR,SUPERFICIE,H-1,"PARADORES Y HOTELES DE LA MONTAÑA, S.A. DE C.V.","2,320.00",,27,44,25.00,107,37,56.00,,,,,,30/04/2003,180 DÍAS,30/10/2003,OCT,2003,NO,INOPERATIVO,"AEROPUERTO INTERNACIONAL DE CHIHUAHUA, CHIHUAHUA",,,,,,
HP 876,HELIPUERTO,HBW,CORPORATIVO GBM,CIUDAD DE MÉXICO,ALVARO OBREGON,DIURNO,SERVICIO PARTICULAR,ELEVADO,H-1,"CORPORATIVO GBM, S.A.B. DE C.V.","2,394.00",WGS-84,19,21,48.82,99,10,58.00,,,,,,18/09/2007,180 DÍAS,18/03/2008,JUN,2010,NO,INOPERATIVO,"AEROPUERTO INTERNACIONAL DE LA CIUDAD DE MEXICO, CIUDAD DE MEXICO",,,,,,
SP 877,AERÓDROMO,CIB,CHIVATO BAY,BAJA CALIFORNIA SUR,MULEGE,DIURNO,SERVICIO PARTICULAR,TERRESTRE,3-C,"CHIVATO BAY AEROPUERTOS, S. DE R.L. DE C.V.",160.00,WGS-84,27,5,35.67,112,5,46.98,NO APLICA,NO APLICA,"1,814.00",29.00,ASFALTO,09/04/2008,5 AÑOS,09/04/2013,ABR,2013,NO,INOPERATIVO,"AEROPUERTO INTERNACIONAL DE LORETO, BAJA CALIFORNIA SUR",,,,,,
SP 878,AERÓDROMO,ECX,EL COYOTE,CHIHUAHUA,ALDAMA,DIURNO,SERVICIO PARTICULAR,TERRESTRE,2-C,ROBERTO HENRIC GALINDO,"1,240.00",,28,54,53.00,105,51,37.00,NO APLICA,NO APLICA,"1,414.00",20.00,TERRACERÍA,22/02/2003,180 DÍAS,22/08/2003,AGO,2003,NO,INOPERATIVO,"AEROPUERTO INTERNACIONAL DE CHIHUAHUA, CHIHUAHUA",,,,,,
SP 879,AERÓDROMO,WVL,HECTOR RAUL BATIZ MEZA,SINALOA,GUASAVE,DIURNO,SERVICIO PARTICULAR,TERRESTRE,1-A,WILFRIDO VALDEZ LOPEZ,9.50,WGS-84,25,33,13.11,108,30,14.60,NO APLICA,NO APLICA,600.00,15.00,ASFALTO,23/02/2007,5 AÑOS,23/02/2012,FEB,2012,NO,INOPERATIVO,"AEROPUERTO INTERNACIONAL DE LOS MOCHIS, SINALOA",,,,,,
SP 880,AERÓDROMO,MDL  ,MESA DEL ALAMO                       ,CHIHUAHUA,NONOAVA,DIURNO,SERVICIO PARTICULAR,TERRESTRE,1-A,EDUARDO ANTONIO GUERRERO OLIVARES     ,"1,220.00",WGS-84,27,29,13.00,106,52,37.00,5,23,680.00,18.00,TERRACERÍA,27/10/2010,180 DÍAS,27/04/2011,ABR,2011,NO,INOPERATIVO,"AEROPUERTO INTERNACIONAL DE CHIHUAHUA, CHIHUAHUA",,,,,,
SP 881,AERÓDROMO,AMQ,AMACULI,DURANGO,TAMAZULA,DIURNO,SERVICIO PARTICULAR,TERRESTRE,1-A,C. Armando Meza Arellano,480.00,WGS-84,24,36,42.6,106,35,48.9,NO APLICA,NO APLICA,700.00,25.00,TERRACERÍA,29/09/2009,180 DÍAS,29/03/2010,MAR,2010,NO,INOPERATIVO,"AEROPUERTO INTERNACIONAL DE DURANGO, DURANGO",,,,,,
HP 882,HELIPUERTO,HCC,COCA COLA,CIUDAD DE MÉXICO,MIGUEL HIDALGO,DIURNO,SERVICIO PARTICULAR,ELEVADO,H-1,"SERVICIOS INTEGRADOS DE ADMINISTRACION Y ALTA GERENCIA, S.A. DE C.V.","2,308.40",,19,25,43.90,99,11,4.20,,,,,,09/02/2006,5 AÑOS,09/02/2011,FEB,2011,NO,INOPERATIVO,"AEROPUERTO INTERNACIONAL DE LA CIUDAD DE MEXICO, CIUDAD DE MEXICO",,,,,,
SP 883,AERÓDROMO,PZS,LA PANZA,SINALOA,NAVOLATO,DIURNO,SERVICIO PARTICULAR,TERRESTRE,2-A,"LA ESTANCIA DEL NOROESTE, S.P.R. DE R.L.",10.00,WGS-84,24,32,40.00,107,32,30.06,NO APLICA,NO APLICA,840.00,12.00,TERRACERÍA,24/09/2001,90 DÍAS,SIN AUTORIZACIÓN,DIC,2001,NO,INOPERATIVO,"AEROPUERTO INTERNACIONAL DE CULIACAN, SINALOA",,,,,,
SP 884,AERÓDROMO,CCR,CAMPO CORTES,GUANAJUATO,IRAPUATO,DIURNO,SERVICIO PARTICULAR,TERRESTRE,1-A,"BAJIO TERMOREFRIGERADORES, S.A. DE C.V.","1,741.00",WGS-84,20,46,31.00,101,20,55.00,NO APLICA,NO APLICA,550.00,15.00,TERRACERÍA,27/08/2004,180 DÍAS,27/02/2005,FEB,2005,NO,INOPERATIVO,"AEROPUERTO INTERNACIONAL DE GUANAJUATO, GUANAJUATO",,,,,,
SP 885,AERÓDROMO,SHM,LA MOTA,COAHUILA,MONCLOVA,DIURNO,SERVICIO PARTICULAR,TERRESTRE,1-A,ABRAHAM CEPEDA IZAGUIRRE,639.00,WGS-84,26,50,10.00,101,6,37.00,16,34,"1,270.00",18.00,TERRACERÍA,25/05/2020,15 AÑOS,25/05/2035,MAY,2035,SI,VIGENTE,"AEROPUERTO INTERNACIONAL DE MONCLOVA, COAHUILA",,,,,,
HP 886,HELIPUERTO,HKD,LA CASCADA,JALISCO,PUERTO VALLARTA,DIURNO,SERVICIO PARTICULAR,SUPERFICIE,H-1,"A.V.R.E.P., S.A. DE C.V.","1,240.00",WGS-84,20,30,17.00,105,14,29.00,,,,,,24/01/2001,60 DÍAS,SIN AUTORIZACIÓN,MAR,2001,NO,INOPERATIVO,"AEROPUERTO INTERNACIONAL DE PUERTO VALLARTA, JALISCO",,,,,,
SP 887,AERÓDROMO,SUS,SAUL'ES,SINALOA,GUASAVE,DIURNO,SERVICIO PARTICULAR,TERRESTRE,1-A,SAUL ARMENTA VALENZUELA,20.00,,25,31,23.30,108,14,32.00,NO APLICA,NO APLICA,500.00,10.00,TERRACERÍA,07/03/2001,30 DÍAS,SIN AUTORIZACIÓN,ABR,2001,NO,INOPERATIVO,"AEROPUERTO INTERNACIONAL DE LOS MOCHIS, SINALOA",,,,,,
HP 888,HELIPUERTO,HNS,NACOZARI,SONORA,NACOZARI,DIURNO,SERVICIO PARTICULAR,SUPERFICIE,H-1,"MEXICO TRANSPORTES AEREOS, S.A. DE C.V.","1,450.00",WGS-84,30,28,57.00,109,38,34.00,,,,,,07/03/2003,180 DÍAS,07/09/2003,SEP,2003,NO,INOPERATIVO,"AEROPUERTO INTERNACIONAL DE HERMOSILLO, SONORA",,,,,,
SP 889,AERÓDROMO,LMX,LA MESA,VERACRUZ,OZULUAMA,DIURNO,SERVICIO PARTICULAR,TERRESTRE,1-C,ANDRES HERRERA CASASUS,70.10,,21,45,39.00,97,45,55.00,NO APLICA,NO APLICA,500.00,30.00,TERRACERÍA,SIN AUTORIZACIÓN,,SIN AUTORIZACIÓN,ENE,2008,NO,INOPERATIVO,"AEROPUERTO INTERNACIONAL DE TAMPICO, TAMAULIPAS",,,,,,
SP 890,AERÓDROMO,PEE,PISTA ELIZALDE,SINALOA,GUASAVE,DIURNO,SERVICIO PARTICULAR,TERRESTRE,1-A,JESUS HUMBERTO ELIZALDE COTA,20.00,WGS-84,25,40,35.63,108,48,45.44,9,27,700.00,10.00,TERRACERÍA,20/06/2014,15 AÑOS,20/06/2029,JUN,2029,SI,VIGENTE,"AEROPUERTO INTERNACIONAL DE LOS MOCHIS, SINALOA",,,,,,
SP 891,AERÓDROMO,LOV,LOS VASITOS,DURANGO,TAMAZULA,DIURNO,SERVICIO PARTICULAR,TERRESTRE,1-A,SALVADOR TORRES CAMARGO,760.00,,25,6,49.00,106,56,8.00,NO APLICA,NO APLICA,330.00,8.00,TERRACERÍA,06/02/2003,90 DÍAS,06/05/2003,MAY,2003,NO,INOPERATIVO,"AEROPUERTO INTERNACIONAL DE DURANGO, DURANGO",,,,,,
SP 892,AERÓDROMO,TFB,RANCHO EL 24,CHIHUAHUA,VILLA AHUMADA,DIURNO,SERVICIO PARTICULAR,TERRESTRE,2-B,TANYA FLORES BRONIMANN,"1,424.00",WGS-84,30,18,3.99,105,56,21.90,8,26,"1,300.00",20.00,TERRACERÍA,22/05/2019,15 AÑOS,22/05/2034,MAY,2034,SI ,VIGENTE,"AEROPUERTO INTERNACIONAL DE CHIHUAHUA, CHIHUAHUA",,,,,,
SP 893,AERÓDROMO,NYZ,EL ESCONDIDO,CHIHUAHUA,VILLA AHUMADA,DIURNO,SERVICIO PARTICULAR,TERRESTRE,2-B,NICOLAS YAPOR ZEPEDA,"1,634.00",,30,18,34.00,105,51,44.00,NO APLICA,NO APLICA,"1,000.00",15.00,TERRACERÍA,23/03/2007,5 AÑOS,23/03/2012,MAR,2012,NO,INOPERATIVO,"AEROPUERTO INTERNACIONAL DE CHIHUAHUA, CHIHUAHUA",,,,,,
SP 895,AERÓDROMO,RLQ,LAS NORIAS,COAHUILA,BUENAVENTURA,DIURNO,SERVICIO PARTICULAR,TERRESTRE,1-A,OCTAVIANO ELIZONDO CARDENAS,"1,002.00",NAD 27,27,46,0.00,101,46,0.00,NO APLICA,NO APLICA,600.00,20.00,TERRACERÍA,09/11/1995,2 AÑOS,SIN AUTORIZACIÓN,NOV,1997,NO,INOPERATIVO,"AEROPUERTO INTERNACIONAL DE PIEDRAS NEGRAS, COAHUILA",,,,,,
SP 896,AERÓDROMO,CSR  ,CAMPO SANTA AURORA,SINALOA,CULIACAN,DIURNO,SERVICIO PARTICULAR,TERRESTRE,1-A,SERGIO FORTINO PAREDES VERDUGO        ,19.00,WGS-84,24,30,38.20,107,23,43.60,3,21,900.00,10.00,TERRACERÍA,14/07/2016,15 AÑOS,14/07/2031,JUL,2031,SI,VIGENTE,"AEROPUERTO INTERNACIONAL DE CULIACAN, SINALOA",,,,,,
SP 897,AERÓDROMO,EAJ,AGUAJE,DURANGO,TAMAZULA,DIURNO,SERVICIO PARTICULAR,TERRESTRE,1-A,RAFAEL BELTRAN ARREDONDO,600.00,,24,56,9.00,106,43,33.00,NO APLICA,NO APLICA,500.00,8.00,TERRACERÍA,04/03/2005,180 DÍAS,04/09/2005,SEP,2005,NO,INOPERATIVO,"AEROPUERTO INTERNACIONAL DE DURANGO, DURANGO",,,,,,
SP 898,AERÓDROMO,CGT,LA CIENEGUITA,CHIHUAHUA,MORIS,DIURNO,SERVICIO PARTICULAR,TERRESTRE,1-A,"GRUPO MINERA MANHATTAN, S.A. DE C.V.",890.00,,28,9,47.00,108,31,43.00,NO APLICA,NO APLICA,530.00,22.00,TERRACERÍA,30/10/2000,5 AÑOS,30/10/2005,OCT,2005,NO,INOPERATIVO,"AEROPUERTO INTERNACIONAL DE CHIHUAHUA, CHIHUAHUA",,,,,,
SP 899,AERÓDROMO,MHC,LA MICHOACANA,SINALOA,NAVOLATO,DIURNO,SERVICIO PARTICULAR,TERRESTRE,2-A,JOSÉ ANTONIO VALDEZ ROMAN,12.00,WGS-84,24,42,44.00,107,37,45.00,NO APLICA,NO APLICA,"1,040.00",20.00,TERRACERÍA,07/03/2014,15 AÑOS,07/03/2029,MAR,2029,SI,VIGENTE,"AEROPUERTO INTERNACIONAL DE CULIACAN, SINALOA",,,,,,
SP 900,AERÓDROMO,SCW,SANTA CRUZ,CHIHUAHUA,MORELOS,DIURNO,SERVICIO PARTICULAR,TERRESTRE,1-A,EJIDO SAN ANDRES,"1,523.00",,26,40,30.00,107,46,15.00,NO APLICA,NO APLICA,385.00,20.00,TERRACERÍA,SIN AUTORIZACIÓN,,SIN AUTORIZACIÓN,ENE,2008,NO,INOPERATIVO,"AEROPUERTO INTERNACIONAL DE LOS MOCHIS, SINALOA",,,,,,
SP 901,AERÓDROMO,PLS,LAS PLOMOSAS,SONORA,ALAMOS,DIURNO,SERVICIO PARTICULAR,TERRESTRE,1-A,ABELARDO SALAZAR RAMIREZ,450.00,,25,54,21.00,108,55,40.00,NO APLICA,NO APLICA,540.00,9.00,TERRACERÍA,13/08/2001,60 DÍAS,SIN AUTORIZACIÓN,OCT,2001,NO,INOPERATIVO,"AEROPUERTO INTERNACIONAL DE CIUDAD OBREGON, SONORA",,,,,,
SP 902,AERÓDROMO,LLF,EL LLANO,NAYARIT,COMPOSTELA,DIURNO,SERVICIO PARTICULAR,TERRESTRE,2-A,"H. AYUNTAMIENTO CONSTITUCIONAL DE COMPOSTELA, NAYARIT",12.00,,21,4,48.00,105,13,20.00,NO APLICA,NO APLICA,"1,050.00",18.00,ASFALTO,31/01/2001,5 AÑOS,31/01/2006,ENE,2006,NO,INOPERATIVO,"AEROPUERTO DE TEPIC, NAYARIT",,,,,,
SP 903,AERÓDROMO,SIN,SANTA INES,BAJA CALIFORNIA,ENSENADA,DIURNO,SERVICIO PARTICULAR,TERRESTRE,2-B,DAVID ACOSTA MONTOYA,609.00,NAD 27,29,43,39.00,114,41,36.00,NO APLICA,NO APLICA,"1,100.00",30.00,ASFALTO,02/02/2004,5 AÑOS,02/02/2009,JUN,2010,NO,INOPERATIVO,"AEROPUERTO INTERNACIONAL DE ENSENADA, BAJA CALIFORNIA",,,,,,
SP 904,AERÓDROMO,RPH,EL PILLAJE,NUEVO LEÓN,ANAHUAC,DIURNO,SERVICIO PARTICULAR,TERRESTRE,1-B,"OPERADORA EL PILLAJE, S.A. DE C.V.",230.00,,27,41,7.03,100,11,21.55,2,20,"1,200.00",25.00,TERRACERÍA,04/05/2016,15 AÑOS,04/05/2031,MAY,2031,SI,VIGENTE,"AEROPUERTO INTERNACIONAL DEL NORTE, NUEVO LEON",,,,,,
SP 905,AERÓDROMO,LMF,LOS MARTIRES,BAJA CALIFORNIA SUR,MULEGE,DIURNO,SERVICIO PARTICULAR,TERRESTRE,1-A,"EL SOL, EL CULTIVO Y LA TIERRA, S.A. DE C,V,",73.00,WGS-84,27,21,17.17,113,13,20.21,10,28,"1,200.00",10.00,TERRACERÍA,04/11/2024,180 DIAS,04/05/2025,MAY,2025,NO,EN TRAMITE,"AEROPUERTO INTERNACIONAL DE LORETO, BAJA CALIFORNIA SUR",,,,,,
SP 906,AERÓDROMO,TGE  ,EL TIGRE,NUEVO LEÓN,ARAMBERRI,DIURNO,SERVICIO PARTICULAR,TERRESTRE,1-A,"H. AYUNTAMIENTO CONSTITUCIONAL DE ARAMBERRI, NUEVO LEON","1,690.00",WGS-84,23,59,34.50,99,59,54.00,1,19,800.00,20.00,TERRACERÍA,08/08/2024,180 DIAS,08/02/2025,FEB,2025,NO,EN TRAMITE,"AEROPUERTO INTERNACIONAL DE MONTERREY, NUEVO LEON",,,,,,
SP 907,AERÓDROMO,POK,HUAPOCA,CHIHUAHUA,CIUDAD MADERA,DIURNO,SERVICIO PARTICULAR,TERRESTRE,1-A,"RANCHO GANADERO HUAPOCA, S. DE R.L. DE C.V.","1,463.00",WGS-84,29,8,27.10,108,17,51.40,14,32,620.00,14.00,TERRACERÍA,09/08/2017,15 AÑOS,09/08/2032,AGO,2032,SI,VIGENTE,"AEROPUERTO INTERNACIONAL DE CHIHUAHUA, CHIHUAHUA",,,,,,
SP 908,AERÓDROMO ACUÁTICO,BCQ,BANCO CHINCHORRO,QUINTANA ROO,OTHON POMPEYO BLANO,DIURNO,SERVICIO PARTICULAR,ACUATICO,1-A,SEMARNAT,0.00,WGS-84,18,35,14.40,87,19,31.14,NO APLICA,NO APLICA,350.00,50.00,AGUA,09/05/2001,60 DÍAS,SIN AUTORIZACIÓN,JUL,2001,NO,INOPERATIVO,"AEROPUERTO INTERNACIONAL DE CHETUMAL, QUINTANA ROO",,,,,,
SP 909,AERÓDROMO,RLT,RANCHO LOS SOSA,CHIHUAHUA,ASCENCION,DIURNO,SERVICIO PARTICULAR,TERRESTRE,1-A,"SOCIEDAD DE PRODUCCION RURAL LOS SOSA, DE R.L.","1,230.00",,31,34,4.00,107,40,39.00,NO APLICA,NO APLICA,800.00,16.00,TERRACERÍA,SIN AUTORIZACIÓN,,SIN AUTORIZACIÓN,ENE,2008,NO,INOPERATIVO,"AEROPUERTO INTERNACIONAL DE CHIHUAHUA, CHIHUAHUA",,,,,,
SP 910,AERÓDROMO,CHF,CHAPOTAN,DURANGO,TAMAZULA,DIURNO,SERVICIO PARTICULAR,TERRESTRE,1-A,"LINEAS AEREAS DEL HUMAYA, S.A. DE C.V.",783.50,,24,46,42.00,106,51,53.00,NO APLICA,NO APLICA,310.00,18.00,TERRACERÍA,SIN AUTORIZACIÓN,,SIN AUTORIZACIÓN,ENE,2008,NO,INOPERATIVO,"AEROPUERTO INTERNACIONAL DE DURANGO, DURANGO",,,,,,
SP 911,AERÓDROMO,PAQ,PALMILLAS DEL RODEO,DURANGO,TAMAZULA,DIURNO,SERVICIO PARTICULAR,TERRESTRE,1-A,"LINEAS AEREAS DEL HUMAYA, S.A. DE C.V.","2,980.00",,24,54,47.00,106,46,18.00,NO APLICA,NO APLICA,290.00,12.00,TERRACERÍA,SIN AUTORIZACIÓN,,SIN AUTORIZACIÓN,ENE,2008,NO,INOPERATIVO,"AEROPUERTO INTERNACIONAL DE DURANGO, DURANGO",,,,,,
SP 912,AERÓDROMO,LDO,LO DE DIARTE,DURANGO,TOPIA,DIURNO,SERVICIO PARTICULAR,TERRESTRE,1-A,AMBROSIO RUIZ LOPEZ,"3,890.00",,25,8,49.00,106,51,56.00,NO APLICA,NO APLICA,290.00,10.00,TERRACERÍA,07/02/2005,180 DÍAS,07/08/2005,AGO,2005,NO,INOPERATIVO,"AEROPUERTO INTERNACIONAL DE DURANGO, DURANGO",,,,,,
SP 913,AERÓDROMO,LAF,LA LAGUNA,DURANGO,TAMAZULA,DIURNO,SERVICIO PARTICULAR,TERRESTRE,1-A,NOEL OJEDA OJEDA,976.00,,25,5,55.00,106,59,25.00,NO APLICA,NO APLICA,,,TERRACERÍA,10/07/2007,180 DÍAS,10/01/2008,ENE,2008,NO,INOPERATIVO,"AEROPUERTO INTERNACIONAL DE DURANGO, DURANGO",,,,,,
SP 914,AERÓDROMO,ELV,EL VIEJO,COAHUILA,VILLA HIDALGO,DIURNO,SERVICIO PARTICULAR,TERRESTRE,2-A,"MASE SERVICIOS Y CONSTRUCCIONES, S.A. DE C.V.",240.00,WGS-84,27,50,0.03,100,16,48.35,18,36,"1,400.00",20.00,TERRACERÍA,27/10/2016,15 AÑOS,27/10/2031,OCT,2031,SI,VIGENTE,"AEROPUERTO INTERNACIONAL DEL NORTE, NUEVO LEON",,,,,,
SP 915,AERÓDROMO,JMR,JUAN MURILLO,SINALOA,CRUZ DE ELOTA,DIURNO,SERVICIO PARTICULAR,TERRESTRE,1-A,JUAN FRANCISCO MURILLO GASTELUM,13.00,WGS-84,23,57,2.00,106,55,39.00,NO APLICA,NO APLICA,700.00,8.00,ASFALTO,13/03/2008,5 AÑOS,13/03/2013,MAR,2013,NO,INOPERATIVO,"AEROPUERTO INTERNACIONAL DE CULIACAN, SINALOA",,,,,,
SP 916,AERÓDROMO,MNA,MEDINA,SINALOA,CULIACAN,DIURNO,SERVICIO PARTICULAR,TERRESTRE,1-A,MARCO CESAR MEDINA URIARTE,30.00,WGS-84,24,35,17.90,107,22,9.00,NO APLICA,NO APLICA,700.00,15.00,TERRACERÍA,19/11/2014,15 AÑOS,19/11/2029,NOV,2029,SI,VIGENTE,"AEROPUERTO INTERNACIONAL DE CULIACAN, SINALOA",,,,,,
SP 917,AERÓDROMO,LEO,LEON'S,SINALOA,CRUZ DE ELOTA,DIURNO,SERVICIO PARTICULAR,TERRESTRE,1-A,C.P.A. LEON ABRAHAM BALLESTEROS LARA,20.00,WGS-84,23,58,51.00,106,56,59.00,7,25,600.00,8.00,TERRACERÍA,24/03/2009,5 AÑOS,24/03/2014,MAR,2014,NO,INOPERATIVO,"AEROPUERTO INTERNACIONAL DE CULIACAN, SINALOA",,,,,,
SP 918,AERÓDROMO,MDD,SANTA ROSALIA,GUANAJUATO,LEÓN,DIURNO,SERVICIO PARTICULAR,TERRESTRE,2-B,"LOS RUISEÑORES, S.P.R. DE R.I.","1,790.00",,21,1,49.00,101,40,5.00,NO APLICA,NO APLICA,800.00,15.00,TERRACERÍA,24/01/2001,90 DÍAS,SIN AUTORIZACIÓN,ABR,2001,NO,INOPERATIVO,"AEROPUERTO INTERNACIONAL DE GUANAJUATO, GUANAJUATO",,,,,,
SP 919,AERÓDROMO,LMR,LA MESA DEL RODEO,DURANGO,TAMAZULA,DIURNO,SERVICIO PARTICULAR,TERRESTRE,1-A,FAUSTINO MEZA LOPEZ,636.00,WGS-84,24,46,1.44,106,40,1.33,NO APLICA,NO APLICA,,,TERRACERÍA,SIN AUTORIZACIÓN,,SIN AUTORIZACIÓN,JUL,2009,NO,INOPERATIVO,"AEROPUERTO INTERNACIONAL DE DURANGO, DURANGO",,,,,,
SP 920,AERÓDROMO,LSP,LOS PERROS,ZACATECAS,VILLA DE COS,DIURNO,SERVICIO PARTICULAR,TERRESTRE,1-A,HOMERO LARA FELIX,NO DISPONIBLE,,23,10,48.00,102,28,24.00,NO APLICA,NO APLICA,800.00,15.00,TERRACERÍA,SIN AUTORIZACIÓN,,SIN AUTORIZACIÓN,ENE,1995,NO,INOPERATIVO,"AEROPUERTO INTERNACIONAL DE GUADALAJARA, JALISCO",,,,,,
SP 921,AERÓDROMO,CVR,CALERA,ZACATECAS,CALERA,DIURNO,SERVICIO PARTICULAR,TERRESTRE,1-A,HOMERO LARA FELIX,NO DISPONIBLE,,22,56,48.00,102,42,6.00,NO APLICA,NO APLICA,800.00,15.00,TERRACERÍA,SIN AUTORIZACIÓN,,SIN AUTORIZACIÓN,ENE,1995,NO,INOPERATIVO,"AEROPUERTO INTERNACIONAL DE ZACATECAS, ZACATECAS",,,,,,
SP 922,AERÓDROMO,RAF,RANCHO SAN RAFAEL,ZACATECAS,FRESNILLO,DIURNO,SERVICIO PARTICULAR,TERRESTRE,2-A,HOMERO LARA FELIX,NO DISPONIBLE,,23,12,54.00,103,19,54.00,NO APLICA,NO APLICA,"1,000.00",15.00,TERRACERÍA,SIN AUTORIZACIÓN,,SIN AUTORIZACIÓN,ENE,1995,NO,INOPERATIVO,"AEROPUERTO INTERNACIONAL DE ZACATECAS, ZACATECAS",,,,,,
SP 923,AERÓDROMO,APV,PANCHO VILLA,CAMPECHE,PALIZADA,DIURNO,SERVICIO PARTICULAR,TERRESTRE,1-A,JORGE ATILANO AYALA MENENDEZ,10.00,NAD 27,17,59,34.20,91,45,26.40,NO APLICA,NO APLICA,800.00,24.00,TERRACERÍA,22/11/2006,180 DÍAS,22/05/2007,MAY,2007,NO,INOPERATIVO,"AEROPUERTO INTERNACIONAL DE CIUDAD DEL CARMEN, CAMPECHE",,,,,,
SP 924,AERÓDROMO,SAH,SAHUARIPA,SONORA,SAHUARIPA,DIURNO,SERVICIO PARTICULAR,TERRESTRE,1-A,C.P.A. HERMES MARTIN BIEBRICH GUEVARRA,536.00,WGS-84,29,1,49.20,109,15,20.30,6,24,"2,200.00",45.00,ASFALTO,26/07/2018,15 AÑOS ,26/07/2033,JUL,2033,SI ,VIGENTE,"AEROPUERTO INTERNACIONAL DE HERMOSILLO, SONORA",,,,,,
SP 925,AERÓDROMO,ETI,RANCHO EL TIRO,SONORA,TRINCHERAS,DIURNO,SERVICIO PARTICULAR,TERRESTRE,1-A,"MINERA SECOTEC, S.A. DE C.V.",700.00,,30,17,27.00,111,44,29.00,NO APLICA,NO APLICA,700.00,12.00,TERRACERÍA,31/01/2001,5 AÑOS,31/01/2006,ENE,2006,NO,INOPERATIVO,"AEROPUERTO INTERNACIONAL DE HERMOSILLO, SONORA",,,,,,
SP 926,AERÓDROMO,RTL,RANCHO EL TULE,CHIHUAHUA,CUSIHUIRIACHI,DIURNO,SERVICIO PARTICULAR,TERRESTRE,1-A,ARTEMIO FONTES LUGO,"1,874.00",WGS-84,28,7,3.00,106,46,40.00,20,20,720.00,12.00,TERRACERÍA,05/08/2016,15 AÑOS,05/08/2031,AGO,2031,SI,VIGENTE,"AEROPUERTO INTERNACIONAL DE CHIHUAHUA, CHIHUAHUA",,,,,,
SP 927,AERÓDROMO,CPQ,COPALQUIN,DURANGO,TAMAZULA,DIURNO,SERVICIO PARTICULAR,TERRESTRE,1-A,HECTOR RUBIO ORONA,"1,157.00",WGS-84,25,31,6.87,107,4,48.98,NO APLICA,NO APLICA,360.00,16.00,TERRACERÍA,12/03/2008,180 DÍAS,12/09/2008,SEP,2008,NO,INOPERATIVO,"AEROPUERTO INTERNACIONAL DE DURANGO, DURANGO",,,,,,
SP 928,AERÓDROMO,RNT,RANCHO SANTA ANA,CHIHUAHUA,ALDAMA,DIURNO,SERVICIO PARTICULAR,TERRESTRE,1-A,"COMPAÑIA AGROINDUSTRIAL SANTA ANA, S.A. DE C.V.","1,258.00",,28,51,48.00,105,54,47.00,NO APLICA,NO APLICA,530.00,11.00,TERRACERÍA,20/03/2007,180 DÍAS,20/09/2007,SEP,2007,NO,INOPERATIVO,"AEROPUERTO INTERNACIONAL DE CHIHUAHUA, CHIHUAHUA",,,,,,
SP 929,AERÓDROMO,RUL,RANCHO EL CHICURAL,SONORA,TESOPACO,DIURNO,SERVICIO PARTICULAR,TERRESTRE,1-A,ROQUE CORNEJO BASCON,915.00,,26,28,23.00,108,56,3.00,NO APLICA,NO APLICA,500.00,18.00,TERRACERÍA,SIN AUTORIZACIÓN,,SIN AUTORIZACIÓN,ENE,1995,NO,INOPERATIVO,"AEROPUERTO INTERNACIONAL DE HERMOSILLO, SONORA",,,,,,
SP 930,AERÓDROMO,CSE,CAMPO CEUTA,SINALOA,ELOTA,DIURNO,SERVICIO PARTICULAR,TERRESTRE,1-A,"AGRICOLA TARRIBA, S. DE R.L. DE C.V.",5.00,,23,53,20.00,106,55,10.00,NO APLICA,NO APLICA,850.00,10.00,TERRACERÍA,21-Jul-99,60 DÍAS,SIN AUTORIZACIÓN,SEP,1999,NO,INOPERATIVO,"AEROPUERTO INTERNACIONAL DE CULIACAN, SINALOA",,,,,,
SP 931,AERÓDROMO,FGD,PISTA EL ALAMO,SINALOA,CULIACAN,DIURNO,SERVICIO PARTICULAR,TERRESTRE,1-A,BLANCA OLIVIA CAZAREZ ANGULO,7.00,WGS-84,24,40,39.00,107,47,20.20,8,26,900.00,10.00,ASFALTO,17/10/2025,180 DIAS,17/04/2026,ABR,2026,NO,EN TRAMITE,"AEROPUERTO INTERNACIONAL DE CULIACAN, SINALOA",,,,,,
SP 932,AERÓDROMO,FAR,PISTA AEREA JOSE GALINDO,SINALOA,CULIACAN,DIURNO,SERVICIO PARTICULAR,TERRESTRE,1-A,JOSE SALVADOR GALINDO RUIZ,NO DISPONIBLE,NAD 27,24,28,15.00,107,22,10.00,NO APLICA,NO APLICA,,,TERRACERÍA,25-Mar-09,180 DÍAS,25-Sep-09,sep,2009,NO,INOPERATIVO,"AEROPUERTO INTERNACIONAL DE CULIACAN, SINALOA",,,,,,
SP 933,AERÓDROMO,TOR,TORREON,BAJA CALIFORNIA,MEXICALI,DIURNO,SERVICIO PARTICULAR,TERRESTRE,1-A,GERMAN CASTRO LARIOS,22.00,WGS-84,32,35,47.00,114,56,45.00,17,35,600.00,12.00,TERRACERÍA,13/03/2008,5 AÑOS,13/03/2013,MAR,2013,NO,INOPERATIVO,"AEROPUERTO INTERNACIONAL DE MEXICALI, BAJA CALIFORNIA",,,,,,
HP 934,HELIPUERTO,HSP,PALMORE,CHIHUAHUA,CHIHUAHUA,DIURNO,SERVICIO PARTICULAR,TERRESTRE,H-1,"SANATORIO PALMORE, A.C.","1,460.00",WGS-84,28,37,7.25,106,5,23.69,,,,,,06/12/2016,180 DÍAS,06/06/2017,JUN,2017,NO,INOPERATIVO,"AEROPUERTO INTERNACIONAL DE CHIHUAHUA, CHIHUAHUA",,,,,,
SP 935,AERÓDROMO,LFS,LOS FRAILES,BAJA CALIFORNIA SUR,SAN JOSÉ DEL CABO,DIURNO,SERVICIO PARTICULAR,TERRESTRE,1-A,CABAÑAS DE LA BAHÍA S. DE R.L. DE C.V.,28.00,WGS-84,23,22,5.00,109,25,57.00,NO APLICA,NO APLICA,800.00,20.00,TERRACERÍA,29/10/2013,15 AÑOS,29/10/2028,OCT,2028,SI,VIGENTE,"AEROPUERTO INTERNACIONAL DE LOS CABOS, BAJA CALIFORNIA SUR",,,,,,
SP 936,AERÓDROMO,PFL,PUNTA FINAL,BAJA CALIFORNIA,ENSENADA,DIURNO,SERVICIO PARTICULAR,TERRESTRE,1-A,"PUNTA FINAL, S.A. DE C.V.",3.00,WGS-84,29,44,13.59,114,18,40.25,2,20,800.00,15.00,TERRACERÍA,15/07/2015,15 AÑOS,15/07/2030,JUL,2030,SI,VIGENTE,"AEROPUERTO INTERNACIONAL DE ENSENADA, BAJA CALIFORNIA",,,,,,
SP 937,AERÓDROMO,LKE,LA CALERA,SONORA,AGUA PRIETA,DIURNO,SERVICIO PARTICULAR,TERRESTRE,3-C,H. AYUNTAMIENTO DE AGUA PRIETA,"1,284.00",WGS-84,31,15,4.00,109,36,29.00,16,34,"1,450.00",29.00,ASFALTO,27/11/2018,15 AÑOS,27/11/2033,NOV,2033,SI,VIGENTE,"AEROPUERTO INTERNACIONAL DE NOGALES, SONORA",,,,,,
SP 938,AERÓDROMO,LCA,LA CAMPANA,BAJA CALIFORNIA SUR,LA PAZ,DIURNO,SERVICIO PARTICULAR,TERRESTRE,1-A,"AGRODELICIAS DE LA BAJA SUR, S.A. DE C.V.",220.00,WGS-84,23,46,34.00,110,16,16.00,NO APLICA,NO APLICA,600.00,12.00,TERRACERÍA,10/04/2008,45 DÍAS,SIN AUTORIZACIÓN,MAY,2008,NO,INOPERATIVO,"AEROPUERTO INTERNACIONAL DE LA PAZ, BAJA CALIFORNIA SUR",,,,,,
HP 939,HELIPUERTO,HWR,RIO BLANCO,QUINTANA ROO,COZUMEL,DIURNO,SERVICIO PARTICULAR,SUPERFICIE,H-1,"RIO BLANCO HELI TOURS, S.A. DE C.V.",7.00,,20,29,9.40,86,58,7.10,,,,,,11/04/2001,90 DÍAS,SIN AUTORIZACIÓN,JUL,2001,NO,INOPERATIVO,"AEROPUERTO INTERNACIONAL DE COZUMEL, QUINTANA ROO",,,,,,
HP 940,HELIPUERTO,HIW,IUSA II,ESTADO DE MEXICO,JOCOTITLAN,DIURNO,SERVICIO PARTICULAR,SUPERFICIE,H-1,"INDUSTRIAS UNIDAS, S.A DE C.V.","2,549.00",WGS-84,19,38,14.34,99,46,58.42,,,,,,31/10/2018,15 AÑOS,31/10/2033,OCT,2033,SI,VIGENTE ,"AEROPUERTO INTERNACIONAL DE TOLUCA, ESTADO DE MEXICO",,,,,,
SP 941,AERÓDROMO,YPN,YOPORI NORTE,SONORA,NAVOJOA,DIURNO,SERVICIO PARTICULAR,TERRESTRE,1-A,JOSE CRISPIN SALAZAR ZAMORANO,152.00,WGS-84,26,51,6.00,109,14,23.75,NO APLICA,NO APLICA,600.00,30.00,TERRACERÍA,18/05/2000,5 AÑOS,18/05/2005,MAY,2005,NO,INOPERATIVO,"AEROPUERTO INTERNACIONAL DE CIUDAD OBREGON, SONORA",,,,,,
SP 942,AERÓDROMO,MSP,VALLE DE LOS AHUEHUETES,PUEBLA,TLAPANACA,DIURNO,SERVICIO PARTICULAR,TERRESTRE,1-A,"VALLE DE LOS AHUEHUETES, S.A. DE C.V.","1,411.00",,18,40,28.00,98,30,49.00,NO APLICA,NO APLICA,700.00,12.00,ASFALTO,SIN AUTORIZACIÓN,,SIN AUTORIZACIÓN,ENE,2008,NO,INOPERATIVO,"AEROPUERTO INTERNACIONAL ""HERMANOS SERDÁN"" DE HUEJOTZINGO, PUE.",,,,,,
SP 943,AERÓDROMO,TBO,PISTA TOBOLOTO,SINALOA,CULIACAN,DIURNO,SERVICIO PARTICULAR,TERRESTRE,1-A,"AGRICOLA LA PRIMAVERA, S.A. DE C.V.",50.00,,24,44,30.00,107,44,45.00,NO APLICA,NO APLICA,670.00,16.00,TERRACERÍA,15/08/2000,5 AÑOS,15/08/2005,AGO,2005,NO,INOPERATIVO,"AEROPUERTO INTERNACIONAL DE CULIACAN, SINALOA",,,,,,
SP 944,AERÓDROMO,CND,CIELITO LINDO,BAJA CALIFORNIA,ENSENADA,DIURNO,SERVICIO PARTICULAR,TERRESTRE,1-A,"CIELITO LINDO, S.A. ",5.00,WGS-84,30,24,38.50,115,55,13.70,NO APLICA,NO APLICA,650.00,15.00,TERRACERÍA,08/04/2005,180 DÍAS,08/10/2005,OCT,2005,NO,INOPERATIVO,"AEROPUERTO INTERNACIONAL DE TIJUANA, BAJA CALIFORNIA",,,,,,
SP 945,AERÓDROMO,LZS,LOS AZTECAS I,TAMAULIPAS,CIUDAD MANTE,DIURNO,SERVICIO PARTICULAR,TERRESTRE,1-A,"COALICION NACIONAL DE PILOTOS PROPIETARIOS DE AVIONES AGRÍCOLAS, A.C.",24.00,,22,30,11.00,98,35,53.00,13,31,"1,000.00",8.00,TERRACERÍA,16/01/2006,5 AÑOS,16/01/2011,ENE,2011,NO,INOPERATIVO,"AEROPUERTO INTERNACIONAL DE TAMPICO, TAMAULIPAS",,,,,,
SP 946,AERÓDROMO,MTB,MATANCITAS,BAJA CALIFORNIA SUR,COMONDÚ,DIURNO,SERVICIO PARTICULAR,TERRESTRE,2-A,PRODUCTOS PESQUEROS DE MATANCITAS S.A. DE C.V.,2.00,WGS-84,25,11,49.00,112,6,49.00,10,28,"1,220.00",18.00,TERRACERÍA,09/11/2018,15 AÑOS,09/11/2033,NOV,2033,SI,VIGENTE ,"AEROPUERTO INTERNACIONAL DE LORETO, BAJA CALIFORNIA SUR",,,,,,
SP 947,AERÓDROMO,SQA,SAN PEDRO DE LA CUEVA,SONORA,SAN PEDRO DE LA CUEVA,DIURNO,SERVICIO PARTICULAR Y A TERCEROS,TERRESTRE,2-A,H. AYUNTAMIENTO DE SAN PEDRO DE LA CUEVA,368.00,WGS-84,29,17,19.48,109,45,2.40,16,34,"1,300.00",13.00,ASFALTO,23/08/2016,15 AÑOS,23/08/2031,AGO,2031,SI,VIGENTE,"AEROPUERTO INTERNACIONAL DE HERMOSILLO, SONORA",,,,,,
SP 948,AERÓDROMO,SFP,PISTA SAN FRANCISCO,SINALOA,CULIACAN,DIURNO,SERVICIO PARTICULAR,TERRESTRE,1-A,JOSÉ FRANCISCO RUIZ BUSTAMANTE,50.00,WGS-84,24,22,23.86,107,10,29.82,6,24,500.00,8.00,TERRACERÍA,17/11/2017,180 DÍAS,17/05/2018,MAY,2018,NO,INOPERATIVO,"AEROPUERTO INTERNACIONAL DE CULIACAN, SINALOA",,,,,,
SP 949,AERÓDROMO,SSB,SAN SEBASTIAN,JALISCO,SAN SEBASTIAN DEL OESTE,DIURNO,SERVICIO PARTICULAR,TERRESTRE,1-B,MICHEL BEUFFE GILBERT,"1,290.00",,20,45,59.00,104,52,3.00,NO APLICA,NO APLICA,750.00,18.00,TERRACERÍA,04/04/2011,180 DÍAS,04/10/2011,OCT,2011,NO,INOPERATIVO,"AEROPUERTO INTERNACIONAL DE PUERTO VALLARTA, JALISCO",,,,,,
SP 950,AERÓDROMO,TLJ,TRINIDAD RAMOS VALDEZ,JALISCO,TALPA DE ALLENDE,DIURNO,SERVICIO PARTICULAR,TERRESTRE,2-A,MUNICIPIO DE  TALPA DE ALLENDE,"1,158.00",,20,22,14.00,104,49,34.00,16,34,"1,200.00",20.00,ASFALTO,23/07/2009,180 DÍAS,23/01/2010,ENE,2010,NO,EN TRAMITE,"AEROPUERTO INTERNACIONAL DE PUERTO VALLARTA, JALISCO",,,,,,
SP 951,AERÓDROMO,MAS,GRAL.GONZALO CURIEL GARCIA ,JALISCO,MASCOTA,DIURNO,SERVICIO PARTICULAR,TERRESTRE,1-A,JESUS CARLOS ROBLES CONTRERAS,"1,167.00",NAD 27,20,32,17.00,104,48,14.00,NO APLICA,NO APLICA,600.00,9.00,TERRACERÍA,19/11/2010,180 DÍAS,19/05/2011,MAY,2011,NO,EN TRAMITE,"AEROPUERTO INTERNACIONAL DE GUADALAJARA, JALISCO",,,,,,
SP 952,AERÓDROMO,CHM,CHAMELA,JALISCO,LA HUERTA,DIURNO,SERVICIO PARTICULAR Y A TERCEROS,TERRESTRE,2-A,ECODESARROLLOS DEL PACÍFICO S. DE R.L. DE C.V.,7.00,WGS-84,19,32,3.00,105,4,33.00,13,31,"1,130.00",18.00,TERRACERÍA,08/02/2021,15 AÑOS,08/02/2036,FEB,2036,SI,VIGENTE ,"AEROPUERTO INTERNACIONAL DE MANZANILLO, COLIMA",,,,,,
SP 953,AERÓDROMO,PAS,SAN LORENZO,COAHUILA,PARRAS DE LA FUENTE,DIURNO,SERVICIO PARTICULAR,TERRESTRE,2-A,"POSADA CASA GRANDE, S.A. ","1,370.00",WGS-84,25,30,20.79,102,12,7.21,10,28,"2,060.00",18.00,ASFALTO,14/01/2019,15 AÑOS,14/01/2034,ENE,2034,SI ,VIGENTE,"AEROPUERTO INTERNACIONAL DE MONCLOVA, COAHUILA",,,,,,
SP 954,AERÓDROMO,ELX,EL POTRERO,NAYARIT,LA YESCA,DIURNO,SERVICIO PARTICULAR,TERRESTRE,1-A,"H. AYUNTAMIENTO CONSTITUCIONAL DE LA YESCA, NAY.","1,200.00",,21,20,26.00,104,19,0.00,NO APLICA,NO APLICA,300.00,45.00,TERRACERÍA,31/07/2003,180 DÍAS,31/01/2004,ENE,2004,NO,INOPERATIVO,"AEROPUERTO DE TEPIC, NAYARIT",,,,,,
SP 955,AERÓDROMO,FCQ,FELIPE CARRILLO PUERTO,QUINTANA ROO,FELIPE CARRILLO PUERTO,DIURNO,SERVICIO PARTICULAR,TERRESTRE,1-A,"VIP SERVICIOS AEREOS EJECUTIVOS, S.A. DE C.V.",20.00,WGS-84,19,36,37.00,88,4,27.00,10,28,"1,000.00",24.00,ASFALTO,21/01/2014,15 AÑOS,21/01/2029,ENE,2029,SI,VIGENTE,"AEROPUERTO INTERNACIONAL DE CHETUMAL, QUINTANA ROO",,,,,,
SP 956,AERÓDROMO,JCS,JESUS JAVIER CASTRO SOTO,SINALOA,GUASAVE,DIURNO,SERVICIO PARTICULAR,TERRESTRE,1-A,ALBERTO RODRIGUEZ BECERRA,10.00,,25,32,5.00,108,35,6.60,NO APLICA,NO APLICA,809.00,5.80,MIXTA CONCRETO Y TERRENO NATURAL,25/07/2008,5 AÑOS,25/07/2013,JUL,2013,NO,INOPERATIVO,"AEROPUERTO INTERNACIONAL DE LOS MOCHIS, SINALOA",,,,,,
HP 957,BARCO-HELIPUERTO,HKS,ARKOS II CHIAPAS,CHIAPAS,TAPACHULA,DIURNO,SERVICIO PARTICULAR,HELIPUERTO MIXTO,H-1,"HERSEA, S.A. DE C.V.",0.00,NO APLICA,NO APLICA,NO APLICA,NO APLICA,NO APLICA,NO APLICA,NO APLICA,,,,,,15/07/2005,5 AÑOS,15/07/2010,JUL,2010,NO,INOPERATIVO,"AEROPUERTO INTERNACIONAL DE TAPACHULA, CHIAPAS",,,,,,
SP 958,AERÓDROMO,SMZ,SANTA MARIA AGRICOLA,SINALOA,GUASAVE,DIURNO,SERVICIO PARTICULAR,TERRESTRE,1-A,"SANTA MARIA AGRICOLA, S.P.R. DE R.I.",28.00,WGS-84,25,36,14.00,108,18,12.00,NO APLICA,NO APLICA,680.00,15.00,ASFALTO,SIN AUTORIZACIÓN,,SIN AUTORIZACIÓN,JUL,2009,NO,INOPERATIVO,"AEROPUERTO INTERNACIONAL DE LOS MOCHIS, SINALOA",,,,,,
SP 959,AERÓDROMO,CVE,CALAVERAS,DURANGO,CIUDAD LERDO,DIURNO,SERVICIO PARTICULAR,TERRESTRE,2-B,MARIANO GARCIA ORIHUELA,"1,138.00",WGS-84,25,32,41.00,103,32,54.00,NO APLICA,NO APLICA,810.00,8.00,MIXTA ASFALTO Y TERRACERIA,01/04/2009,180 DÍAS,01/10/2009,DIC,2010,NO,INOPERATIVO,"AEROPUERTO INTERNACIONAL DE DURANGO, DURANGO",,,,,,
SP 960,AERÓDROMO,LED,LA ESMERALDA,VERACRUZ,COSAMALOAPAN,DIURNO,SERVICIO PARTICULAR,TERRESTRE,1-A,JESUS ARGUETA IZARRARAS,35.00,NAD 27,18,17,40.00,96,1,43.00,NO APLICA,NO APLICA,700.00,9.00,TERRACERÍA,04/08/2008,180 DÍAS,04/02/2009,FEB,2009,NO,INOPERATIVO,"AEROPUERTO INTERNACIONAL DE VERACRUZ, VERACRUZ",,,,,,
HP 961,HELIPUERTO,HIV,ISSSTE VERACRUZ,VERACRUZ,VERACRUZ,DIURNO,SERVICIO PARTICULAR,SUPERFICIE,H-1,INSTITUTO DE SEGURIDAD Y SERVICIOS SOCIALES DE LOS TRABAJADORES DEL ESTADO (ISSSTE),29.00,WGS-84,19,10.00,18.60,96,8.00,5.50,,,,,,SIN AUTORIZACIÓN,,SIN AUTORIZACIÓN,ENE,2012,NO,EN TRAMITE,"AEROPUERTO INTERNACIONAL DE VERACRUZ, VERACRUZ",,,,,,
SP 962,AERÓDROMO,AGC,AGRICOLA Y GANADERA GUSALO,SINALOA,GUASAVE,DIURNO,SERVICIO PARTICULAR,TERRESTRE,1-B,AGRICOLA Y GANADERA GUSALO S.R.L. DE R.L.,20.00,,25,41,6.50,108,17,5.70,NO APLICA,NO APLICA,722.00,22.00,TERRACERÍA,27/07/2011,5 AÑOS,27/07/2016,JUL,2016,NO,INOPERATIVO,"AEROPUERTO INTERNACIONAL DE LOS MOCHIS, SINALOA",,,,,,
HP 963,HELIPUERTO,HTZ,TORRE ZAPOPAN,JALISCO,ZAPOPAN,DIURNO,SERVICIO PARTICULAR,ELEVADO,H-1,"PERSONAS Y PAQUETES POR AIRE, S.A. DE C.V.","1,680",WGS-84,20,42,26.60,103,24,55.20,,,,,,SIN AUTORIZACIÓN,,SIN AUTORIZACIÓN,,,NO,INOPERATIVO,"AEROPUERTO INTERNACIONAL DE GUADALAJARA, JALISCO",,,,,,
SP 964,AERÓDROMO,PLX,PLATANO,DURANGO,TAMAZULA,DIURNO,SERVICIO PARTICULAR,TERRESTRE,1-A,LEONARDO TORRES MOTA,"1,125.00",,25,31,21.00,107,6,47.00,NO APLICA,NO APLICA,340.00,8.00,TERRACERÍA,13/06/2003,90 DÍAS,13/09/2003,SEP,2003,NO,INOPERATIVO,"AEROPUERTO INTERNACIONAL DE DURANGO, DURANGO",,,,,,
SP 965,AERÓDROMO,BST,BASTANTITA,DURANGO,TAMAZULA,DIURNO,SERVICIO PARTICULAR,TERRESTRE,1-A,LEOCADIA ZARABIA RAMIREZ,"2,255.00",,25,24,46.00,107,3,9.00,NO APLICA,NO APLICA,600.00,10.00,TERRACERÍA,17/12/2001,90 DÍAS,SIN AUTORIZACIÓN,MAR,2002,NO,INOPERATIVO,"AEROPUERTO INTERNACIONAL DE DURANGO, DURANGO",,,,,,
HP 966,HELIPUERTO,,HELIPUERTO SECRETARIA DE SEGURIDAD PUBLICA,NUEVO LEÓN,MONTERREY,DIURNO,SERVICIO PARTICULAR,SUPERFICIE,H-1,"PROCURADURIA GENERAL DE JUSTICIA, GOBIERNO DEL ESTADO DE NUEVO LEÓN",557.00,WGS-84,25,42,13.00,100,21,6.00,,,,,,SIN AUTORIZACIÓN,,SIN AUTORIZACIÓN,ENE,2008,NO,INOPERATIVO,"AEROPUERTO INTERNACIONAL DE MONTERREY, NUEVO LEON",,,,,,
SP 967,AERÓDROMO,CED,CEDROS,ZACATECAS,MAZAPIL,DIURNO,SERVICIO PARTICULAR Y A TERCEROS,TERRESTRE,3-C,MINERA PEÑASQUITO S.A. DE C.V.,"1,692.00",WGS-84,24,37,57.20,101,48,21.40,6,24,"2,000.00",30.00,ASFALTO,01/10/2015,15 AÑOS,01/10/2030,OCT,2030,SI,VIGENTE,"AEROPUERTO INTERNACIONAL DE ZACATECAS, ZACATECAS",,,,,,
SP 968,AERÓDROMO,COG,CERRO DE ORTEGA,COLIMA,TECOMAN,DIURNO,SERVICIO PARTICULAR,TERRESTRE,1-A,MARTHA EDITH ALVAREZ DEL TORO,15.00,,18,51,23.00,103,53,6.00,NO APLICA,NO APLICA,720.00,30.00,ASFALTO,16/05/2012,180 DÍAS,16/11/2012,NOV,2012,NO,INOPERATIVO,AEROPUERTO NACIONAL DE COLIMA,,,,,,
SP 969,AERÓDROMO,MRB,MARABASCO,COLIMA,MANZANILLO,DIURNO,SERVICIO PARTICULAR,TERRESTRE,1-A,CARLOS TERRIQUEZ RODRIGUEZ,50.00,,19,13,17.00,104,31,56.00,NO APLICA,NO APLICA,700.00,20.00,TERRACERÍA,06/04/2006,180 DÍAS,06/10/2006,OCT,2006,NO,INOPERATIVO,"AEROPUERTO INTERNACIONAL DE MANZANILLO, COLIMA",,,,,,
SP 970,AERÓDROMO,CYR,EL COLOMO Y LA ARENA,COLIMA,MANZANILLO,DIURNO,SERVICIO PARTICULAR,TERRESTRE,1-A,LUIS SUAREZ ALCOCER,60.00,,19,1,59.00,104,13,17.00,NO APLICA,NO APLICA,550.00,20.00,TERRACERÍA,29/05/2001,60 DÍAS,SIN AUTORIZACIÓN,JUN,2001,NO,INOPERATIVO,"AEROPUERTO INTERNACIONAL DE MANZANILLO, COLIMA",,,,,,
SP 971,AERÓDROMO,JPV,JUAN PERDOMO MEDINA,VERACRUZ,CUITLAHUAC,DIURNO,SERVICIO PARTICULAR,TERRESTRE,2-C,LUIS ARTURO PERDOMO CASTRO,442.00,,18,47,27.00,96,47,0.00,NO APLICA,NO APLICA,"1,300.00",25.00,TERRACERÍA,20/08/1999,180 DÍAS,SIN AUTORIZACIÓN,FEB,2000,NO,INOPERATIVO,"AEROPUERTO INTERNACIONAL DE VERACRUZ, VERACRUZ",,,,,,
SP 972,AERÓDROMO,SCK,RANCHO SAN CARLOS,TAMAULIPAS,SOTO LA MARINA,DIURNO,SERVICIO PARTICULAR,TERRESTRE,1-A,GUILLERMO OSUNA VILLAR,140.00,WGS-84,23,30,37.00,97,57,37.00,NO APLICA,NO APLICA,"1,000.00",10.00,TERRACERÍA,05/12/2006,180 DÍAS,05/06/2007,JUN,2007,NO,INOPERATIVO,"AEROPUERTO DE CIUDAD VICTORIA, TAMAULIPAS",,,,,,
SP 973,AERÓDROMO,ECE,EL CEDRITO,COAHUILA,CIUDAD ACUÑA,DIURNO,SERVICIO PARTICULAR,TERRESTRE,2-A,ANTONIO MARIO FERNANDEZ QUIROGA,942.00,WGS-84,29,12,57.00,101,53,18.00,7,25,810.00,12.00,TERRACERÍA,25/03/2008,5 AÑOS,25/03/2013,MAR,2013,NO,INOPERATIVO,"AEROPUERTO INTERNACIONAL DE CIUDAD ACUÑA, COAHUILA",,,,,,
SP 974,AERÓDROMO,POX,EL POZO,VERACRUZ,MARTINEZ DE LA TORRE,DIURNO,SERVICIO PARTICULAR,TERRESTRE,1-A,GILBERTO PATIÑO LAGUNES,NO DISPONIBLE,NAD 27,20,9,36.00,96,52,36.00,NO APLICA,NO APLICA,600.00,12.00,TERRACERÍA,31/01/2001,60 DÍAS,SIN AUTORIZACIÓN,MAR,2001,NO,INOPERATIVO,"AEROPUERTO INTERNACIONAL DE VERACRUZ, VERACRUZ",,,,,,
SP 975,AERÓDROMO,CDW,CERRO DE ENMEDIO,COAHUILA,ARTEAGA,DIURNO,SERVICIO PARTICULAR,TERRESTRE,1-A,MIGUEL GUAJARDO GARCIA AZPIROZ,"2,040.00",,25,17,45.00,100,46,50.00,NO APLICA,NO APLICA,875.00,20.00,TERRACERÍA,11/04/2006,180 DÍAS,11/10/2006,OCT,2006,NO,INOPERATIVO,"AEROPUERTO INTERNACIONAL ""PLAN DE GUADALUPE"" DE RAMOS ARIZPE, COAH.",,,,,,
SP 976,AERÓDROMO,PEA,PARRAS EL ALTO,COAHUILA,PARRAS DE LA FUENTE,DIURNO,SERVICIO PARTICULAR,TERRESTRE,1-A,MIGUEL GUAJARDO GARCIA,"1,698.00",,25,22,32.00,101,53,54.00,NO APLICA,NO APLICA,720.00,20.00,TERRACERÍA,09/08/2002,60 DÍAS,SIN AUTORIZACIÓN,OCT,2002,NO,INOPERATIVO,"AEROPUERTO INTERNACIONAL ""PLAN DE GUADALUPE"" DE RAMOS ARIZPE, COAH.",,,,,,
SP 977,AERÓDROMO,CDT,CIENEGA DEL TORO,NUEVO LEÓN,GALEANA,DIURNO,SERVICIO PARTICULAR,TERRESTRE,1-A,"PARRAS EL ALTO, S.P.R. DE R.L.","2,150.00",,25,5,50.00,100,19,0.00,NO APLICA,NO APLICA,"1,012.00",20.00,TERRACERÍA,SIN AUTORIZACIÓN,,SIN AUTORIZACIÓN,ENE,1996,NO,INOPERATIVO,"AEROPUERTO INTERNACIONAL ""PLAN DE GUADALUPE"" DE RAMOS ARIZPE, COAH.",,,,,,
SP 978,AERÓDROMO,ICS,ISAAC CASTRO SAHADE,QUERETARO,TEQUISQUIAPAN,DIURNO,SERVICIO PARTICULAR,TERRESTRE,1-A,ISAAC CASTRO SAHADE,"1,952.00",WGS-84,20,37,25.00,99,58,10.10,18,36,300.00,12.00,TERRACERÍA,28/11/2016,15 AÑOS,28/11/2031,NOV,2031,SI,VIGENTE,AEROPUERTO INTERCONTINENTAL DE QUERÉTARO.,,,,,,
SP 979,AERÓDROMO,NUH,NUEVO HORIZONTE,CHIHUAHUA,BOCOYNA,DIURNO,SERVICIO PARTICULAR,TERRESTRE,3-A,"NUEVO HORIZONTE INTERNACIONAL, S.A DE C.V.","2,316.00",,27,43,20.00,107,38,52.00,NO APLICA,NO APLICA,"2,600.00",25.00,TERRACERÍA,SIN AUTORIZACIÓN,,SIN AUTORIZACIÓN,ENE,1995,NO,INOPERATIVO,"AEROPUERTO INTERNACIONAL DE CHIHUAHUA, CHIHUAHUA",,,,,,
SP 980,AERÓDROMO,SCX,SAN MIGUEL DE CRUCES,DURANGO,SAN DIMAS,DIURNO,SERVICIO PARTICULAR,TERRESTRE,1-A,EJIDO SAN MIGUEL DE CRUCES,"2,600.00",WGS-84,24,24,50.00,105,50,32.00,NO APLICA,NO APLICA,800.00,20.00,TERRACERÍA,25/08/2003,180 DÍAS,25/01/2004,ENE,2004,NO,INOPERATIVO,"AEROPUERTO INTERNACIONAL DE DURANGO, DURANGO",,,,,,
SP 981,AERÓDROMO,BND,BARRA DE NAVIDAD,JALISCO,CIHUATLAN,DIURNO,SERVICIO PARTICULAR,TERRESTRE,1-A,COMUNIDAD AGRARIA DE BARRA DE NAVIDAD,20.00,WGS-84,19,13,7.00,104,39,46.00,NO APLICA,NO APLICA,800.00,10.00,TERRACERÍA,29/04/2003,180 DÍAS,29/10/2003,OCT,2003,NO,INOPERATIVO,"AEROPUERTO INTERNACIONAL DE MANZANILLO, COLIMA",,,,,,
SP 982,AERÓDROMO,CAO,"CANOAS
(Proyecto)",CHIHUAHUA,NUEVO CASAS GRANDES,DIURNO,SERVICIO PARTICULAR,TERRESTRE,1-A,JOSE LUIS GARCIA DIAZ,PENDIENTE,WGS-84,PENDIENTE,PENDIENTE,PENDIENTE,PENDIENTE,PENDIENTE,PENDIENTE,NO APLICA,NO APLICA,PENDIENTE,PENDIENTE,TERRACERÍA,PROYECTO,,PROYECTO,JUN,2009,NO,INOPERATIVO,"AEROPUERTO INTERNACIONAL DE CIUDAD JUAREZ, CHIHUAHUA",,,,,,
SP 983,AERÓDROMO,POL,POTRERILLO,DURANGO,TAMAZULA,DIURNO,SERVICIO PARTICULAR,TERRESTRE,1-A,J. ARMANDO RIOS RAMIREZ,850.00,,25,8,15.00,107,4,10.00,NO APLICA,NO APLICA,350.00,8.00,TERRACERÍA,22/07/2003,60 DÍAS,SIN AUTORIZACIÓN,SEP,2003,NO,INOPERATIVO,"AEROPUERTO INTERNACIONAL DE DURANGO, DURANGO",,,,,,
SP 984,AERÓDROMO,EBA,EL BAJIO,SINALOA,SINALOA DE LEYVA,DIURNO,SERVICIO PARTICULAR,TERRESTRE,1-A,MANUEL GUADALUPE FELIX SANDOVAL,126.00,WGS-84,25,60,30.00,108,24,15.00,NO APLICA,NO APLICA,557.00,30.00,TERRACERÍA,SIN AUTORIZACIÓN,,SIN AUTORIZACIÓN,JUL,2009,NO,INOPERATIVO,"AEROPUERTO INTERNACIONAL DE LOS MOCHIS, SINALOA",,,,,,
HP 985,BARCO-HELIPUERTO,HAX,ATUN X,BAJA CALIFORNIA,ENSENADA,DIURNO,SERVICIO PARTICULAR,HELIPUERTO MIXTO,H-1,"SOCIEDAD COOPERATIVA DE PRODUCCION PESQUERA ATUN MEXICANOS, S.C.L.",0.00,NO APLICA,NO APLICA,NO APLICA,NO APLICA,NO APLICA,NO APLICA,NO APLICA,,,,,,21/02/2002,90 DÍAS,SIN AUTORIZACIÓN,MAY,2002,NO,INOPERATIVO,"AEROPUERTO INTERNACIONAL DE ENSENADA, BAJA CALIFORNIA",,,,,,
SP 986,AERÓDROMO,PTV,PATRIA VIEJA,OAXACA,SAN JOSE INDEPENDENCIA,DIURNO,SERVICIO PARTICULAR,TERRESTRE,1-A,JOSE ABELLA GARCIA,75.45,,18,14,46.00,96,34,56.00,NO APLICA,NO APLICA,700.00,20.00,TERRACERÍA,12/12/2006,5 AÑOS,12/12/2011,DIC,2011,NO,INOPERATIVO,"AEROPUERTO INTERNACIONAL DE OAXACA, OAXACA",,,,,,
SP 987,AERÓDROMO,APU,LOS SAPOS,SONORA,CABORCA,DIURNO,SERVICIO PARTICULAR,TERRESTRE,1-A,"FUMIGACIONES AEREAS BUENTELLO, S.C.",213.00,WGS-84,30,47,27.00,112,25,48.00,9,27,925.00,20.00,TERRACERÍA,01/08/2017,15 AÑOS,01/08/2032,NOV,2032,SI,VIGENTE,"AEROPUERTO INTERNACIONAL DE NOGALES, SONORA",,,,,,
SP 988,AERÓDROMO,STH,SANTA MARIA,SINALOA,GUASAVE,DIURNO,SERVICIO PARTICULAR,TERRESTRE,1-A,ALBA ORALIA OJEDA CAMACHO,10.00,,25,30,54.36,108,19,5.28,NO APLICA,NO APLICA,750.00,15.00,ASFALTO,14/05/1997,60 DÍAS,SIN AUTORIZACIÓN,JUL,1997,NO,INOPERATIVO,"AEROPUERTO INTERNACIONAL DE LOS MOCHIS, SINALOA",,,,,,
SP 989,AERÓDROMO,SIT,LOMA BONITA DE PUERTA AZUL,NAYARIT,SANTIAGO IXCUINTLA,DIURNO,SERVICIO PARTICULAR,TERRESTRE,1-A,EJIDO PUERTA AZUL,47.00,WGS-84,21,50,22.41,105,10,20.53,11,29,600.00,20.00,ASFALTO,02/12/2022,15 AÑOS,02/12/2037,DIC,2037,SI,VIGENTE,"AEROPUERTO DE TEPIC, NAYARIT",,,,,,
HP 990,HELIPUERTO,HEV,FICONSA,CIUDAD DE MÉXICO,MIGUEL HIDALGO,DIURNO,SERVICIO PARTICULAR,ELEVADO,H-1,"INMOBILIARIA EJENA, S.A. DE C.V.","2,311.00",,19,26,17.00,99,12,17.00,,,,,,08/01/2007,180 DÍAS,08/07/2007,JUL,2007,NO,INOPERATIVO,"AEROPUERTO INTERNACIONAL DE LA CIUDAD DE MEXICO, CIUDAD DE MEXICO",,,,,,
SP 991,AERÓDROMO,JSG,JOSE GALINDO RUIZ,SINALOA,CULIACAN,DIURNO,SERVICIO PARTICULAR,TERRESTRE,1-A,JOSE SALVADOR GALINDO RUIZ,8.00,WGS 84,24,26,18.45,107,21,22.92,6,24,550.00,15.00,CONCRETO Y TUCURUGUAY COMPACTADO,17/03/2016,15 AÑOS,17/03/2031,MAR,2031,SI,VIGENTE,"AEROPUERTO INTERNACIONAL DE CULIACAN, SINALOA",,,,,,
SP 992,AERÓDROMO,LQN,LA CAMPANA DE SAN QUINTIN,BAJA CALIFORNIA,ENSENADA,DIURNO,SERVICIO PARTICULAR,TERRESTRE,1-A,"AGRICOLA LA CAMPANA, S.A. DE C.V.",25.00,,30,34,16.00,115,57,4.00,NO APLICA,NO APLICA,700.00,18.00,TERRACERÍA,15/08/2000,5 AÑOS,15/08/2005,AGO,2005,NO,INOPERATIVO,"AEROPUERTO INTERNACIONAL DE TIJUANA, BAJA CALIFORNIA",,,,,,
SP 993,AERÓDROMO,MHL,MAHAHUAL,QUINTANA ROO,OTHON POMPEYO BLANCO,DIURNO,SERVICIO PARTICULAR Y A TERCEROS,TERRESTRE,2-A,"VIP SERVICIOS AEREOS EJECUTIVOS, S.A. DE C.V.",3.00,WGS 84,18,45,33.17,87,41,58.88,10,28,"1,000.00",25.00,ASFALTO,29/11/2017,15 AÑOS,29/11/2032,NOV,2032,SI,VIGENTE,"AEROPUERTO INTERNACIONAL DE CHETUMAL, QUINTANA ROO",,,,,,
SP 994,AERÓDROMO,TEP,TEPACHOIPA,SINALOA,GUASAVE,DIURNO,SERVICIO PARTICULAR,TERRESTRE,1-A,"AGRICOLA TEPACHOIPA, S.A. DE C.V.",24.00,NAD 27,25,33,58.00,108,22,28.00,NO APLICA,NO APLICA,800.00,15.00,TERRACERÍA,01/12/2005,5 AÑOS,01/12/2010,DIC,2010,NO,INOPERATIVO,"AEROPUERTO INTERNACIONAL DE LOS MOCHIS, SINALOA",,,,,,
SP 995,AERÓDROMO,HIL,HUACHICHIL,COAHUILA,ARTEAGA,DIURNO,SERVICIO PARTICULAR,TERRESTRE,1-A,"MAKIKE, S.A. DE C.V.",NO DISPONIBLE,,25,11,30.00,100,47,30.00,NO APLICA,NO APLICA,,,,07/10/2002,90 DÍAS,07/01/2003,ENE,2003,NO,INOPERATIVO,"AEROPUERTO INTERNACIONAL ""PLAN DE GUADALUPE"" DE RAMOS ARIZPE, COAH.",,,,,,
SP 996,AERÓDROMO,EEC,EL ENCINO,SINALOA,CHOIX,DIURNO,SERVICIO PARTICULAR,TERRESTRE,1-A,C. MARTIN SOCORRO CHAVARRIA ROMERO,577.00,WGS 84,26,35,51.00,108,5,10.00,NO APLICA,NO APLICA,700.00,12.00,,28/07/2006,5 AÑOS,28/07/2011,JUL,2011,NO,INOPERATIVO,"AEROPUERTO INTERNACIONAL DE LOS MOCHIS, SINALOA",,,,,,
SP 997,AERÓDROMO,LQA,LIQUIDAMBAR,CHIAPAS,ANGEL ALBINO CORZO,DIURNO,SERVICIO PARTICULAR,TERRESTRE,1-A,GERTRUDIS BRINKMANN FELBINGER,"1,127.00",WGS 84,15,44,16.00,92,45,4.00,NO APLICA,NO APLICA,400.00,20.00,TERRACERÍA,18/10/2002,180 DÍAS,18/04/2003,ABR,2003,NO,INOPERATIVO,"AEROPUERTO DE TUXTLA GUTIERREZ, CHIAPAS",,,,,,
HP 998,HELIPUERTO,HSF,SAN FRANCISCO,CIUDAD DE MÉXICO,ALVARO OBREGON,DIURNO,SERVICIO PARTICULAR,ELEVADO,H-1,"SERVICIOS AEREOS NOTICIOSOS, S.A. DE C.V.","2,626.00",NAD 27,19,19,59.65,99,15,51.04,,,,,,10/10/2017,180 DÍAS,10/04/2018,ABR,2018,NO,INOPERATIVO,"AEROPUERTO INTERNACIONAL DE LA CIUDAD DE MEXICO, CIUDAD DE MEXICO",,,,,,
SP 999,AERÓDROMO,LMV,LAS MACAYAS,VERACRUZ,TRES VALLES,DIURNO,SERVICIO PARTICULAR,TERRESTRE,1-A,ANTONIO MAGAÑA LOPEZ,43.00,WGS 84,18,17,37.36,96,11,40.78,3,21,850.00,11.00,TERRACERÍA,02/02/2004,5 AÑOS,02/02/2009,DIC,2010,NO,INOPERATIVO,"AEROPUERTO INTERNACIONAL DE VERACRUZ, VERACRUZ",,,,,,
SP 1000,AERÓDROMO,END,LAS ENCANTADAS,BAJA CALIFORNIA,ENSENADA,DIURNO,SERVICIO PARTICULAR,TERRESTRE,1-A,FELICIANA FERNANDEZ MURILLO,12.00,WGS 84,29,54,35.30,114,28,4.60,NO APLICA,NO APLICA,700.00,12.00,TERRACERÍA,11/12/2007,45 DÍAS,SIN AUTORIZACIÓN,ENE,2008,NO,INOPERATIVO,"AEROPUERTO INTERNACIONAL DE TIJUANA, BAJA CALIFORNIA",,,,,,
SP 1001,AERÓDROMO,CEE,LOS CERRITOS,JALISCO,ZAPOTLAN DEL REY,DIURNO,SERVICIO PARTICULAR,TERRESTRE,1-A,ANGEL FRANCISCO VILLASEÑOR VARGAS,"1,550.00",WGS 84,20,25,8.00,102,55,24.00,9,27,500.00,10.00,TERRACERÍA,13/10/2015,15 AÑOS,13/10/2030,OCT,2030,SI,VIGENTE,"AEROPUERTO INTERNACIONAL DE GUADALAJARA, JALISCO",,,,,,
SP 1002,AERÓDROMO,EGM,EL GUAMUCHIL,DURANGO,SANTIAGO PAPASQUIARO,DIURNO,SERVICIO PARTICULAR,TERRESTRE,1-A,BIENES COMUNALES DE RINCON DE HUAJUPA,235.00,WGS 84,24,50,0.00,106,32,42.00,NO APLICA,NO APLICA,500.00,20.00,TERRACERÍA,18/12/2007,90 DÍAS,18/03/2008,MAR,2008,NO,INOPERATIVO,"AEROPUERTO INTERNACIONAL DE DURANGO, DURANGO",,,,,,
SP 1003,AERÓDROMO,YAJ,FRANCISCO SARABIA YAJALON,CHIAPAS,YAJALON,DIURNO,SERVICIO PARTICULAR,TERRESTRE,1-A,H. AYUNTAMIENTO CONSTITUCIONAL YAJALON,850.00,,17,10,57.00,92,20,24.00,NO APLICA,NO APLICA,664.73,40.00,TERRACERÍA,11/06/1999,30 DÍAS,SIN AUTORIZACIÓN,JUL,1999,NO,INOPERATIVO,"AEROPUERTO DE TUXTLA GUTIERREZ, CHIAPAS",,,,,,
SP 1004,AERÓDROMO,LIL,LAS ILUSIONES,SINALOA,NAVOLATO,DIURNO,SERVICIO PARTICULAR,TERRESTRE,1-A,JESUS JAVIER LAZCANO TORRES,19.00,WGS 84,24,43,49.00,107,32,41.00,17,35,800.00,8.00,TERRACERÍA COMPACTADA,02/08/2017,15 AÑOS,02/08/2032,AGO,2032,SI,VIGENTE,"AEROPUERTO INTERNACIONAL DE CULIACAN, SINALOA",,,,,,
SP 1005,AERÓDROMO,HUC,HUEXCA,MORELOS,YECAPIXTLA,DIURNO,SERVICIO PARTICULAR,TERRESTRE,1-A,ANTONIO MONTAÑO OSNAYA,"1,400.00",WGS 84,18,48,9.50,98,52,53.70,NO APLICA,NO APLICA,700.00,12.00,TERRACERÍA,02/02/2004,5 AÑOS,02/02/2009,FEB,2009,NO,INOPERATIVO,"AEROPUERTO INTERNACIONAL DE CUERNAVACA, MORELOS",,,,,,
SP 1006,AERÓDROMO,RLH,LA HERRADURA,COAHUILA,CIUDAD ACUÑA,DIURNO,SERVICIO PARTICULAR,TERRESTRE,2-B,VIOLETA AZUCENA MARTINEZ DE IRUGAS,457.00,,29,43,24.00,101,43,31.00,NO APLICA,NO APLICA,"1,100.00",45.00,TERRACERÍA,23/06/2005,5 AÑOS,23/06/2010,JUN,2010,NO,INOPERATIVO,"AEROPUERTO INTERNACIONAL DE CIUDAD ACUÑA, COAHUILA",,,,,,
SP 1007,AERÓDROMO,TAF,TRES AMIGOS DE GUERRERO,COAHUILA,GUERRERO,DIURNO,SERVICIO PARTICULAR,TERRESTRE,2-A,"DESARROLLOS INMOBILIARIOS GARZA VALDEZ, S.A. DE C.V.",290.00,WGS 84,28,1,23.60,100,26,2.10,12,30,"1,200.00",25.00,ASFALTO,17/11/2016,15 AÑOS,17/11/2031,NOV,2031,SI,VIGENTE,"AEROPUERTO INTERNACIONAL DE PIEDRAS NEGRAS, COAHUILA",,,,,,
SP 1008,AERÓDROMO,CBD,CERRO BOLA,COAHUILA,MUZQUIZ,DIURNO,SERVICIO PARTICULAR,TERRESTRE,2-B,ELISA MARTINEZ MARTINEZ,945.00,,28,36,47.40,102,5,17.40,NO APLICA,NO APLICA,"1,000.00",45.00,TERRACERÍA,01/07/2004,5 AÑOS,01/07/2009,JUN,2009,NO,INOPERATIVO,"AEROPUERTO INTERNACIONAL DE CIUDAD ACUÑA, COAHUILA",,,,,,
SP 1009,AERÓDROMO,SFF,SAN FRANCISCO,COAHUILA,ZARAGOZA,DIURNO,SERVICIO PARTICULAR,TERRESTRE,2-B,HECTOR ARMANDO MARTINEZ MARTINEZ,547.00,,28,33,40.00,101,14,41.00,NO APLICA,NO APLICA,"1,600.00",30.00,TERRACERÍA,01/07/2004,5 AÑOS,01/07/2009,JUL,2009,NO,INOPERATIVO,"AEROPUERTO INTERNACIONAL DE CIUDAD ACUÑA, COAHUILA",,,,,,
HP 1010,HELIPUERTO,HCB,CENTRO CORPORATIVO BOSQUES,CIUDAD DE MÉXICO,CUAJIMALPA,DIURNO,SERVICIO PARTICULAR,ELEVADO,H-1,"SERVICIOS A CONDOMINOS, S.A. DE C.V.","2,635.00",WGS 84,19,23,15.67,99,15,3.98,,,,,,13/08/2019,15 AÑOS,13/08/2034,AGO,2034,SI ,VIGENTE,"AEROPUERTO INTERNACIONAL DE LA CIUDAD DE MEXICO, CIUDAD DE MEXICO",,,,,,
SP 1011,AERÓDROMO,RTZ,RANCHO EL 13,NUEVO LEÓN,LAMPAZOS DE NARANJO,DIURNO,SERVICIO PARTICULAR,TERRESTRE,1-B,JOSE ARTURO MARTINEZ PORTE,330.00,WGS 84,27,19,39.90,100,38,36.10,NO APLICA,NO APLICA,800.00,25.00,TERRACERÍA,18/06/2006,5 AÑOS,18/06/2011,JUN,2011,NO,INOPERATIVO,"AEROPUERTO INTERNACIONAL DEL NORTE, NUEVO LEON",,,,,,
SP 1012,AERÓDROMO,RJO,RANCHO JOALI,CHIAPAS,TECPATAN,DIURNO,SERVICIO PARTICULAR,TERRESTRE,1-A,"LA CONCEPCIÓN DEL SOCONUSCO, S.C. DE R.L. DE C.V.",85.00,NAD 27,17,16,6.56,93,32,13.44,16,34,800.00,10.00,TERRACERÍA,05/06/2017,15 AÑOS,05/06/2032,JUN,2032,SI,VIGENTE,"AEROPUERTO DE TUXTLA GUTIERREZ, CHIAPAS",,,,,,
SP 1013,AERÓDROMO,PTL antes PTJ,EL PETACAL,JALISCO,TOLIMAN,DIURNO,SERVICIO PARTICULAR,TERRESTRE,1-A,"NUTRILITE, S. DE R.L. DE C.V.","1,106.00",WGS 84,19,37,26.08,103,50,36.74,17,35,660.00,22.00,TERRACERÍA,24/05/2017,15 AÑOS,24/05/2032,MAY,2032,SI,VIGENTE,"AEROPUERTO INTERNACIONAL DE GUADALAJARA, JALISCO",,,,,,
SP 1014,AERÓDROMO,NOR,NOROGACHI,CHIHUAHUA,GUACHOCHI,DIURNO,SERVICIO PARTICULAR,TERRESTRE,1-A,DIOCESIS DE LA TARAHUMARA,"2,195.00",,27,16,37.00,107,9,4.00,NO APLICA,NO APLICA,600.00,20.00,TERRACERÍA,18/05/2000,5 AÑOS,18/05/2005,MAY,2005,NO,INOPERATIVO,"AEROPUERTO INTERNACIONAL DE CHIHUAHUA, CHIHUAHUA",,,,,,
SP 1015,AERÓDROMO,SOG,SISOGUICHI,CHIHUAHUA,BOCOYNA,DIURNO,SERVICIO PARTICULAR,TERRESTRE,1-A,DIOCESIS DE LA TARAHUMARA,"2,240.00",,27,46,31.00,107,29,29.00,NO APLICA,NO APLICA,"1,100.00",15.00,TERRACERÍA,18/05/2000,5 AÑOS,18/05/2005,MAY,2005,NO,INOPERATIVO,"AEROPUERTO INTERNACIONAL DE CHIHUAHUA, CHIHUAHUA",,,,,,
SP 1016,AERÓDROMO,SPJ,SAN JOSE PRODUCE,CHIAPAS,REFORMA,DIURNO,SERVICIO PARTICULAR,TERRESTRE,1-A,"SAN JOSE PRODUCE, S.P.R.L. DE R.L. DE C.V.",45.00,WGS 84,17,57,18.00,93,14,55.00,12,30,600.00,30.00,TERRACERÍA,21/10/2009,5 AÑOS,21/10/2014,OCT,2014,NO,INOPERATIVO,"AEROPUERTO INTERNACIONAL DE VILLAHERMOSA, TABASCO",,,,,,
SP 1017,AERÓDROMO,IBO,EL ESTRIBO,CAMPECHE,CIUDAD DEL CARMEN,DIURNO,SERVICIO PARTICULAR,TERRESTRE,1-A,ISAAC SOSA ABREU,NO DISPONIBLE,,18,10,30.00,91,38,0.00,NO APLICA,NO APLICA,530.00,14.00,TERRACERÍA,20/07/2000,60 DÍAS,SIN AUTORIZACIÓN,SEP,2000,NO,INOPERATIVO,"AEROPUERTO INTERNACIONAL DE CIUDAD DEL CARMEN, CAMPECHE",,,,,,
SP 1018,AERÓDROMO,MBS,MANUEL BENAVIDES,CHIHUAHUA,MANUEL BENAVIDES,DIURNO,SERVICIO PARTICULAR,TERRESTRE,1-A,H. AYUNTAMIENTO CONSTITUCIONAL DE MANUEL BENAVIDES,"1,100.00",,29,7,5.00,103,54,50.00,NO APLICA,NO APLICA,700.00,65.00,TERRACERÍA,01/08/2000,60 DÍAS,SIN AUTORIZACIÓN,OCT,2000,NO,INOPERATIVO,"AEROPUERTO INTERNACIONAL DE CHIHUAHUA, CHIHUAHUA",,,,,,
SP 1019,AERÓDROMO,BTN,PISTA AEREA BATAN,SINALOA,CULIACAN,DIURNO,SERVICIO PARTICULAR,TERRESTRE,1-A,"DEL CAMPO Y ASOCIADOS, S.A. DE C.V.",33.00,,24,45,59.00,107,30,28.00,NO APLICA,NO APLICA,800.00,8.00,ASFALTO,05/01/2006,180 DÍAS,05/07/2006,JUL,2006,NO,INOPERATIVO,"AEROPUERTO INTERNACIONAL DE CULIACAN, SINALOA",,,,,,
SP 1020,AERÓDROMO,TSN,TODOS SANTOS,BAJA CALIFORNIA SUR,LA PAZ,DIURNO,SERVICIO PARTICULAR,TERRESTRE,1-A,EJIDO TODOS SANTOS,120.00,WGS 84,23,29,54.00,110,12,7.00,NO APLICA,NO APLICA,"1,200.00",20.00,TERRACERÍA,30/07/2010,180 DÍAS,30/01/2011,ENE,2011,NO,INOPERATIVO,"AEROPUERTO INTERNACIONAL DE LA PAZ, BAJA CALIFORNIA SUR",,,,,,
SP 1021,AERÓDROMO,JAG,JAGUEYES,CHIHUAHUA,NAMIQUIPA,DIURNO,SERVICIO PARTICULAR,TERRESTRE,1-B,"EAGLE AIR DEL VALLE, S.A. DE C.V.","1,969.00",WGS 84,29,14,51.57,107,4,52.75,NO APLICA,NO APLICA,800.00,20.00,TERRACERÍA,08/10/2009,180 DÍAS,08/04/2010,ABR,2010,NO,INOPERATIVO,"AEROPUERTO INTERNACIONAL DE CHIHUAHUA, CHIHUAHUA",,,,,,
SP 1022,AERÓDROMO,HOL,HOLBOX,QUINTANA ROO,LAZARO CARDENAS,DIURNO,SERVICIO PARTICULAR,TERRESTRE,1-A,"AERO SAAB, S.A DE C.V.",3.00,WGS 84,21,30,52.00,87,23,4.00,NO APLICA,NO APLICA,640.00,18.00,TERRACERÍA,23/10/2014,15 AÑOS,23/10/2029,OCT,2029,SI,VIGENTE,"AEROPUERTO INTERNACIONAL DE CANCUN, QUINTANA ROO",,,,,,
HP 1023,BARCO-HELIPUERTO,HCH,CONQUISTA,CHIAPAS,TAPACHULA,DIURNO,SERVICIO PARTICULAR,HELIPUERTO MIXTO,H-1,"HERSEA, S.A. DE C.V.",0.00,NO APLICA,NO APLICA,NO APLICA,NO APLICA,NO APLICA,NO APLICA,NO APLICA,,,,,,11/11/2014,15 AÑOS,11/11/2029,NOV,2029,SI,VIGENTE,"AEROPUERTO INTERNACIONAL DE TAPACHULA, CHIAPAS",,,,,,
HP 1024,HELIPUERTO,HNB,CENTRO MEDICO NACIONAL 20 DE NOVIEMBRE,CIUDAD DE MÉXICO,BENITO JUÁREZ,DIURNO Y NOCTURNO,SERVICIO PARTICULAR,ELEVADO,H-1,INSTITUTO DE SEGURIDAD Y SERVICIOS SOCIALES DE LOS TRABAJADORES DEL ESTADO (ISSSTE),"2,261.00",WGS 84,19,22,22.80,99,10,16.60,,,,,,15/04/2016,30 AÑOS,15/04/2046,ABR,2046,SI,VIGENTE,"AEROPUERTO INTERNACIONAL DE LA CIUDAD DE MEXICO, CIUDAD DE MEXICO",,,,,,
SP 1025,AERÓDROMO,PTI,CAMPO PATRICIA,SINALOA,CULIACAN,DIURNO,SERVICIO PARTICULAR,TERRESTRE,1-A,AGRICOLA LA TUXCANA S.A. DE C.V.,26.00,WGS 84,24,33,3.00,107,26,25.00,17,35,969.00,8.50,ASFALTO,30/09/2019,180 DIAS ,30/03/2020,MAR,2020,NO,INOPERATIVO,"AEROPUERTO INTERNACIONAL DE CULIACAN, SINALOA",,,,,,
HP 1026,HELIPUERTO,HHD,HOSPITAL DALINDE,CIUDAD DE MÉXICO,CUAUHTÉMOC,DIURNO,SERVICIO PARTICULAR,ELEVADO,H-1,"HOSPITALES DE MEXICO, S.A.","2,260.00",,19,24,16.42,99,10,3.43,,,,,,25/11/2011,180 DÍAS,25/05/2012,MAY,2012,NO,INOPERATIVO,"AEROPUERTO INTERNACIONAL DE LA CIUDAD DE MEXICO, CIUDAD DE MEXICO",,,,,,
SP 1027,AERÓDROMO,ECG,ENRIQUE CARDENAZ GONZALEZ,TAMAULIPAS,VALLE HERMOSO,DIURNO,SERVICIO PARTICULAR,TERRESTRE,2-A,"H. AYUNTAMIENTO DE VALLE HERMOSO, TAMPS.",0.00,WGS 84,25,37,2.68,97,49,0.00,17,35,800.00,8.00,ASFALTO,24/09/2018,15 AÑOS,24/09/2033,SEP,2033,SI ,VIGENTE,"AEROPUERTO DE CIUDAD VICTORIA, TAMAULIPAS",,,,,,
SP 1028,AERÓDROMO,BAI,BACIS,DURANGO,OTAEZ,DIURNO,SERVICIO PARTICULAR,TERRESTRE,1-A,"MINAS DE BACIS, S.A. DE C.V.","1,741.00",WGS 84,24,34,7.27,105,53,24.22,14,32,500.00,9.00,ASFALTO,25/03/2014,15 AÑOS,25/03/2029,MAR,2029,SI,VIGENTE,"AEROPUERTO INTERNACIONAL DE DURANGO, DURANGO",,,,,,
SP 1029,AERÓDROMO,RCF,AEROPISTA DE LA REGION CARBONIFERA,COAHUILA,SABINAS,DIURNO,SERVICIO PARTICULAR Y A TERCEROS,TERRESTRE,2-A,"ADMINISTRADORA COAHUILENSE DE INFRAESTRUCTURA Y TRANSPORTE AÉREO, S.A. DE C.V.",390.00,WGS 84,27,58,28.50,101,12,44.80,12,30,"1,800.00",30.00,ASFALTO,15/02/2017,15 AÑOS,15/02/2032,FEB,2032,SI,VIGENTE  PARTICULAR(EN TRAMITE PARA LA PRESTACION DE SERV. A TERCEROS),"AEROPUERTO INTERNACIONAL DE MONCLOVA, COAHUILA",,,,,,
SP 1030,AERÓDROMO,LTB,LA TRINIDAD,SINALOA,GUASAVE,DIURNO,SERVICIO PARTICULAR,TERRESTRE,1-A,IGNACIO PEÑUELAS BELTRAN,20.00,,25,44,4.00,108,31,2.50,NO APLICA,NO APLICA,550.00,15.00,TERRACERÍA,31/08/2004,90 DÍAS,03/03/2005,MAR,2005,NO,INOPERATIVO,"AEROPUERTO INTERNACIONAL DE LOS MOCHIS, SINALOA",,,,,,
SP 1031,AERÓDROMO,PZC,PISTA ZACATECAS,BAJA CALIFORNIA,MEXICALI,DIURNO,SERVICIO PARTICULAR,TERRESTRE,1-A,ILDEFONSO ROCHIO BUERAS,10.00,,32,9,59.00,115,1,40.00,NO APLICA,NO APLICA,680.00,10.00,TERRACERÍA,10/07/2001,30 DÍAS,SIN AUTORIZACIÓN,AGO,2001,NO,INOPERATIVO,"AEROPUERTO INTERNACIONAL DE MEXICALI, BAJA CALIFORNIA",,,,,,
SP 1032,AERÓDROMO,BKE,PISTA BREKAMAJE,BAJA CALIFORNIA,MEXICALI,DIURNO,SERVICIO PARTICULAR,TERRESTRE,1-A,JOSE LUIS ZAVALA RODRIGUEZ,15.00,WGS 84,32,25,14.90,115,9,37.10,8,26,550.00,10.00,TERRACERÍA,24/06/2019,15 AÑOS,24/06/2034,JUN,2034,SI,VIGENTE,"AEROPUERTO INTERNACIONAL DE MEXICALI, BAJA CALIFORNIA",,,,,,
SP 1033,AERÓDROMO,BTT,BATOPITO,SINALOA,BADIRAGUATO,DIURNO,SERVICIO PARTICULAR,TERRESTRE,1-A,"EJIDO DE BADIRAGUATO, SINALOA",370.00,,25,17,44.40,107,32,51.80,NO APLICA,NO APLICA,500.00,10.00,TERRACERÍA,22/05/2002,90 DÍAS,SIN AUTORIZACIÓN,AGO,2002,NO,INOPERATIVO,"AEROPUERTO INTERNACIONAL DE CULIACAN, SINALOA",,,,,,
SP 1034,AERÓDROMO,ANZ,AEREO SERVICIO NUÑEZ,BAJA CALIFORNIA,MEXICALI,DIURNO,SERVICIO PARTICULAR,TERRESTRE,1-A,"AEREO SERVICIO NUÑEZ, S. DE R.L. DE C.V.",20.00,,32,36,27.90,115,16,33.30,NO APLICA,NO APLICA,600.00,10.00,TERRACERÍA,25/01/2001,30 DÍAS,SIN AUTORIZACIÓN,FEB,2001,NO,INOPERATIVO,"AEROPUERTO INTERNACIONAL DE MEXICALI, BAJA CALIFORNIA",,,,,,
SP 1035,AERÓDROMO,RNG,RANCHO LA NOGALERA,DURANGO,DURANGO,DIURNO,SERVICIO PARTICULAR,TERRESTRE,1-A,"HERMANOS BERLANGA VALDEZ, S. DE P.R. DE R.L.","1,890.00",WGS 84,23,57,53.00,104,35,51.00,NO APLICA,NO APLICA,900.00,12.00,TERRACERÍA,02/08/2006,180 DÍAS,02/02/2007,FEB,2007,NO,INOPERATIVO,"AEROPUERTO INTERNACIONAL DE DURANGO, DURANGO",,,,,,
SP 1036,AERÓDROMO,JTO,SAN JUANITO,CHIHUAHUA,BOCOYNA,DIURNO,SERVICIO PARTICULAR,TERRESTRE,2-A,H. AYUNTAMIENTO CONSTITUCIONAL DE BOCOYNA,"2,400.00",NAD 27,27,58,45.50,107,35,42.20,NO APLICA,NO APLICA,880.00,20.00,TERRACERÍA,SIN AUTORIZACIÓN,,SIN AUTORIZACIÓN,DIC,2010,NO,INOPERATIVO,"AEROPUERTO INTERNACIONAL DE CHIHUAHUA, CHIHUAHUA",,,,,,
SP 1037,AERÓDROMO,LNE,LA NUEVA ESPERANZA,NUEVO LEÓN,GALEANA,DIURNO,SERVICIO PARTICULAR,TERRESTRE,1-A,PATRICIA VILLARREAL GOMEZ Y/O ARMANDO FARIAS DEL BOSQUE,"1,884.79",,25,3,30.00,100,40,34.00,NO APLICA,NO APLICA,"1,000.00",17.00,TERRACERÍA,31/05/2001,5 AÑOS,31/05/2006,MAY,2006,NO,INOPERATIVO,"AEROPUERTO INTERNACIONAL ""PLAN DE GUADALUPE"" DE RAMOS ARIZPE, COAH.",,,,,,
SP 1038,AERÓDROMO,GUA,LA GUARIDA,CHIHUAHUA,COYAME DEL SOTOL,DIURNO,SERVICIO PARTICULAR,TERRESTRE,1-A,JOSE ANTONIO VALLINA MALDONADO,"1,200.00",WGS 84,29,42,9.50,105,5,19.62,13,31,800.00,40.00,TERRACERÍA,06/10/2015,15 AÑOS,06/10/2030,OCT,2030,SI,VIGENTE,"AEROPUERTO INTERNACIONAL DE CHIHUAHUA, CHIHUAHUA",,,,,,
HP 1039,HELIPUERTO,HRX,"HOTEL RIU PALACE
(Proyecto)",JALISCO,GUADALAJARA,DIURNO,SERVICIO PARTICULAR,ELEVADO,H-1,SOLAR CHACA S.A DE C.V.,"1,772.00",,20,39,57.00,103,23,37.20,,,,,,SIN AUTORIZACIÓN,,SIN AUTORIZACIÓN,ENE,2011,NO,INOPERATIVO,"AEROPUERTO INTERNACIONAL DE GUADALAJARA, JALISCO",,,,,,
SP 1040,AERÓDROMO,GCN,LA GRAN CHINA,SINALOA,SINALOA DE LEYVA,DIURNO,SERVICIO PARTICULAR,TERRESTRE,1-A,MAGDALENA CERVANTES PECERO,34.00,WGS 84,25,44,40.00,108,28,49.40,16,34,500.00,15.00,TERRACERÍA,26/06/2019,15 AÑOS,26/06/2034,JUN,2034,SI,VIGENTE,"AEROPUERTO INTERNACIONAL DE LOS MOCHIS, SINALOA",,,,,,
SP 1041,AERÓDROMO,AET,RANCHO EL TINIEBLO,TAMAULIPAS,JIMÉNEZ,DIURNO,SERVICIO PARTICULAR,TERRESTRE,2-A,ALFREDO PEREZ SALINAS CHAVEZ,202.00,,24,18,56.00,98,30,14.00,NO APLICA,NO APLICA,"1,300.00",40.00,,22/02/2003,180 DÍAS,22/08/2003,AGO,2003,NO,INOPERATIVO,"AEROPUERTO DE CIUDAD VICTORIA, TAMAULIPAS",,,,,,
SP 1042,AERÓDROMO,OLE,CAMPO EL PATOLE,SINALOA,SAN IGNACIO,DIURNO,SERVICIO PARTICULAR,TERRESTRE,1-A,"EXPORTALIZAS MEXICANAS, S.A. DE C.V.",20.00,WGS 84,23,44,19.00,106,49,51.00,NO APLICA,NO APLICA,800.00,18.00,TERRACERÍA,23/11/2018,15 AÑOS ,23/11/2033,NOV,2033,SI ,VIGENTE ,"AEROPUERTO INTERNACIONAL DE MAZATLAN, SINALOA",,,,,,
SP 1043,AERÓDROMO,TPK,EL TAPACAL,SINALOA,NAVOLATO,DIURNO,SERVICIO PARTICULAR,TERRESTRE,1-A,ARTURO GARCIA VEGA,10.00,WGS 84,24,39,29.00,107,33,10.00,4,22,"1,200.00",10.00,ASFALTO,23/09/2011,5 AÑOS,23/09/2016,SEP,2016,NO,INOPERATIVO,"AEROPUERTO INTERNACIONAL DE CULIACAN, SINALOA",,,,,,
HP 1044,HELIPUERTO,HEK,ELEKTRA,CIUDAD DE MÉXICO,TLALPAN,DIURNO,SERVICIO PARTICULAR,ELEVADO,H-1,"ELEKTRA COMERCIAL, S.A. DE C.V.","2,340.00",NAD 27,19,17,48.54,99,11,9.53,,,,,,30/11/2004,180 DÍAS,30/05/2005,MAY,2005,NO,INOPERATIVO,"AEROPUERTO INTERNACIONAL DE LA CIUDAD DE MEXICO, CIUDAD DE MEXICO",,,,,,
SP 1045,AERÓDROMO,GLL,EL GALLITO,BAJA CALIFORNIA SUR,MULEGE,DIURNO,SERVICIO PARTICULAR,TERRESTRE,1-A,"AEROPUERTOS DEL NORTE, S.A.",0.00,WGS 84,26,53,41.35,111,57,21.75,14,32,"1,089.00",20.00,TERRACERÍA,27/02/2015,15 AÑOS,27/02/2030,FEB,2030,SI,VIGENTE,"AEROPUERTO INTERNACIONAL DE LORETO, BAJA CALIFORNIA SUR",,,,,,
SP 1046,AERÓDROMO,GYA,LA GRULLA,BAJA CALIFORNIA,ENSENADA,DIURNO,SERVICIO PARTICULAR,TERRESTRE,1-A,"CLUB DE CAZADORES DE LA GRULLA, S.C.",14.00,WGS 84,31,41,58.40,116,37,29.80,NO APLICA,NO APLICA,480.00,20.00,TERRACERÍA,29/07/2008,180 DÍAS,29/01/2009,ENE,2009,NO,INOPERATIVO,"AEROPUERTO INTERNACIONAL DE TIJUANA, BAJA CALIFORNIA",,,,,,
HP 1047,HELIPUERTO,HTE,TORRE ESMERALDA,CIUDAD DE MÉXICO,MIGUEL HIDALGO,DIURNO,SERVICIO PARTICULAR,ELEVADO,H-1,"IXE BANCO, S.A.","2,375.70",NAD 27,19,25,40.30,99,12,15.60,,,,,,30/01/2007,180 DÍAS,30/07/2007,JUL,2007,NO,INOPERATIVO,"AEROPUERTO INTERNACIONAL DE LA CIUDAD DE MEXICO, CIUDAD DE MEXICO",,,,,,
SP 1048,AERÓDROMO,RTF,RANCHO EL TROFIS,TAMAULIPAS,CIUDAD MANTE,DIURNO,SERVICIO PARTICULAR,TERRESTRE,A-1,"EL TROFIS, S. DE P.R. DE R.L.",50.00,WGS 84,22,27,17.00,98,45,49.18,9,27,800.00,30.00,TERRACERÍA,13/04/2018,15 AÑOS,13/04/2033,ABR,2033,SI ,VIGENTE,"AEROPUERTO DE CIUDAD VICTORIA, TAMAULIPAS",,,,,,
HP 1049,HELIPUERTO,HCF,OPCION SANTA FE III,CIUDAD DE MÉXICO,CUAJIMALPA,DIURNO,SERVICIO PARTICULAR,ELEVADO,H-1," OPCION SANTA FE III, S.A. DE C.V.","2,627.00",NAD 27,19,21,27.90,99,16,30.15,,,,,,09/03/2016,15 AÑOS,09/03/2031,MAR,2031,SI,VIGENTE,"AEROPUERTO INTERNACIONAL DE LA CIUDAD DE MEXICO, CIUDAD DE MEXICO",,,,,,
SP 1050,AERÓDROMO,TER,TERRERO DE BASONOPA,CHIHUAHUA,GUADALUPE Y CALVO,DIURNO,SERVICIO PARTICULAR,TERRESTRE,1-A,PILAR CARRILLO HERNANDEZ,"1,433.00",,26,17,15.00,107,29,20.00,NO APLICA,NO APLICA,400.00,24.00,TERRACERÍA,SIN AUTORIZACIÓN,,SIN AUTORIZACIÓN,ENE,1997,NO,INOPERATIVO,"AEROPUERTO INTERNACIONAL DE CHIHUAHUA, CHIHUAHUA",,,,,,
HP 1051,HELIPUERTO,HPS,MINERA PEÑASQUITO,ZACATECAS,MAZAPIL,DIURNO,SERVICIO PARTICULAR,ELEVADO,H-2,MINERA PEÑASQUITO S.A. DE C.V.,"1,876.00",WGS 84,24,39,23.71,101,42,57.62,,,,,CONCRETO,28/01/2025,180 DÍAS,28/07/2025,JUL,2025,NO,EN TRAMITE,"AEROPUERTO INTERNACIONAL DE ZACATECAS, ZACATECAS",,,,,,
SP 1052,AERÓDROMO,SST,SOCIEDAD COOPERATVA DE SERVICIOS AGROPECUARIOS TAMAULIPECOS,TAMAULIPAS,VALLE HERMOSO,DIURNO,SERVICIO PARTICULAR,TERRESTRE,2-A,"SOCIEDAD COOPERATVA DE SERVICIOS AGROPECUARIOS TAMAULIPECOS, S.C.R.",8.00,NAD 27,25,41,51.89,97,45,23.63,NO APLICA,NO APLICA,900.00,12.00,TERRACERÍA,SIN AUTORIZACIÓN,,SIN AUTORIZACIÓN,ENE,1996,NO,INOPERATIVO,"AEROPUERTO DE CIUDAD VICTORIA, TAMAULIPAS",,,,,,
SP 1053,AERÓDROMO,ALY,ALMOLOYA,CAMPECHE,EL CARMEN,DIURNO,SERVICIO PARTICULAR,TERRESTRE,2-A,"ALMOLOYA DE JUAREZ, S.P.R. DE R.I.",8.84,,18,7,30.00,91,42,30.00,NO APLICA,NO APLICA,870.00,12.00,TERRACERÍA,SIN AUTORIZACIÓN,,SIN AUTORIZACIÓN,ENE,1996,NO,INOPERATIVO,"AEROPUERTO INTERNACIONAL DE VILLAHERMOSA, TABASCO",,,,,,
SP 1054,AERÓDROMO,FAB,FUMIGACIONES AEREAS DE ABASOLO,TAMAULIPAS,ABASOLO,DIURNO,SERVICIO PARTICULAR,TERRESTRE,1-A,PEDRO CHAVEZ MARTINEZ,50.00,NAD 27,24,2,0.00,98,18,0.00,NO APLICA,NO APLICA,600.00,10.00,TERRACERÍA,07/02/2005,180 DÍAS,07/08/2005,AGO,2005,NO,INOPERATIVO,"AEROPUERTO DE CIUDAD VICTORIA, TAMAULIPAS",,,,,,
SP 1055,AERÓDROMO,NRT,NOROTAL,DURANGO,TAMAZULA,DIURNO,SERVICIO PARTICULAR,TERRESTRE,1-A,AURELIO OJEDA GONZALEZ,700.00,,25,8,40.00,107,1,21.00,NO APLICA,NO APLICA,340.00,8.00,TERRACERÍA,10/07/2007,180 DÍAS,10/01/2008,ENE,2008,NO,INOPERATIVO,"AEROPUERTO INTERNACIONAL DE DURANGO, DURANGO",,,,,,
SP 1056,AERÓDROMO,SLA,ISLA,VERACRUZ,ISLA,DIURNO,SERVICIO PARTICULAR,TERRESTRE,2-A,"H. AYUNTAMIENTO CONSTITUCIONAL DE LA ISLA, VERACRUZ",65.00,,18,2,28.00,95,32,19.00,NO APLICA,NO APLICA,"1,300.00",12.00,TERRACERÍA,SIN AUTORIZACIÓN,,SIN AUTORIZACIÓN,ENE,1996,NO,INOPERATIVO,"AEROPUERTO INTERNACIONAL DE VERACRUZ, VERACRUZ",,,,,,
HP 1057,BARCO-HELIPUERTO,HSC,ADRIANA M                    (ANTES ATUN VII),SINALOA,MAZATLÁN,DIURNO,SERVICIO PARTICULAR,HELIPUERTO MIXTO,H-1,"ATUNEROS UNIDOS DE CALIFORNIA, S.A. DE C.V.",0.00,NO APLICA,NO APLICA,NO APLICA,NO APLICA,NO APLICA,NO APLICA,NO APLICA,,,,,,24/02/2017,15 AÑOS,24/02/2032,FEB,2032,SI,VIGENTE,"AEROPUERTO INTERNACIONAL DE MAZATLAN, SINALOA",,,,,,
SP 1058,AERÓDROMO,ELM,EL MUCHACHO,CHIHUAHUA,SAN BUENAVENTURA,DIURNO,SERVICIO PARTICULAR,TERRESTRE,2-A,OCTAVIO BERMUDEZ ESPINOSA,"1,575.00",WGS 84,29,49,41.00,106,54,28.00,9,27,"1,450.00",15.00,TERRACERÍA,08/12/2016,15 AÑOS,28/11/2031,NOV,2031,SI,VIGENTE,"AEROPUERTO INTERNACIONAL DE CIUDAD JUAREZ, CHIHUAHUA",,,,,,
SP 1059,AERÓDROMO,BJO,EL CENTENARIO,VERACRUZ,PLATON SANCHEZ,DIURNO,SERVICIO PARTICULAR,TERRESTRE,1-A,CONCEPCION JUANA HERRERA RODRIGUEZ,50.00,,21,16,4.00,98,19,33.00,NO APLICA,NO APLICA,"1,000.00",11.00,ASFALTO,18/05/2000,5 AÑOS,18/05/2005,MAY,2005,NO,INOPERATIVO,"AEROPUERTO INTERNACIONAL DE TAMPICO, TAMAULIPAS",,,,,,
SP 1060,AERÓDROMO,IDT,ISLA DEL TORO,VERACRUZ,TAMIAHUA,DIURNO,SERVICIO PARTICULAR,TERRESTRE,2-B,"INVERSIONES EN EL NORESTE, S. DE R.L. DE C.V.",3.00,WGS 84,21,33,46.00,97,30,48.00,17,35,"1,000.00",20.00,TERRACERÍA,22/11/2018,15 AÑOS,22/11/2033,NOV,2033,SI,VIGENTE,"AEROPUERTO DE POZA RICA, VERACRUZ",,,,,,
SP 1061,AERÓDROMO,CUJ,CUAUTLA,JALISCO,CUAUTLA,DIURNO,SERVICIO PARTICULAR,TERRESTRE,2-A,"H. AYUNTAMIENTO DE CUAUTLA, JALISCO","1,770.00",WGS 84,20,11,24.43,104,24,49.64,9,27,"1,080.00",20.00,ASFALTO,04/11/2009,180 DÍAS,04/05/2010,MAY,2010,NO,EN TRAMITE,"AEROPUERTO INTERNACIONAL DE GUADALAJARA, JALISCO",,,,,,
SP 1062,AERÓDROMO,FRN,EL FRENO,CAMPECHE,PALIZADA,DIURNO,SERVICIO PARTICULAR,TERRESTRE,1-A,SOCIEDAD DE PRODUCCION RURAL BIOXIMO DE R.I.,9.00,,18,4,45.40,91,54,56.57,NO APLICA,NO APLICA,800.00,12.00,TERRACERÍA,SIN AUTORIZACIÓN,,SIN AUTORIZACIÓN,ENE,2008,NO,INOPERATIVO,"AEROPUERTO INTERNACIONAL DE CAMPECHE, CAMPECHE",,,,,,
SP 1063,AERÓDROMO,RGZ,RINCON DE LOS GARZA,COAHUILA,MELCHOR MUZQUIZ,DIURNO,SERVICIO PARTICULAR,TERRESTRE,2-A,DAVID GARZA LAGUERA,"1,417.00",WGS 84,28,47,39.00,102,7,36.00,13,31,"1,350.00",20.00,TERRACERÍA,20/05/2016,15 AÑOS,20/05/2031,MAY,2031,SI,VIGENTE,"AEROPUERTO INTERNACIONAL DE MONCLOVA, COAHUILA",,,,,,
SP 1064,AERÓDROMO,SJU,SAN JUAN NEPOMUCENO,CHIHUAHUA,GUADALUPE Y CALVO,DIURNO,SERVICIO PARTICULAR,TERRESTRE,1-A,COMISARIADO EJIDAL DE SAN JUAN NEPOMUCENO,380.00,WGS 84,26,20,45.00,107,26,23.00,NO APLICA,NO APLICA,600.00,10.00,TERRACERÍA,29/06/2009,180 DÍAS,29/12/2009,DIC,2009,NO,INOPERATIVO,"AEROPUERTO INTERNACIONAL DE CHIHUAHUA, CHIHUAHUA",,,,,,
SP 1065,AERÓDROMO,RRV,LA MARISMEÑA,SINALOA,BADIRAGUATO,DIURNO,SERVICIO PARTICULAR,TERRESTRE,1-C,C. RAFAEL RIVERA LOPEZ,609.00,,25,47,7.00,107,20,6.00,NO APLICA,NO APLICA,600.00,30.00,,21/02/2007,180 DÍAS,21/08/2007,AGO,2007,NO,INOPERATIVO,"AEROPUERTO INTERNACIONAL DE MAZATLAN, SINALOA",,,,,,
SP 1066,AERÓDROMO,CCF,CASIMIRO CASTILLO,JALISCO,CASIMIRO CASTILLO,DIURNO,SERVICIO PARTICULAR,TERRESTRE,1-A,"COMITÉ DE PRODUCCION CAÑERA DEL INGENIO JOSE MARIA MORELOS, S.A. DE C.V.",NO DISPONIBLE,,19,31,26.00,104,33,18.00,NO APLICA,NO APLICA,600.00,15.00,TERRACERÍA,09/12/2005,180 DÍAS,09/06/2006,JUN,2006,NO,INOPERATIVO,"AEROPUERTO INTERNACIONAL DE GUADALAJARA, JALISCO",,,,,,
HP 1067,HELIPUERTO,HOS,MISION DEL SOL,MORELOS,JIUTEPEC,DIURNO,SERVICIO PARTICULAR,TERRESTRE,H-1,"MISION DEL SOL MEXICO, S.A. DE C.V.","1,375.00",WGS 84,18,53,16.05,99,11,35.00,,,,,,09/06/2009,5 AÑOS,09/06/2014,JUN,2014,NO,INOPERATIVO,"AEROPUERTO INTERNACIONAL DE CUERNAVACA, MORELOS",,,,,,
SP 1068,AERÓDROMO,AJC,JOVA AGRICOLA,SINALOA,CULIACAN,DIURNO,SERVICIO PARTICULAR,TERRESTRE,1-A,"JOVA AGRICOLA, S.A. DE C.V.",59.00,WGS 84,24,54,26.00,107,30,48.00,6,24,700.00,6.00,TERRACERÍA,28/02/2008,180 DÍAS,28/08/2008,AGO,2008,NO,INOPERATIVO,"AEROPUERTO INTERNACIONAL DE CULIACAN, SINALOA",,,,,,
SP 1069,AERÓDROMO,ADL,ACUAGRANJAS,CHIAPAS,OSTUACAN,DIURNO,SERVICIO PARTICULAR,TERRESTRE,2-B,"TRUJILLO RUBIO Y ASOCIADOS, S.A. DE C.V.",50.00,NAD 27,17,28,35.50,93,29,32.90,NO APLICA,NO APLICA,"1,000.00",20.00,ASFALTO,21/08/2001,60 DÍAS,SIN AUTORIZACIÓN,OCT,2001,NO,INOPERATIVO,"AEROPUERTO DE TUXTLA GUTIERREZ, CHIAPAS",,,,,,
SP 1070,AERÓDROMO,JEP,PISTA LEO,TABASCO,TEAPA,DIURNO,SERVICIO PARTICULAR,TERRESTRE,1-A,JOSE GABRIEL PEREZ ESQUINCA,25.00,,17,35,10.00,92,58,20.00,NO APLICA,NO APLICA,730.00,14.00,TERRACERÍA,15/10/2004,5 AÑOS,15/10/2009,OCT,2009,NO,INOPERATIVO,"AEROPUERTO INTERNACIONAL DE VILLAHERMOSA, TABASCO",,,,,,
SP 1071,AERÓDROMO,EHF,EL HUERFANITO,BAJA CALIFORNIA,ENSENADA,DIURNO,SERVICIO PARTICULAR,TERRESTRE,2-C,MARIA RUFINA GARCIA TAPIA,7.00,,30,6,56.70,114,37,41.20,NO APLICA,NO APLICA,960.00,30.00,TERRACERÍA,06/12/1996,60 DÍAS,SIN AUTORIZACIÓN,FEB,1997,NO,INOPERATIVO,"AEROPUERTO INTERNACIONAL DE SAN FELIPE, BAJA CALIFORNIA",,,,,,
SP 1072,AERÓDROMO,ORV,ORO VERDE,PUEBLA,JOPALA,DIURNO,SERVICIO PARTICULAR,TERRESTRE,1-B,"ORO VERDE, S.A. DE C.V.",615.70,NAD 27,20,11,23.22,97,46,8.61,NO APLICA,NO APLICA,622.00,45.00,TERRACERÍA,29/05/2007,5 AÑOS,29/05/2012,MAY,2012,NO,INOPERATIVO,"AEROPUERTO INTERNACIONAL ""HERMANOS SERDÁN"" DE HUEJOTZINGO, PUE.",,,,,,
SP 1073,AERÓDROMO,ISM,SAN MARCOS,BAJA CALIFORNIA SUR,MULEGE,DIURNO,SERVICIO PARTICULAR,TERRESTRE,2-A,"COMPAÑÍA OCCIDENTAL MEXICANA, S.A. DE C.V.",20.00,WGS 84,27,11,16.00,112,4,12.00,17,35,"1,200.00",16.00,TERRACERÍA,16/05/2016,15 AÑOS,16/05/2031,MAY,2031,SI,VIGENTE,"AEROPUERTO INTERNACIONAL DE LORETO, BAJA CALIFORNIA SUR",,,,,,
SP 1074,AERÓDROMO,ICM,ISLA DEL CARMEN,BAJA CALIFORNIA SUR,ISLA DEL CARMEN,DIURNO,SERVICIO PARTICULAR Y A TERCEROS,TERRESTRE,1-A,"SALINAS DEL PACIFICO, S.A. DE C.V.",1.00,WGS 84,26,0,27.22,111,5,53.07,17,35,930.00,20.00,TERRACERÍA,06/02/2025,180 DÍAS,06/08/2025,AGO,2025,NO,EN TRAMITE,"AEROPUERTO INTERNACIONAL DE LORETO, BAJA CALIFORNIA SUR",,,,,,
SP 1075,AERÓDROMO,UGE,UNION DE GRANJAS ELIZABETH,BAJA CALIFORNIA SUR,MULEGE,DIURNO,SERVICIO PARTICULAR,TERRESTRE,1-A,ENRIQUETA IBARRA DE LA TOBA,80.00,WGS 84,27,39,2.00,113,22,30.00,NO APLICA,NO APLICA,750.00,18.00,TERRACERÍA,19/07/2013,180 DÍAS,19/01/2014,ENE,2014,NO,INOPERATIVO,"AEROPUERTO INTERNACIONAL DE LORETO, BAJA CALIFORNIA SUR",,,,,,
SP 1076,AERÓDROMO,REP,RANCHO EL PILOTO,BAJA CALIFORNIA SUR,MULEGE,DIURNO,SERVICIO PARTICULAR,TERRESTRE,1-A,MANUEL YBARGUEN MESTA,72.00,WGS 84,27,37,7.00,113,26,50.00,NO APLICA,NO APLICA,780.00,20.00,TERRACERÍA,07/11/2014,15 AÑOS,07/11/2029,NOV,2029,SI,VIGENTE,"AEROPUERTO INTERNACIONAL DE LORETO, BAJA CALIFORNIA SUR",,,,,,
SP 1077,AERÓDROMO,TIG,EL TIGRE,GUANAJUATO,PURISIMA DEL RINCON,DIURNO,SERVICIO PARTICULAR,TERRESTRE,2-A,"LOS RUISEÑORES, S.P.R. DE R.I","1,730.00",,20,52,30.00,101,53,28.00,NO APLICA,NO APLICA,850.00,16.00,TERRACERÍA,08/12/2005,180 DÍAS,08/06/2006,JUN,2006,NO,INOPERATIVO,"AEROPUERTO INTERNACIONAL DE GUANAJUATO, GUANAJUATO",,,,,,
SP 1078,AERÓDROMO,LGF,LOS GONZALEZ,JALISCO,TOTOTLÁN,DIURNO,SERVICIO PARTICULAR,TERRESTRE,1-A,LUIS CUAUHTEMOC GONZÁLEZ FARÍAS,"1,200.00",WGS 84,20,33,11.90,102,41,31.50,10,28,"1,200.00",15.00,ASFALTO,26/02/2019,15 AÑOS,26/02/2034,FEB,2034,SI,VIGENTE,"AEROPUERTO INTERNACIONAL DE GUADALAJARA, JALISCO",,,,,,
HP 1079,BARCO-HELIPUERTO,HNR,NAIR II,SINALOA,MAZATLAN,DIURNO,SERVICIO PARTICULAR,HELIPUERTO MIXTO,H-1,"PESCA AZTECA, S.A. DE C.V.",10.00,NO APLICA,NO APLICA,NO APLICA,NO APLICA,NO APLICA,NO APLICA,NO APLICA,,,,,,21/09/2022,15 AÑOS,21/09/2037,SEP,2037,SI,VIGENTE,"AEROPUERTO INTERNACIONAL DE TAPACHULA, CHIAPAS",,,,,,
SP 1080,AERÓDROMO,RAQ,RANCHO ALTO BONITO,COAHUILA,JUÁREZ,DIURNO,SERVICIO PARTICULAR,TERRESTRE,1-A,VICTOR MARIO PEÑA GONZALEZ.,252.00,WGS 84,27,33,4.64,100,28,4.48,15,33,750.00,40.00,TERRACERÍA,10/08/2016,15 AÑOS,10/08/2031,NOV,2031,SI,VIGENTE,"AEROPUERTO INTERNACIONAL DE MONCLOVA, COAHUILA",,,,,,
SP 1081,AERÓDROMO,LIR,LOS PILARES,COAHUILA,OCAMPO,DIURNO,SERVICIO PARTICULAR,TERRESTRE,2-B,"RESERVAS ECOLÓGICAS SUSTENTABLES LA LAGUNA, S.A. DE C.V.","1,215.00",WGS 84,28,50,52.00,102,38,9.00,10,28,"1,960.00",17.00,ASFALTO,08/09/2020,15 AÑOS,08/09/2035,SEP,2035,SI,VIGENTE,"AEROPUERTO INTERNACIONAL DE MONCLOVA, COAHUILA",,,,,,
SP 1082,AERÓDROMO,TEB,TECUBICHI,CHIHUAHUA,CARICHI,DIURNO,SERVICIO PARTICULAR,TERRESTRE,2-A,GILDARDO GARCIA GARCIA,"2,100.00",,27,40,52.00,106,50,2.20,NO APLICA,NO APLICA,960.00,20.00,TERRACERÍA,SIN AUTORIZACIÓN,,SIN AUTORIZACIÓN,ENE,2008,NO,INOPERATIVO,"AEROPUERTO INTERNACIONAL DE CHIHUAHUA, CHIHUAHUA",,,,,,
HP 1083,HELIPUERTO,HML,MOCEL,CIUDAD DE MÉXICO,MIGUEL HIDALGO,DIURNO,SERVICIO PARTICULAR,ELEVADO,H-1,"HOSPITALES NACIONALES, S.A. DE C.V.","2,313.00",,19,24,38.28,99,11,5.90,,,,,,07/06/1999,60 DÍAS,SIN AUTORIZACIÓN,AGO,1999,NO,INOPERATIVO,"AEROPUERTO INTERNACIONAL DE LA CIUDAD DE MEXICO, CIUDAD DE MEXICO",,,,,,
SP 1084,AERÓDROMO,RBU,RANCHO BUENOS AIRES,TAMAULIPAS,VILLAGRÁN,DIURNO,SERVICIO PARTICULAR,TERRESTRE,2-A,"RANCHO BUENOS AIRES, S. DE R.L.",330.00,,24,38,10.50,99,14,51.75,NO APLICA,NO APLICA,"1,000.00",22.00,TERRACERÍA,27/03/2008,5 AÑOS,27/09/2013,SEP,2013,NO,INOPERATIVO,"AEROPUERTO DE CIUDAD VICTORIA, TAMAULIPAS",,,,,,
SP 1085,AERÓDROMO,SPA,HUIZOPA DE DOLORES,CHIHUAHUA,MADERA,DIURNO,SERVICIO PARTICULAR,TERRESTRE,2-A,"COMPAÑÍA MINERA DOLORES, S.A. DE C.V.","1,867.00",NAD 27,28,57,11.00,108,32,49.00,16,34,"1,300.00",18.00,TERRACERÍA,12/11/2021,15 AÑOS,25/10/2036,OCT,2036,SI ,VIGENTE,"AEROPUERTO INTERNACIONAL DE CHIHUAHUA, CHIHUAHUA",,,,,,
SP 1086,AERÓDROMO,MLL,MULLER,BAJA CALIFORNIA,MEXICALI,DIURNO,SERVICIO PARTICULAR,TERRESTRE,1-A,ERIC JAVIER MULLER PAZOS,5.00,WGS 84,32,15,10.00,115,10,42.80,17,35,600.00,10.00,TERRACERÍA,28/06/2016,15 AÑOS,28/06/2031,OCT,2031,SI,VIGENTE,"AEROPUERTO INTERNACIONAL DE MEXICALI, BAJA CALIFORNIA",,,,,,
SP 1087,AERÓDROMO,JVS,CAMPO SAN JAVIER,SINALOA,GUASAVE,DIURNO,SERVICIO PARTICULAR,TERRESTRE,1-A,NEREYDA VALENZUELA GALAVIZ,12.00,WGS 84,25,33,4.63,108,18,55.00,NO APLICA,NO APLICA,700.00,25.00,TERRACERÍA,22/01/2008,180 DÍAS,22/07/2008,JUL,2008,NO,INOPERATIVO,"AEROPUERTO INTERNACIONAL DE LOS MOCHIS, SINALOA",,,,,,
HP 1088,HELIPUERTO,HHM,ALTOS HORNOS DE MEXICO,COAHUILA,MONCLOVA,DIURNO,SERVICIO PARTICULAR,SUPERFICIE,H-1,"ALTOS HORNOS DE MEXICO, S.A. DE C.V.",625.00,NAD 27,26,52,53.50,101,26,52.92,,,,,,04/11/2002,45 DÍAS,SIN AUTORIZACIÓN,DIC,2002,NO,INOPERATIVO,"AEROPUERTO INTERNACIONAL DE MONCLOVA, COAHUILA",,,,,,
SP 1089,AERÓDROMO,SUR,SURUTATO,SINALOA,BADIRAGUATO,DIURNO,SERVICIO PARTICULAR,TERRESTRE,1-A,EJIDO FORESTAL Y GANADERO SURUTATO,"1,430.00",WGS 84,25,47,57.00,107,33,18.00,NO APLICA,NO APLICA,550.00,25.00,TERRACERÍA,15/09/2014,15 AÑOS,15/09/2029,SEP,2029,SI,VIGENTE,"AEROPUERTO INTERNACIONAL DE LOS MOCHIS, SINALOA",,,,,,
SP 1090,AERÓDROMO,STK,SANTA RITA,SINALOA,BADIRAGUATO,DIURNO,SERVICIO PARTICULAR,TERRESTRE,1-A,EJIDO DE SANTA RITA,880.00,,25,55,32.00,107,29,48.00,NO APLICA,NO APLICA,380.00,18.00,TERRACERÍA,26/04/2006,5 AÑOS,26/04/2011,ABR,2011,NO,INOPERATIVO,"AEROPUERTO INTERNACIONAL DE LOS MOCHIS, SINALOA",,,,,,
SP 1091,AERÓDROMO,MZC,MESA COLORADA,CHIHUAHUA,GUADALUPE Y CALVO,DIURNO,SERVICIO PARTICULAR,TERRESTRE,1-A,EJIDO DE MESA COLORADA,"1,060.00",,26,14,29.00,107,28,7.00,NO APLICA,NO APLICA,700.00,15.00,TERRACERÍA,SIN AUTORIZACIÓN,,SIN AUTORIZACIÓN,ENE,2008,NO,INOPERATIVO,"AEROPUERTO INTERNACIONAL DE CHIHUAHUA, CHIHUAHUA",,,,,,
HP 1092,HELIPUERTO,HNY,MANZANILLA,NAYARIT,BAHIA DE BANDERAS,DIURNO,SERVICIO PARTICULAR,SUPERFICIE,H-1,SECRETARIA DE FINANZAS DEL GOBIERNO DEL ESTADO DE NAYARIT,6.00,WGS 84,20,44,51.55,105,23,11.40,,,,,,SIN AUTORIZACIÓN,,SIN AUTORIZACIÓN,JUL,2008,NO,INOPERATIVO,"AEROPUERTO DE TEPIC, NAYARIT",,,,,,
SP 1093,AERÓDROMO,CHK,CHICURAS,SINALOA,SINALOA DE LEYVA,DIURNO,SERVICIO PARTICULAR,TERRESTRE,1-A,EJIDO CHICURAS,600.00,NAD 27,26,12,27.00,107,19,32.00,NO APLICA,NO APLICA,300.00,15.00,TERRACERÍA,26/04/2006,5 AÑOS,26/04/2011,ABR,2011,NO,INOPERATIVO,"AEROPUERTO INTERNACIONAL DE CULIACAN, SINALOA",,,,,,
SP 1094,AERÓDROMO,FRJ,EL FRIJOLAR,SINALOA,BADIRAGUATO,DIURNO,SERVICIO PARTICULAR,TERRESTRE,1-A,EJIDO EL FRIJOLAR,"1,580.00",,25,57,44.00,107,16,56.00,NO APLICA,NO APLICA,400.00,20.00,TERRACERÍA,SIN AUTORIZACIÓN,,SIN AUTORIZACIÓN,ENE,2008,NO,INOPERATIVO,"AEROPUERTO INTERNACIONAL DE LOS MOCHIS, SINALOA",,,,,,
SP 1095,AERÓDROMO,LFX,LAS FLORES,SINALOA,BADIRAGUATO,DIURNO,SERVICIO PARTICULAR,TERRESTRE,1-A,EJIDO LAS FLORES,"1,140.00",,26,2,41.00,107,26,18.00,NO APLICA,NO APLICA,350.00,20.00,TERRACERÍA,24/05/2005,180 DÍAS,24/11/2005,NOV,2005,NO,INOPERATIVO,"AEROPUERTO INTERNACIONAL DE CULIACAN, SINALOA",,,,,,
SP 1096,AERÓDROMO,CBZ,CALABAZAS,CHIHUAHUA,GUADALUPE Y CALVO,DIURNO,SERVICIO PARTICULAR,TERRESTRE,1-A,EJIDO CALABAZAS,920.00,,26,6,32.00,107,14,33.00,NO APLICA,NO APLICA,300.00,20.00,TERRACERÍA,18/04/2007,180 DÍAS,18/10/2007,OCT,2007,NO,INOPERATIVO,"AEROPUERTO INTERNACIONAL DE CULIACAN, SINALOA",,,,,,
SP 1097,AERÓDROMO,MHI,MIGUEL HIDALGO,SINALOA,GUASAVE,DIURNO,SERVICIO PARTICULAR,TERRESTRE,1-A,BALTAZAR CONTRERAS VALLE,10.00,NAD 27,25,26,58.44,108,32,36.54,NO APLICA,NO APLICA,660.00,10.00,TERRACERÍA,05/12/2003,5 AÑOS,05/12/2008,DIC,2008,NO,INOPERATIVO,"AEROPUERTO INTERNACIONAL DE LOS MOCHIS, SINALOA",,,,,,
SP 1098,AERÓDROMO,MRA,MATARACHI,SONORA,SAHUARIPA,DIURNO,SERVICIO PARTICULAR Y A TERCEROS,TERRESTRE,1-A,H. AYUNTAMIENTO CONSTITUCIONAL DE SAHUARIPA,"1,600.00",,28,40,38.00,108,49,32.60,NO APLICA,NO APLICA,480.00,14.00,TERRACERÍA,SIN AUTORIZACIÓN,,SIN AUTORIZACIÓN,ENE,2001,NO,INOPERATIVO,"AEROPUERTO INTERNACIONAL DE HERMOSILLO, SONORA",,,,,,
SP 1099,AERÓDROMO,CVD,COVADONGA,SAN LUIS POTOSÍ,CIUDAD VALLES,DIURNO,SERVICIO PARTICULAR,TERRESTRE,1-A,"DESARROLLADORA 520, S.A. DE C.V. ",48.00,WGS 84,21,54,42.65,98,57,23.39,NO APLICA,NO APLICA,820.00,17.00,TERRACERÍA,16/11/2000,60 DÍAS,SIN AUTORIZACIÓN,ENE,2001,NO,INOPERATIVO,"AEROPUERTO INTERNACIONAL DE TAMPICO, TAMAULIPAS",,,,,,
SP 1100,AERÓDROMO,RCJ,EL CANGREJAL,TAMAULIPAS,SOTO LA MARINA,DIURNO,SERVICIO PARTICULAR,TERRESTRE,1-A,ANDRES RAMIREZ GUERRA,10.00,WGS 84,23,42,8.10,97,47,55.70,NO APLICA,NO APLICA,700.00,9.00,TERRACERÍA,26/07/2006,5 AÑOS,26/07/2011,JUL,2011,NO,INOPERATIVO,"AEROPUERTO INTERNACIONAL DE TAMPICO, TAMAULIPAS",,,,,,
SP 1101,AERÓDROMO,MLT,LOS MILES,TAMAULIPAS,ALDAMA,DIURNO,SERVICIO PARTICULAR,TERRESTRE,1-B,ROSALIA SAN MARTIN DE RENIU,76.00,WGS 84,23,2,51.40,97,47,39.70,NO APLICA,NO APLICA,670.00,30.00,TERRACERÍA,29/09/2008,180 DÍAS,29/03/2009,MAR,2009,NO,INOPERATIVO,"AEROPUERTO INTERNACIONAL DE TAMPICO, TAMAULIPAS",,,,,,
SP 1102,AERÓDROMO,CVI,CASA VIEJA,CHIHUAHUA,BATOPILAS,DIURNO,SERVICIO PARTICULAR,TERRESTRE,1-B,H. AYUNTAMIENTO CONSTITUCIONAL DE BATOPILAS,460.00,,26,55,0.00,107,43,30.00,NO APLICA,NO APLICA,370.00,30.00,TERRACERÍA,01/11/2002,90 DÍAS,01/02/2003,FEB,2003,NO,INOPERATIVO,"AEROPUERTO INTERNACIONAL DE CHIHUAHUA, CHIHUAHUA",,,,,,
SP 1103,AERÓDROMO,MDP,MINERAL DE POLANCO,CHIHUAHUA,BATOPILAS,DIURNO,SERVICIO PARTICULAR,TERRESTRE,1-B,H. AYUNTAMIENTO CONSTITUCIONAL DE BATOPILAS,NO DISPONIBLE,,26,50,13.00,107,38,30.00,NO APLICA,NO APLICA,362.00,30.00,TERRACERÍA,SIN AUTORIZACIÓN,,SIN AUTORIZACIÓN,ENE,2008,NO,INOPERATIVO,"AEROPUERTO INTERNACIONAL DE CHIHUAHUA, CHIHUAHUA",,,,,,
SP 1104,AERÓDROMO,BRO,EL BARRO,OAXACA,PUTLA GUERRERO,DIURNO,SERVICIO PARTICULAR,TERRESTRE,1-A,RAFAEL BERNARDO ZARATE GONZÁLEZ,740.00,WGS 84,17,0,53.68,97,54,42.86,3,21,340.00,20.00,TERRACERÍA,04/05/2011,5 AÑOS,04/05/2016,MAY,2016,NO,INOPERATIVO,"AEROPUERTO INTERNACIONAL DE PUERTO ESCONDIDO, OAXACA",,,,,,
SP 1105,AERÓDROMO,SDB,SIERRITA DE BARRAZA,CHIHUAHUA,BATOPILAS,DIURNO,SERVICIO PARTICULAR,TERRESTRE,1-A,H. AYUNTAMIENTO CONSTITUCIONAL DE BATOPILAS,"1,539.24",,26,45,10.00,107,50,25.00,NO APLICA,NO APLICA,418.00,9.00,TERRACERÍA,SIN AUTORIZACIÓN,,SIN AUTORIZACIÓN,ENE,2008,NO,INOPERATIVO,"AEROPUERTO INTERNACIONAL DE CIUDAD JUAREZ, CHIHUAHUA",,,,,,
SP 1106,AERÓDROMO,YOQ,YOQUIVO,CHIHUAHUA,CHIHUAHUA                                    ,DIURNO,SERVICIO PARTICULAR,TERRESTRE,1-C,H. AYUNTAMIENTO CONSTITUCIONAL DE BATOPILAS,"2,070.00",,27,00,48.00,107,32,10.00,NO APLICA,NO APLICA,787.00,40.00,TERRACERÍA,SIN AUTORIZACIÓN,,SIN AUTORIZACIÓN,ENE,2008,NO,INOPERATIVO,"AEROPUERTO INTERNACIONAL DE CHIHUAHUA, CHIHUAHUA",,,,,,
SP 1107,AERÓDROMO,JMC,JESUS MARIA,CHIHUAHUA,BATOPILAS,DIURNO,SERVICIO PARTICULAR,TERRESTRE,1-C,H. AYUNTAMIENTO CONSTITUCIONAL DE BATOPILAS,"1,125.00",,26,51,33.00,107,39,52.00,NO APLICA,NO APLICA,365.00,30.00,TERRACERÍA,SIN AUTORIZACIÓN,,SIN AUTORIZACIÓN,ENE,2008,NO,INOPERATIVO,"AEROPUERTO INTERNACIONAL DE CHIHUAHUA, CHIHUAHUA",,,,,,
SP 1108,AERÓDROMO,SJV,SAN JOSE DE VALENZUELA,CHIHUAHUA,BATOPILAS,DIURNO,SERVICIO PARTICULAR,TERRESTRE,1-A,H. AYUNTAMIENTO CONSTITUCIONAL DE BATOPILAS,470.00,,26,55,30.00,107,43,10.00,NO APLICA,NO APLICA,400.00,20.00,TERRACERÍA,SIN AUTORIZACIÓN,,SIN AUTORIZACIÓN,ENE,2008,NO,INOPERATIVO,"AEROPUERTO INTERNACIONAL DE CHIHUAHUA, CHIHUAHUA",,,,,,
SP 1109,AERÓDROMO,SGN,SAN IGNACIO,CHIHUAHUA,GUADALUPE Y CALVO,DIURNO,SERVICIO PARTICULAR,TERRESTRE,1-A,COMISARIADO EJIDAL DE SAN IGNACIO CIENEGUILLA,"2,057.00",,26,15,30.00,107,32,35.00,NO APLICA,NO APLICA,520.00,10.00,TERRACERÍA,SIN AUTORIZACIÓN,,SIN AUTORIZACIÓN,ENE,2005,NO,INOPERATIVO,"AEROPUERTO INTERNACIONAL DE CHIHUAHUA, CHIHUAHUA",,,,,,
HP 1110,HELIPUERTO,HTL,TELEVISA SANTA FE,CIUDAD DE MÉXICO,CUAJIMALPA,DIURNO,SERVICIO PARTICULAR,ELEVADO,H-1,"G. TELEVISA-D, S.A. DE C.V.","2,481.00",WGS 84,19,22,29.78,99,15,1.76,,,,,,24/09/2019,180 DÍAS,24/03/2020,MAR,2020,NO,INOPERATIVO,"AEROPUERTO INTERNACIONAL DE LA CIUDAD DE MEXICO, CIUDAD DE MEXICO",,,,,,
SP 1111,AERÓDROMO,LIE  ,EL LIEBRERO,GUANAJUATO,SAN FRANCISCO DEL RINCON,DIURNO,SERVICIO PARTICULAR,TERRESTRE,1-A,FERNANDO JAVIER PALOS CUELLAR,"1,780.00",WGS 84,20,53,47.30,101,49,39.00,NO APLICA,NO APLICA,480.00,12.00,TERRACERÍA,30/01/2006,5 AÑOS,30/01/2011,ENE,2011,NO,INOPERATIVO,"AEROPUERTO INTERNACIONAL DE GUANAJUATO, GUANAJUATO",,,,,,
SP 1112,AERÓDROMO,LBA,LA BRISCA,SONORA,CUCURPE,DIURNO,SERVICIO PARTICULAR,TERRESTRE,1-A,EMILIO ACUÑA PERALTA ,"1,094.00",WGS 84,30,24,43.41,110,34,38.36,NO APLICA,NO APLICA,928.52,40.00,TERRACERÍA,SIN AUTORIZACIÓN,,SIN AUTORIZACIÓN,,,NO,INOPERATIVO,"AEROPUERTO INTERNACIONAL DE NOGALES, SONORA",,,,,,
HP 1113,HELIPUERTO,HCM,TORRE HOPSITAL CHRISTUS MUGUERZA,NUEVO LEÓN,MONTERREY,DIURNO,SERVICIO PARTICULAR,ELEVADO,H-1,"CHRISTUS MUGUERZA, SERVICIOS HOSPITALARIOS, S.A. DE C.V.",632.00,WGS 84,25,40,26.17,100,20,56.99,,,,,,20/03/2003,180 DÍAS,20/09/2003,SEP,2003,NO,EN TRAMITE,"AEROPUERTO INTERNACIONAL DE MONTERREY, NUEVO LEON",,,,,,
SP 1114,AERÓDROMO,RRM,RANCHO SAN ISIDRO,TAMAULIPAS,BURGOS,DIURNO,SERVICIO PARTICULAR,TERRESTRE,2-A,RAYMUNDO CANTU MONTEMAYOR,213.50,,24,59,40.00,98,47,50.00,NO APLICA,NO APLICA,"1,000.00",15.00,TERRACERÍA,29/06/2001,60 DÍAS,SIN AUTORIZACIÓN,AGO,2001,NO,INOPERATIVO,"AEROPUERTO DE CIUDAD VICTORIA, TAMAULIPAS",,,,,,
SP 1115,AERÓDROMO,CPW, CAMPO EL PORVENIR,SINALOA,GUASAVE,DIURNO,SERVICIO PARTICULAR,TERRESTRE,1-A,ARTURO SARACHO ALMEIDA,19.00,WGS 84,25,43,36.40,108,44,20.79,11,29,840.00,10.00,TERRACERÍA,06/05/2015,3 AÑOS,24/07/2018,JUL,2018,NO,INOPERATIVO,"AEROPUERTO INTERNACIONAL DE LOS MOCHIS, SINALOA",,,,,,
SP 1116,AERÓDROMO,POU,PORTEZUELO,DURANGO,TAMAZULA,DIURNO,SERVICIO PARTICULAR,TERRESTRE,1-A,"SERVICIOS AEREOS TAMAZULA, S.A. DE C.V.",580.00,WGS 84,25,6,5.00,107,0,39.00,NO APLICA,NO APLICA,420.00,15.00,TERRACERÍA,10/04/2008,180 DÍAS,10/09/2008,SEP,2008,NO,INOPERATIVO,"AEROPUERTO INTERNACIONAL DE DURANGO, DURANGO",,,,,,
SP 1117,AERÓDROMO,SNE,SAN JORGE,DURANGO,TAMAZULA,DIURNO,SERVICIO PARTICULAR,TERRESTRE,1-A,ISIDRO SARABIA SILVA,900.00,,25,12,24.00,106,58,54.00,NO APLICA,NO APLICA,880.00,10.00,TERRACERÍA,10/07/2007,180 DÍAS,10/01/2008,ENE,2008,NO,INOPERATIVO,"AEROPUERTO INTERNACIONAL DE DURANGO, DURANGO",,,,,,
SP 1118,AERÓDROMO,MTH,ING. MANUEL MORENO TORRES ,SAN LUIS POTOSÍ,MATEHUALA,DIURNO,SERVICIO PARTICULAR,TERRESTRE,3-B,GOBIERNO DEL ESTADO DE SAN LUIS POTOSI,"1,555.00",WGS 84,23,40,38.00,100,37,21.00,NO APLICA,NO APLICA,"1,750.00",24.00,ASFALTO,04/04/2025,30 AÑOS,04/04/2055,ABR,2055,SI,VIGENTE,"AEROPUERTO INTERNACIONAL DE SAN LUIS POTOSI, SAN LUIS POTOSI",,,,,,
SP 1119,AERÓDROMO,CJP,CUAJINICUILAPA,GUERRERO,CUAJINICUILAPA,DIURNO,SERVICIO PARTICULAR,TERRESTRE,1-A,COMISIÓN DE INFRAESTRUCTURA CARRETERA Y AEROPORTUARIA DEL GOBIERNO DEL ESTADO DE GUERRERO.,67.00,WGS 84,16,27,48.35,98,23,38.23,11,29,850.00,20.00,ASFALTO,09/11/2017,180 DÍAS,09/05/2018,MAY,2018,NO,EN TRAMITE,"AEROPUERTO INTERNACIONAL DE ACAPULCO, GUERRERO",,,,,,
SP 1120,AERÓDROMO,ADM,AERÓDROMO DEL MAYO,SONORA,ETCHOJOA,DIURNO,SERVICIO PARTICULAR Y A TERCEROS,TERRESTRE,1-A,NUMA LUIS VIELLEDENT MENDEZ,15.00,WGS 84,26,53,46.90,109,31,30.10,NO APLICA,NO APLICA,"1,000.00",15.00,TERRACERÍA,04/03/2015,15 AÑOS,04/03/2030,MAR,2030,SI,VIGENTE,"AEROPUERTO INTERNACIONAL DE CIUDAD OBREGON, SONORA",,,,,,
SP 1121,AERÓDROMO,PSE,SANTA ELENA,DURANGO,EL MEZQUITAL,DIURNO,SERVICIO PARTICULAR,TERRESTRE,1-A,"AERO SERVICIOS EMPRESARIALES, S.A. DE C.V.","1,615.00",WGS 84,23,38,19.00,104,36,37.00,NO APLICA,NO APLICA,650.00,10.00,TERRACERÍA,08/11/2005,5 AÑOS,08/11/2010,NOV,2010,NO,INOPERATIVO,"AEROPUERTO INTERNACIONAL DE DURANGO, DURANGO",,,,,,
SP 1122,AERÓDROMO,RDZ,HERMANOS RODRIGUEZ,COLIMA,ARMERIA,DIURNO,SERVICIO PARTICULAR,TERRESTRE,1-A,ADOLFO RODRIGUEZ OCHOA,40.00,,18,56,6.00,103,57,15.00,NO APLICA,NO APLICA,650.00,20.00,TERRACERÍA,02/02/2004,5 AÑOS,02/02/2009,FEB,2009,NO,INOPERATIVO,"AEROPUERTO INTERNACIONAL DE MANZANILLO, COLIMA",,,,,,
SP 1123,AERÓDROMO,VGD,VALGAME DIOS,SINALOA,BADIRAGUATO,DIURNO,SERVICIO PARTICULAR,TERRESTRE,1-A,"AVIONES UNIDOS, S.A. DE C.V.",980.00,,26,7,0.00,107,29,0.00,NO APLICA,NO APLICA,300.00,13.00,TERRACERÍA,23/02/2007,5 AÑOS,23/02/2012,FEB,2012,NO,INOPERATIVO,"AEROPUERTO INTERNACIONAL DE LOS MOCHIS, SINALOA",,,,,,
SP 1124,AERÓDROMO,SGC,SAUCITO DE ARAUJO,CHIHUAHUA,GUADALUPE Y CALVO,DIURNO,SERVICIO PARTICULAR,TERRESTRE,1-A,MUNICIPIO DE GUDALUPE Y CALVO,"1,237.00",WGS 84,25,56,58.43,107,14,42.32,11,29,390.00,15.00,TERRACERÍA,28/08/2021,15 AÑOS,28/08/2036,AGO,2036,SI,VIGENTE,"AEROPUERTO INTERNACIONAL DE CULIACAN, SINALOA",,,,,,
SP 1125,AERÓDROMO,SRX,SANTA RITA,CHIHUAHUA,GUADALUPE Y CALVO,DIURNO,SERVICIO PARTICULAR,TERRESTRE,1-A,EJIDO SANTA RITA Y SUS ANEXO,"1,021.00",WGS 84,26,7,39.82,107,9,13.90,17,35,500.00,15.00,TERRACERÍA,18/11/2021,15 AÑOS,18/11/2036,NOV,2036,SI ,VIGENTE ,"AEROPUERTO INTERNACIONAL DE CULIACAN, SINALOA",,,,,,
SP 1126,AERÓDROMO,,PERICOS,SINALOA,MOCORITO,DIURNO,SERVICIO PARTICULAR,TERRESTRE,1-A,GUSTAVO GALAVIZ LOPEZ,40.00,,25,3,49.30,107,43,20.70,NO APLICA,NO APLICA,400.00,15.00,TERRACERÍA,11/05/2001,30 DÍAS,SIN AUTORIZACIÓN,JUN,2001,NO,INOPERATIVO,"AEROPUERTO INTERNACIONAL DE CULIACAN, SINALOA",,,,,,
SP 1127,AERÓDROMO,ERZ,EL RODRIGUEZ,SONORA,CAJEME,DIURNO,SERVICIO PARTICULAR,TERRESTRE,2-B,AMADOR A. RONQUILLO MELENDREZ,227.00,NAD 27,28,14,37.80,109,59,53.40,14,32,"1,200.00",18.00,TERRACERÍA,15/01/2019,15 AÑOS,15/01/2034,ENE,2034,SI,VIGENTE,"AEROPUERTO INTERNACIONAL DE CIUDAD OBREGON, SONORA",,,,,,
SP 1128,AERÓDROMO,RCT,RANCHO EL COMANDANTE ,COAHUILA,MUZQUIZ,DIURNO,SERVICIO PARTICULAR,TERRESTRE,1-A,"RANCHO EL COMANDANTE, S.A. DE C.V.",645.00,NAD 27,28,28,31.00,101,49,24.00,13,31,800.00,18.00,TERRACERÍA,16/11/2017,15 AÑOS,17/11/2032,NOV,2032,SI,VIGENTE,"AEROPUERTO INTERNACIONAL DE CIUDAD OBREGON, SONORA",,,,,,
SP 1129,AERÓDROMO,ERD,EL RODEO,DURANGO,TAMAZULA,DIURNO,SERVICIO PARTICULAR,TERRESTRE,1-A,MANUEL MORALES HERRERA,NO DISPONIBLE,,24,36,0.00,106,14,0.00,NO APLICA,NO APLICA,,,TERRACERÍA,19/02/2007,180 DÍAS,19/08/2007,AGO,2007,NO,INOPERATIVO,"AEROPUERTO INTERNACIONAL DE CULIACAN, SINALOA Y DE DURANGO, DURANGO",,,,,,
SP 1130,AERÓDROMO,LHE,LA HERMANDAD,NAYARIT,LA YESCA,DIURNO,SERVICIO PARTICULAR,TERRESTRE,1-A,"H. AYUNTAMIENTO CONSTITUCIONAL DE LA YESCA, NAY.","1,200.00",,21,30,14.60,103,47,56.00,18,36,600.00,20.00,TERRACERÍA,17/04/2007,180 DÍAS,17/10/2007,OCT,2007,NO,INOPERATIVO,"AEROPUERTO DE TEPIC, NAYARIT",,,,,,
SP 1131,AERÓDROMO,VBB,VALENTIN BARRERA,TAMAULIPAS,MIGUEL ALEMAN,DIURNO,SERVICIO PARTICULAR,TERRESTRE,2-B,"SERVICIOS AEROPORTUARIOS TAMPICO, S.A DE C.V.",88.00,WGS 84,26,20,30.69,99,0,59.91,14,32,"1,200.00",18.00,ASFALTO,04/09/2006,5 AÑOS,04/09/2011,SEP,2011,NO,INOPERATIVO,"AEROPUERTO INTERNACIONAL DE REYNOSA, TAMAULIPAS",,,,,,
HP 1132,HELIPUERTO,HRW,RESIDENCIAL DEL BOSQUE II,CIUDAD DE MÉXICO,MIGUEL HIDALGO,DIURNO,SERVICIO PARTICULAR,ELEVADO,H-1,"RESIDENCIAL DEL BOSQUE, A.C.","2,275.00",WGS 84,19,25,46.00,99,11,3.40,,,,,,07/11/2014,15 AÑOS,07/11/2029,NOV,2029,SI,VIGENTE,"AEROPUERTO INTERNACIONAL DE LA CIUDAD DE MEXICO, CIUDAD DE MEXICO",,,,,,
SP 1133,AERÓDROMO,EJL,MESA DE SAN RAFAEL,CHIHUAHUA,GUADALUPE Y CALVO,DIURNO,SERVICIO PARTICULAR,TERRESTRE,1-A,"COMISARIADO EJIDAL, EJIDO LA TRINIDAD","2,559.00",NAD 27,25,47,37.12,106,39,33.45,NO APLICA,NO APLICA,800.00,20.00,TERRACERÍA,14/12/2005,5 AÑOS,14/12/2010,DIC,2010,NO,INOPERATIVO,"AEROPUERTO INTERNACIONAL DE CHIHUAHUA, CHIHUAHUA",,,,,,
HP 1134,BARCO-HELIPUERTO,HNA,NAIR I,CHIAPAS,TAPACHULA,DIURNO,SERVICIO PARTICULAR,HELIPUERTO MIXTO,H-1,"HERSEA, S.A. DE C.V.",0.00,NO APLICA,NO APLICA,NO APLICA,NO APLICA,NO APLICA,NO APLICA,NO APLICA,,,,,,11/11/2014,15 AÑOS,11/11/2029,NOV,2029,SI,VIGENTE,"AEROPUERTO INTERNACIONAL DE TAPACHULA, CHIAPAS",,,,,,
HP 1135,HELIPUERTO,HMI,MOLIERE DOS22,CIUDAD DE MÉXICO,MIGUEL HIDALGO,DIURNO Y NOCTURNO,SERVICIO PARTICULAR,ELEVADO,H-1,"ADMINISTRADORA MOLIERE 222, S.A. DE C.V.","2,292.00",WGS 84,19,26,5.81,99,12,10.17,,,,,,23/04/2015,15 AÑOS,23/04/2030,ABR,2030,SI,VIGENTE,"AEROPUERTO INTERNACIONAL DE LA CIUDAD DE MEXICO, CIUDAD DE MEXICO",,,,,,
SP 1136,AERÓDROMO,BBS,BAHIA DE LAS BALLENAS,BAJA CALIFORNIA SUR,MULEGE,DIURNO,SERVICIO PARTICULAR,TERRESTRE,2-A,JESUS RENE VILLAVICENCIO CANETT,5.00,,26,49,0.00,113,28,0.00,NO APLICA,NO APLICA,"1,400.00",20.00,TERRACERÍA,25/07/2007,180 DÍAS,25/01/2008,ENE,2008,NO,INOPERATIVO,"AEROPUERTO INTERNACIONAL DE LORETO, BAJA CALIFORNIA SUR",,,,,,
SP 1137,AERÓDROMO,LPF,LA PALOMA,SINALOA,GUASAVE,DIURNO,SERVICIO PARTICULAR,TERRESTRE,1-A,JOSE ANTONIO LIERA INZUNZA,20.00,WGS 84,25,28,37.90,108,12,52.80,4,22,550.00,6.00,TERRACERÍA,07/10/2015,15 AÑOS,07/10/2030,OCT,2030,SI,VIGENTE,"AEROPUERTO INTERNACIONAL DE LOS MOCHIS, SINALOA",,,,,,
SP 1138,AERÓDROMO,BNZ,"BONANZA
(Fallecimiento de Titular)",BAJA CALIFORNIA,MEXICALI,DIURNO,SERVICIO PARTICULAR,TERRESTRE,1-A,IRANNIAADALI RUBIO PEREZ,15.00,WGS 84,32,26,46.26,115,11,7.96,12,30,580.00,10.00,TERRENO NATURAL DE ARCILLA COMPACTADA,07/06/2016,15 AÑOS,07/06/2031,JUN,2031,NO,EN TRAMITE,"AEROPUERTO INTERNACIONAL DE MEXICALI, BAJA CALIFORNIA",,,,,,
SP 1139,AERÓDROMO,SMB,SAN MARTIN DE BOLAÑOS,JALISCO,SAN MARTIN DE BOLAÑOS,DIURNO,SERVICIO PARTICULAR,TERRESTRE,2-A,MUNICIPIO DE SAN MARTÍN DE BOLAÑOS,876.00,WGS 84,21,41,29.73,103,49,37.33,12,30,930.00,16.00,TERRACERÍA,13/02/2017,180 DÍAS,13/08/2017,AGO,2017,NO,INOPERATIVO,"AEROPUERTO INTERNACIONAL DE GUADALAJARA, JALISCO",,,,,,
SP 1140,AERÓDROMO,MGO,MOLANGO,HIDALGO,MOLANGO,DIURNO,SERVICIO PARTICULAR,TERRESTRE,2-B,"COMPAÑIA MINERA AUTLAN, S.A.B. DE C.V.","1,600.00",WGS 84,20,47,25.00,98,44,18.00,11,29,870.00,20.00,ASFALTO,14/12/2022,180 DIAS,14/06/2023,JUN,2023,NO,EN TRAMITE,"AEROPUERTO DE PACHUCA, HIDALGO",,,,,,
SP 1141,AERÓDROMO,SRA,SIERRA SANTA,DURANGO,OTAEZ,DIURNO,SERVICIO PARTICULAR,TERRESTRE,1-A,FLORENTINO LECHUGA DIAZ,"2,262.00",WGS 84,24,25.00,30.36,106,1,50.52,NO APLICA,NO APLICA,,,TERRACERÍA,SIN AUTORIZACIÓN,,SIN AUTORIZACIÓN,,,NO,EN TRAMITE,"AEROPUERTO INTERNACIONAL DE DURANGO, DURANGO",,,,,,
SP 1142,AERÓDROMO,PLU,PALULA,SAN LUIS POTOSÍ,REAL DEL CATORCE,DIURNO,SERVICIO PARTICULAR,TERRESTRE,2-A,JOSE CERRILLO CHOWELL,"2,155.00",WGS 84,23,48,30.20,101,24,34.60,5,23,"1,200.00",20.00,TERRACERÍA,06/05/2022,15 AÑOS,06/05/2037,MAY,2037,SI,VIGENTE,"AEROPUERTO INTERNACIONAL DE SAN LUIS POTOSI, SAN LUIS POTOSI",,,,,,
SP 1143,AERÓDROMO,PCK,LA POCHOTECA,NAYARIT,TEPIC,DIURNO,SERVICIO PARTICULAR,TERRESTRE,1-A,"H. AYUNTAMIENTO CONSTITUCIONAL  EL NAYAR, NAYARIT",810.00,NAD 27,21,35,2.00,104,41,30.00,NO APLICA,NO APLICA,450.00,15.00,TERRACERÍA,08/03/2002,90 DÍAS,SIN AUTORIZACIÓN,JUN,2002,NO,INOPERATIVO,"AEROPUERTO DE TEPIC, NAYARIT",,,,,,
SP 1144,AERÓDROMO,GPE,GUADALUPE OCOTAN,NAYARIT,LA YESCA,DIURNO,SERVICIO PARTICULAR,TERRESTRE,1-A,"H. AYUNTAMIENTO CONSTITUCIONAL DE LA YESCA, NAY.","1,600.00",,22,03,00,104,18,00,2,20,760.00,25.00,TERRACERÍA,17/04/2007,180 DÍAS,17/10/2007,OCT,2007,NO,INOPERATIVO,"AEROPUERTO DE TEPIC, NAYARIT",,,,,,
SP 1145,AERÓDROMO,,PUENTE DE CAMOTLAN,NAYARIT,LA YESCA,DIURNO,SERVICIO PARTICULAR,TERRESTRE,2-A,"H. AYUNTAMIENTO CONSTITUCIONAL DE LA YESCA, NAY.","1,120.00",,21,42,30.00,104,05,30.00,16,34,"1,200.00",25.00,TERRACERÍA,17/04/2007,180 DÍAS,17/10/2007,OCT,2007,NO,INOPERATIVO,"AEROPUERTO DE TEPIC, NAYARIT",,,,,,
SP 1146,AERÓDROMO,LYS,LA YESCA,NAYARIT,LA YESCA,DIURNO,SERVICIO PARTICULAR,TERRESTRE,2-A,"H. AYUNTAMIENTO CONSTITUCIONAL DE LA YESCA, NAY.","1,250.00",,21,19,00,104,35,00,4,22,"1,000.00",20.00,TERRACERÍA,17/04/2007,180 DÍAS,17/10/2007,OCT,2007,NO,INOPERATIVO,"AEROPUERTO DE TEPIC, NAYARIT",,,,,,
SP 1147,AERÓDROMO,LMA,LA MANGA,NAYARIT,LA YESCA,DIURNO,SERVICIO PARTICULAR,TERRESTRE,2-A,"H. AYUNTAMIENTO CONSTITUCIONAL DE LA YESCA, NAY.","1,700.00",,21,29,22.00,104,35,0.00,3,21,600.00,20.00,TERRACERÍA,17/04/2007,180 DÍAS,17/10/2007,OCT,2007,NO,INOPERATIVO,"AEROPUERTO DE TEPIC, NAYARIT",,,,,,
SP 1148,AERÓDROMO,SJX,SAN JUAN IXTAPALAPA,NAYARIT,LA YESCA,DIURNO,SERVICIO PARTICULAR,TERRESTRE,1-A,"H. AYUNTAMIENTO CONSTITUCIONAL DE LA YESCA, NAY.","1,800.00",,21,30,43.00,104,02,49.00,2,20,800.00,20.00,TERRACERÍA,19/04/2007,180 DÍAS,19/10/2007,OCT,2007,NO,INOPERATIVO,"AEROPUERTO DE TEPIC, NAYARIT",,,,,,
SP 1149,AERÓDROMO,HIC,HUAJIMIC,NAYARIT,LA YESCA,DIURNO,SERVICIO PARTICULAR,TERRESTRE,2-A,"H. AYUNTAMIENTO CONSTITUCIONAL DE LA YESCA, NAY.",NO DISPONIBLE,,21,41,00,104,17,30.00,NO APLICA,NO APLICA,"1,000.00",15.00,TERRACERÍA,17/04/2007,180 DÍAS,17/10/2007,OCT,2007,NO,INOPERATIVO,"AEROPUERTO DE TEPIC, NAYARIT",,,,,,
SP 1150,AERÓDROMO,ETN CHECAR SP 611,EL TRAPICHE,NAYARIT,LA YESCA,DIURNO,SERVICIO PARTICULAR,TERRESTRE,1-A,"H. AYUNTAMIENTO CONSTITUCIONAL DE LA YESCA, NAY.","1,350.00",,21,26,32.00,104,11,48.00,8,26,800.00,12.00,TERRACERÍA,17/04/2007,180 DÍAS,17/10/2007,OCT,2007,NO,INOPERATIVO,"AEROPUERTO DE TEPIC, NAYARIT",,,,,,
SP 1151,AERÓDROMO,MDM,MECATILLO,NAYARIT,LA YESCA,DIURNO,SERVICIO PARTICULAR,TERRESTRE,1-A,"H. AYUNTAMIENTO CONSTITUCIONAL DE LA YESCA, NAY.","1,080.00",,21,14,16.00,104,10,08,10,28,600.00,20.00,TERRACERÍA,31/07/2003,180 DÍAS,31/01/2004,ENE,2004,NO,INOPERATIVO,"AEROPUERTO DE TEPIC, NAYARIT",,,,,,
SP 1152,AERÓDROMO,APJ,APOZOLCO,NAYARIT,LA YESCA,DIURNO,SERVICIO PARTICULAR,TERRESTRE,1-A,"H. AYUNTAMIENTO CONSTITUCIONAL DE LA YESCA, NAY.",720.00,,21,25,41.00,103,54,15.00,3,21,700.00,20.00,TERRACERÍA,17/04/2007,180 DÍAS,17/10/2007,OCT,2007,NO,INOPERATIVO,"AEROPUERTO DE TEPIC, NAYARIT",,,,,,
SP 1153,AERÓDROMO,AMA,AMATLAN DE JORA,NAYARIT,LA YESCA,DIURNO,SERVICIO PARTICULAR,TERRESTRE,1-A,"H. AYUNTAMIENTO CONSTITUCIONAL DE LA YESCA, NAY.","1,350.00",,21,23,28.00,104,07,52.00,7,25,600.00,15.00,TERRACERÍA,17/04/2007,180 DÍAS,17/10/2007,OCT,2007,NO,INOPERATIVO,"AEROPUERTO DE TEPIC, NAYARIT",,,,,,
SP 1154,AERÓDROMO,MDS,MESA DE LOS SAUCEDO,NAYARIT,LA YESCA,DIURNO,SERVICIO PARTICULAR,TERRESTRE,1-A,"H. AYUNTAMIENTO CONSTITUCIONAL DE LA YESCA, NAY.","1,400.00",,21,27,41.00,103,58,36.00,11,29,500.00,20.00,TERRACERÍA,17/04/2007,180 DÍAS,17/10/2007,OCT,2007,NO,INOPERATIVO,"AEROPUERTO DE TEPIC, NAYARIT",,,,,,
SP 1155,AERÓDROMO,AAS,AMBAS AGUAS,NAYARIT,LA YESCA,DIURNO,SERVICIO PARTICULAR,TERRESTRE,1-C,"H. AYUNTAMIENTO CONSTITUCIONAL DE LA YESCA, NAY.","1,050.00",,21,21,05,104,10,14.00,12,30,600.00,20.00,TERRACERÍA,17/04/2007,180 DÍAS,17/10/2007,OCT,2007,NO,INOPERATIVO,"AEROPUERTO DE TEPIC, NAYARIT",,,,,,
SP 1156,AERÓDROMO,CRM,CARRIZAL,BAJA CALIFORNIA SUR,LA PAZ,DIURNO,SERVICIO PARTICULAR Y A TERCEROS,TERRESTRE,2-C,"RANCHO LA MISION, S.A. DE C.V.",192.00,WGS 84,23,42,41.39,110,17,15.18,9,27,"1,430.00",15.00,TERRACERÍA,17/04/2019,14 AÑOS,12/10/2033,ABR,2033,SI ,VIGENTE ,"AEROPUERTO INTERNACIONAL DE LA PAZ, BAJA CALIFORNIA SUR",,,,,,
SP 1157,AERÓDROMO,POT,POPOTA,NAYARIT,LA YESCA,DIURNO,SERVICIO PARTICULAR,TERRESTRE,1-A,"H. AYUNTAMIENTO CONSTITUCIONAL DE LA YESCA, NAY.","1,000.00",,21,29,00,103,55,00,17,35,500.00,20.00,TERRACERÍA,31/07/2003,180 DÍAS,31/01/2004,ENE,2004,NO,INOPERATIVO,"AEROPUERTO DE TEPIC, NAYARIT",,,,,,
SP 1158,AERÓDROMO,CIR,LA CIRUELILLA,NAYARIT,LA YESCA,DIURNO,SERVICIO PARTICULAR,TERRESTRE,1-A,"H. AYUNTAMIENTO CONSTITUCIONAL DE LA YESCA, NAY.","2,100.00",WGS 84,21,33,45.00,103,57,20.00,2,20,800.00,30.00,TERRACERÍA,17/04/2007,180 DÍAS,17/10/2007,OCT,2007,NO,INOPERATIVO,"AEROPUERTO DE TEPIC, NAYARIT",,,,,,
SP 1159,AERÓDROMO,PGL,EL PEDREGAL,BAJA CALIFORNIA,ENSENADA,DIURNO,SERVICIO PARTICULAR,TERRESTRE,1-A,RAFAEL TOMAS JORGE ORENDAIN FAUDOA,7.00,WGS 84,30,27,42.49,115,57,56.74,12,30,545.00,10.00,TERRACERÍA,26/10/2021,180 DÍAS,26/04/2022,ABR,2022,NO,EN TRAMITE,"AEROPUERTO INTERNACIONAL DE TIJUANA, BAJA CALIFORNIA",,,,,,
SP 1160,AERÓDROMO,RNS,RANCHO SANTO NIÑO,COAHUILA,OCAMPO,DIURNO,SERVICIO PARTICULAR,TERRESTRE,1-A,ADALBERTO SANTOS BENAVIDES,"1,655.00",NAD 27,27,41,1.17,102,13,51.99,NO APLICA,NO APLICA,800.00,20.00,TERRACERÍA,23/01/2002,180 DÍAS,SIN AUTORIZACIÓN,JUL,2002,NO,INOPERATIVO,"AEROPUERTO INTERNACIONAL DE MONCLOVA, COAHUILA",,,,,,
SP 1161,AERÓDROMO,SIE,SIERRITA,DURANGO,TAMAZULA,DIURNO,SERVICIO PARTICULAR,TERRESTRE,1-A,SANTOS ANGULO QUIÑONES,"1,021.00",WGS 84,25,15,4.32,106,54,38.64,NO APLICA,NO APLICA,350.00,12.00,TERRACERÍA,12/03/2008,180 DÍAS,12/09/2008,SEP,2008,NO,INOPERATIVO,"AEROPUERTO INTERNACIONAL DE DURANGO, DURANGO",,,,,,
SP 1162,AERÓDROMO,COW,COMEDERO,DURANGO,TOPIA,DIURNO,SERVICIO PARTICULAR,TERRESTRE,1-A,JESUS M. TORRES TORRES,"1,313.00",WGS 84,25,16,36.39,106,53,28.09,NO APLICA,NO APLICA,350.00,16.00,TERRACERÍA,12/03/2008,180 DÍAS,12/09/2008,SEP,2008,NO,INOPERATIVO,"AEROPUERTO INTERNACIONAL DE DURANGO, DURANGO",,,,,,
SP 1163,AERÓDROMO,MJR,MESA DEL JARILLAL,DURANGO,TOPIA,DIURNO,SERVICIO PARTICULAR,TERRESTRE,1-A,TRINIDAD ROMERO TERAN,975.00,,25,44,30.00,106,44,30.00,NO APLICA,NO APLICA,390.00,10.00,TERRACERÍA,22/07/2003,60 DÍAS,SIN AUTORIZACIÓN,SEP,2003,NO,INOPERATIVO,"AEROPUERTO INTERNACIONAL DE DURANGO, DURANGO",,,,,,
SP 1164,AERÓDROMO,LUN,LA LUNA,SINALOA,NAVOLATO,DIURNO,SERVICIO PARTICULAR,TERRESTRE,1-A,JOSE DE JESUS GOMEZ ALCALA,7.00,WGS 84,24,39,45.00,107,31,11.00,8,26,730.00,11.00,ASFALTO,07/03/2014,15 AÑOS,07/03/2029,MAR,2029,NO,SIN PERMISO POR FALLECIMIEMTO DE TITULAR,"AEROPUERTO INTERNACIONAL DE CULIACAN, SINALOA",,,,,,
HP 1165,BARCO-HELIPUERTO,HQA,AZTECA 1,SINALOA,MAZATLÁN,DIURNO,SERVICIO PARTICULAR,HELIPUERTO MIXTO,H-1,"PESCA AZTECA, S.A. DE C.V.",0.00,NO APLICA,NO APLICA,NO APLICA,NO APLICA,NO APLICA,NO APLICA,NO APLICA,,,,,,18/04/2018,15 AÑOS,18/04/2033,ABR,2033,SI,VIGENTE,"AEROPUERTO INTERNACIONAL DE MAZATLAN, SINALOA",,,,,,
HP 1166,BARCO-HELIPUERTO,HQB,AZTECA 2,SINALOA,MAZATLÁN,DIURNO,SERVICIO PARTICULAR,HELIPUERTO MIXTO,H-1,"PESCA AZTECA, S.A. DE C.V.",0.00,NO APLICA,NO APLICA,NO APLICA,NO APLICA,NO APLICA,NO APLICA,NO APLICA,,,,,,07/06/2018,15 AÑOS,07/06/2033,JUN,2033,SI,VIGENTE,"AEROPUERTO INTERNACIONAL DE MAZATLAN, SINALOA",,,,,,
HP 1167,BARCO-HELIPUERTO,HQC,AZTECA 3,SINALOA,MAZATLÁN,DIURNO,SERVICIO PARTICULAR,HELIPUERTO MIXTO,H-1,"PESCA AZTECA, S.A. DE C.V.",0.00,NO APLICA,NO APLICA,NO APLICA,NO APLICA,NO APLICA,NO APLICA,NO APLICA,,,,,,18/04/2018,15 AÑOS,14/04/2033,ABR,2033,SI,VIGENTE,"AEROPUERTO INTERNACIONAL DE MAZATLAN, SINALOA",,,,,,
HP 1168,BARCO-HELIPUERTO,HQD,AZTECA 4,SINALOA,MAZATLÁN,DIURNO,SERVICIO PARTICULAR,HELIPUERTO MIXTO,H-1,"PESCA AZTECA, S.A. DE C.V.",0.00,NO APLICA,NO APLICA,NO APLICA,NO APLICA,NO APLICA,NO APLICA,NO APLICA,,,,,,19/09/2018,15 AÑOS,19/09/2033,SEP,2033,SI,VIGENTE,"AEROPUERTO INTERNACIONAL DE MAZATLAN, SINALOA",,,,,,
HP 1169,BARCO-HELIPUERTO,HQE,AZTECA 5,SINALOA,MAZATLÁN,DIURNO,SERVICIO PARTICULAR,HELIPUERTO MIXTO,H-1,"PESCA AZTECA, S.A. DE C.V.",0.00,NO APLICA,NO APLICA,NO APLICA,NO APLICA,NO APLICA,NO APLICA,NO APLICA,,,,,,08/05/2019,15 AÑOS,08/05/2034,MAY,2034,SI,VIGENTE ,"AEROPUERTO INTERNACIONAL DE MAZATLAN, SINALOA",,,,,,
HP 1170,BARCO-HELIPUERTO,HQF,AZTECA 6,SINALOA,MAZATLÁN,DIURNO,SERVICIO PARTICULAR,HELIPUERTO MIXTO,H-1,"PESCA AZTECA, S.A. DE C.V.",0.00,NO APLICA,NO APLICA,NO APLICA,NO APLICA,NO APLICA,NO APLICA,NO APLICA,,,,,,18/04/2018,15 AÑOS,14/04/2033,ABR,2033,SI,VIGENTE ,"AEROPUERTO INTERNACIONAL DE MAZATLAN, SINALOA",,,,,,
HP 1171,BARCO-HELIPUERTO,HQG,AZTECA 7,SINALOA,MAZATLÁN,DIURNO,SERVICIO PARTICULAR,HELIPUERTO MIXTO,H-1,"PESCA AZTECA, S.A. DE C.V.",10.00,NO APLICA,23,12,51.10,106,23,39.40,,,,,,11/04/2025,15 AÑOS,11/04/2040,ABR,2040,SI,VIGENTE,"AEROPUERTO INTERNACIONAL DE MAZATLAN, SINALOA",,,,,,
HP 1172,BARCO-HELIPUERTO,HQH,AZTECA 8,SINALOA,MAZATLÁN,DIURNO,SERVICIO PARTICULAR,HELIPUERTO MIXTO,H-1,"PESCA AZTECA, S.A. DE C.V.",0.00,NO APLICA,NO APLICA,NO APLICA,NO APLICA,NO APLICA,NO APLICA,NO APLICA,,,,,,18/04/2018,15 AÑOS,18/04/2033,ABR,2033,SI,VIGENTE,"AEROPUERTO INTERNACIONAL DE MAZATLAN, SINALOA",,,,,,
HP 1173,BARCO-HELIPUERTO,HQI,AZTECA 9,SINALOA,MAZATLÁN,DIURNO,SERVICIO PARTICULAR,HELIPUERTO MIXTO,H-1,"PESCA AZTECA, S.A. DE C.V.",0.00,NO APLICA,NO APLICA,NO APLICA,NO APLICA,NO APLICA,NO APLICA,NO APLICA,,,,,,07/06/2018,15 AÑOS,07/06/2033,JUN,2033,SI ,VIGENTE,"AEROPUERTO INTERNACIONAL DE MAZATLAN, SINALOA",,,,,,
HP 1174,BARCO-HELIPUERTO,HQJ,AZTECA 10,SINALOA,MAZATLÁN,DIURNO,SERVICIO PARTICULAR,HELIPUERTO MIXTO,H-1,"PESCA AZTECA, S.A. DE C.V.",0.00,NO APLICA,NO APLICA,NO APLICA,NO APLICA,NO APLICA,NO APLICA,NO APLICA,,,,,,07/06/2018,15 AÑOS,07/06/2033,JUN,2033,SI,VIGENTE,"AEROPUERTO INTERNACIONAL DE MAZATLAN, SINALOA",,,,,,
SP 1175,AERÓDROMO,RCO,REAL DEL CASTILLO,BAJA CALIFORNIA,ENSENADA,DIURNO,SERVICIO PARTICULAR,TERRESTRE,1-A,MACARIA MARRÓN PONCE (ALBACEA Y ADJUDICADA DE LA SUCESIÓN DE RAMÓN HORTA VIDRIO),740.00,WGS 84,31,52,52.30,116,11,31.00,8,26,"2,000.00",20.00,TERRACERÍA,12/04/2016,3 AÑOS,12/04/2019,ABR,2019,NO,INOPERATIVO,"AEROPUERTO INTERNACIONAL DE ENSENADA, BAJA CALIFORNIA",,,,,,
SP 1176,AERÓDROMO,TTP,TUTUTEPEC,OAXACA,VILLA TUTUTEPEC,DIURNO,SERVICIO PARTICULAR,TERRESTRE,1-A,"H. AYUNTAMIENTO DE TUTUTEPEC, OAXACA",85.70,WGS 84,16,7,0.00,97,38,0.00,17,35,633.00,30.00,TERRACERÍA,11/05/2016,180 DÍAS,11/11/2016,NOV,2016,NO,INOPERATIVO,"AEROPUERTO INTERNACIONAL DE PUERTO ESCONDIDO, OAXACA",,,,,,
SP 1177,AERÓDROMO,PKC,PICACHO,SINALOA,BADIRAGUATO,DIURNO,SERVICIO PARTICULAR,TERRESTRE,1-A,"TAXI AEREO NACIONAL DEL EVORA, S.A. DE C.V.",840.00,,25,58,16.00,107,23,31.20,NO APLICA,NO APLICA,600.00,20.00,TERRACERÍA,01/06/2005,180 DÍAS,01/12/2005,DIC,2005,NO,INOPERATIVO,"AEROPUERTO INTERNACIONAL DE LOS MOCHIS, SINALOA",,,,,,
SP 1178,AERÓDROMO,HDK,HUERTA DE LOS CARRILLO,CHIHUAHUA,GUADALUPE Y CALVO,DIURNO,SERVICIO PARTICULAR,TERRESTRE,1-A,"TAXI AEREO NACIONAL DEL EVORA, S.A. DE C.V.","1,200.00",,26,17,40.00,107,22,40.00,NO APLICA,NO APLICA,500.00,20.00,TERRACERÍA,01/04/2002,90 DÍAS,SIN AUTORIZACIÓN,JUL,2002,NO,INOPERATIVO,"AEROPUERTO INTERNACIONAL DE CHIHUAHUA, CHIHUAHUA",,,,,,
SP 1179,AERÓDROMO,SGU,SANTO DOMINGO,SONORA,CUCURPE,DIURNO,SERVICIO PARTICULAR,TERRESTRE,1-A,EMILIO ACUÑA PERALTA ,"1,085.00",WGS 84,30,27,58.95,110,32,7.02,NO APLICA,NO APLICA,564.38,40.00,TERRACERÍA,SIN AUTORIZACIÓN,,SIN AUTORIZACIÓN,,,NO,INOPERATIVO,"AEROPUERTO INTERNACIONAL DE NOGALES, SONORA",,,,,,
SP 1180,AERÓDROMO,ENW,PALO BLANCO,BAJA CALIFORNIA SUR,COMONDÚ,DIURNO,SERVICIO PARTICULAR,TERRESTRE,1-A,EJIDO LA PURISIMA,160.00,NAD 27,26,8,57.00,112,6,44.00,NO APLICA,NO APLICA,"1,000.00",18.00,TERRACERÍA,30/07/2009,180 DÍAS,30/01/2010,ENE,2010,NO,INOPERATIVO,"AEROPUERTO INTERNACIONAL DE LORETO, BAJA CALIFORNIA SUR",,,,,,
SP 1181,AERÓDROMO,EDO,EL LLANO DE LA VEGA DEL OSO,DURANGO,TOPIA,DIURNO,SERVICIO PARTICULAR,TERRESTRE,1-A,FLORENTINO PRIETO BELTRAN,670.00,,25,20,21.00,106,44,4.00,NO APLICA,NO APLICA,420.00,8.00,TERRACERÍA,17/12/2001,90 DÍAS,SIN AUTORIZACIÓN,MAR,2002,NO,INOPERATIVO,"AEROPUERTO INTERNACIONAL DE DURANGO, DURANGO",,,,,,
HP 1182,HELIPUERTO,,HOTEL SOLARIS,MORELOS,TLALTIZAPAN,DIURNO,SERVICIO PARTICULAR,ELEVADO,H-1,"CLUB PARADORES INTERNACIONALES, S.A. DE C.V.","1,100.00",WGS 84,18,42,34.50,99,7,9.90,,,,,,SIN AUTORIZACIÓN,,SIN AUTORIZACIÓN,ENE,1997,NO,INOPERATIVO,"AEROPUERTO INTERNACIONAL DE CUERNAVACA, MORELOS",,,,,,
SP 1183,AERÓDROMO,BAK,BACOACHI,SONORA,BACOACHI,DIURNO,SERVICIO PARTICULAR,TERRESTRE,2-C,H. AYUNTAMIENTO CONSTITUCIONAL DE BACOACHI,"1,059.00",WGS 84,30,38,47.37,109,58,32.57,NO APLICA,NO APLICA,"1,180.00",25.00,TERRACERÍA,SIN AUTORIZACIÓN,,SIN AUTORIZACIÓN,ENE,2008,NO,INOPERATIVO,"AEROPUERTO INTERNACIONAL DE HERMOSILLO, SONORA",,,,,,
SP 1184,AERÓDROMO,ESC,ESCARCEGA,CAMPECHE,ESCARCEGA,DIURNO,SERVICIO PARTICULAR,TERRESTRE,2-B,GOBIERNO DEL ESTADO DE CAMPECHE,82.00,WGS 84,18,36,12.00,90,42,55.00,10,28,"1,100.00",17.00,ASFALTO,22/11/2019,180 DIAS,22/05/2020,MAY,2020,NO,EN TRAMITE,"AEROPUERTO INTERNACIONAL DE CAMPECHE, CAMPECHE",,,,,,
SP 1185,AERÓDROMO,PZA,PALIZADA,CAMPECHE,PALIZADA,DIURNO,SERVICIO PARTICULAR,TERRESTRE,2-B,GOBIERNO DEL ESTADO DE CAMPECHE,1.00,WGS 84,18,16,4.10,92,5,26.63,16,34,"1,128.00",9.00,ASFALTO,17/11/2017,180 DIAS,17/05/2018,MAY,2018,NO,EN TRAMITE,"AEROPUERTO INTERNACIONAL DE CAMPECHE, CAMPECHE",,,,,,
SP 1186,AERÓDROMO,XJL,XPUJIL,CAMPECHE,CALAKMUL,DIURNO,SERVICIO PARTICULAR,TERRESTRE,2-B,GOBIERNO DEL ESTADO DE CAMPECHE,264.00,WGS 84,18,30,39.95,89,24,7.88,9,27,"1,180.00",16.00,ASFALTO,23/01/2019,180 DIAS,23/06/2019,JUN,2019,NO,EN TRAMITE,"AEROPUERTO INTERNACIONAL DE CAMPECHE, CAMPECHE",,,,,,
HP 1187,HELIPUERTO,HXP,PERLA,SINALOA,CULIACAN,DIURNO,SERVICIO PARTICULAR,SUPERFICIE,H-1,"AEROTAXIS PERLA, S.A. DE C.V.",100.00,,24,52,44.50,107,21,13.40,,,,,,SIN AUTORIZACIÓN,,SIN AUTORIZACIÓN,ENE,2008,NO,INOPERATIVO,"AEROPUERTO INTERNACIONAL DE CULIACAN, SINALOA",,,,,,
SP 1188,AERÓDROMO,ALA,ALAMOS,SONORA,ALAMOS,DIURNO,SERVICIO PARTICULAR,TERRESTRE,2-B,"H. AYUNTAMIENTO DE ALAMOS, SONORA",405.00,WGS 84,27,2,18.00,108,56,51.00,13,31,"1,326.00",25.00,ASFALTO,01/12/2022,15 AÑOS,01/12/2037,DIC,2037,SI,VIGENTE,"AEROPUERTO INTERNACIONAL DE CIUDAD OBREGON, SONORA",,,,,,
HP 1189,HELIPUERTO,HTX,TORRE TELMEX,CIUDAD DE MÉXICO,CUAUHTÉMOC,DIURNO,SERVICIO PARTICULAR,ELEVADO,H-1,"TELEFONOS DE MEXICO, S.A.B. DE C.V.","2,309.20",NAD 27,19,26,4.21,99,10,0.80,,,,,,23/08/2013,15 AÑOS,23/08/2028,AGO,2028,SI,VIGENTE,"AEROPUERTO INTERNACIONAL DE LA CIUDAD DE MEXICO, CIUDAD DE MEXICO",,,,,,
SP 1190,AERÓDROMO,EPU,EL PUMA,TAMAULIPAS,SOTO LA MARINA,DIURNO,SERVICIO PARTICULAR,TERRESTRE,2-A,"RANCHO EL PUMA, S.A. DE C.V.",15.00,,23,46,38.00,97,57,19.00,NO APLICA,NO APLICA,"1,200.00",20.00,TERRACERÍA,28/07/2006,180 DÍAS,28/01/2007,ENE,2007,NO,INOPERATIVO,"AEROPUERTO INTERNACIONAL DE TAMPICO, TAMAULIPAS",,,,,,
HP 1191,BARCO-HELIPUERTO,HMY,TITI I (ANTES CHAC MOOL),SINALOA,MAZATLÁN,DIURNO,SERVICIO PARTICULAR,HELIPUERTO MIXTO,H-1,"PESCA INDUSTRIAL ATUNERA DE ALTURA, S.A. DE C.V.",0.00,NO APLICA,NO APLICA,NO APLICA,NO APLICA,NO APLICA,NO APLICA,NO APLICA,,,,,,01/12/2018,15 AÑOS,01/12/2033,DIC,2033,SI,VIGENTE,"AEROPUERTO INTERNACIONAL DE CULIACAN, SINALOA",,,,,,
SP 1192,AERÓDROMO,MOA,MELITON ALBAÑEZ,BAJA CALIFORNIA SUR,LA PAZ,DIURNO,SERVICIO PARTICULAR,TERRESTRE,2-C,"GREENVER, S.A. DE C.V.",25.00,NAD 27,23,39,56.00,110,26,30.00,NO APLICA,NO APLICA,"1,200.00",30.00,TERRACERÍA,29/03/2004,180 DÍAS,29/09/2004,SEP,2004,NO,INOPERATIVO,"AEROPUERTO INTERNACIONAL DE LA PAZ, BAJA CALIFORNIA SUR",,,,,,
HP 1193,HELIPUERTO,HMW,MICARE,COAHUILA,NAVA,DIURNO,SERVICIO PARTICULAR,SUPERFICIE,H-1,"MINERA CARBONIFERA RIO ESCONDIDO, S.A. DE C.V.",302.00,,28,30,31.58,100,42,13.97,,,,,,SIN AUTORIZACIÓN,,SIN AUTORIZACIÓN,ENE,2008,NO,INOPERATIVO,"AEROPUERTO INTERNACIONAL DE PIEDRAS NEGRAS, COAHUILA",,,,,,
HP 1194,HELIPUERTO,HZT,TV AZTECA,CIUDAD DE MÉXICO,TLALPAN,DIURNO,SERVICIO PARTICULAR,ELEVADO,H-1,"SERVICIOS AEREOS NOTICIOSOS, S.A. DE C.V.","2,440.00",WGS 84,19,18,17.10,99,12,37.20,,,,,,30/03/2020,15 AÑOS,30/03/2035,MAR,2035,SI,VIGENTE,"AEROPUERTO INTERNACIONAL DE LA CIUDAD DE MEXICO, CIUDAD DE MEXICO",,,,,,
SP 1195,AERÓDROMO,IEM,LABORATORIO DEL DESIERTO,DURANGO,MAPIMI,DIURNO,SERVICIO PARTICULAR,TERRESTRE,1-A,"INSTITUTO DE ECOLOGIA, A.C.","1,155.00",WGS 84,26,41,34.60,103,44,49.40,NO APLICA,NO APLICA,700.00,15.00,TERRACERÍA,15/12/2001,5 AÑOS,15/12/2006,DIC,2006,NO,INOPERATIVO,"AEROPUERTO INTERNACIONAL DE DURANGO, DURANGO",,,,,,
SP 1196,AERÓDROMO,LND ,RANCHO LA ENCANTADA,TAMAULIPAS,SAN FERNANDO,DIURNO,SERVICIO PARTICULAR,TERRESTRE,1-A,GUILLERMO OSUNA SAENZ,40.00,,24,23,8.00,97,56,39.00,NO APLICA,NO APLICA,900.00,10.00,TERRACERÍA,18/05/2000,5 AÑOS,18/05/2005,MAY,2005,NO,INOPERATIVO,"AEROPUERTO INTERNACIONAL DE MATAMOROS, TAMAULIPAS",,,,,,
SP 1197,AERÓDROMO,EZO,EL ZORRILLO,CHIHUAHUA,GUADALUPE Y CALVO,DIURNO,SERVICIO PARTICULAR Y A TERCEROS,TERRESTRE,1-A,COMISARIA EJIDAL DE EL PINITO,"2,580.00",WGS 84,26,3,18.64,106,58,14.32,,,"1,700.00",20.00,CONCRETO,29/11/2018,15 AÑOS,29/11/2033,NOV,2033,SI,VIGENTE,"AEROPUERTO INTERNACIONAL DE CHIHUAHUA, CHIHUAHUA",,,,,,
SP 1198,AERÓDROMO,LMO,LIC. FRANCISCO PRIMO DE VERDAD Y RAMOS,JALISCO,LAGOS DE MORENO,DIURNO,SERVICIO PARTICULAR,TERRESTRE,1-A,"PRESIDENCIA MUNICIPAL DE LAGOS DE MORENO, JALISCO","1,883.00",WGS 84,21,15,41.49,101,56,32.14,1,19,820.00,18.00,ASFALTO,07/05/2015,15 AÑOS,07/05/2030,MAY,2030,SI,VIGENTE,"AEROPUERTO INTERNACIONAL DE GUANAJUATO, GUANAJUATO",,,,,,
SP 1199,AERÓDROMO,CYS,COYOTES,DURANGO,PUEBLO NUEVO,DIURNO,SERVICIO PARTICULAR,TERRESTRE,1-A,"PORTEADORA DE COSALA, S.A. DE C.V.","2,194.56",,23,51,47.00,105,18,29.80,NO APLICA,NO APLICA,750.00,30.00,TERRACERÍA,15/08/2000,5 AÑOS,15/08/2005,AGO,2005,NO,INOPERATIVO,"AEROPUERTO INTERNACIONAL DE DURANGO, DURANGO",,,,,,
SP 1200,AERÓDROMO,BHO,BACHOCO,SINALOA,NAVOLATO,DIURNO,SERVICIO PARTICULAR,TERRESTRE,2-B,"SERVICIOS AEREOS EJECUTIVOS Y AGRICOLAS, S.A. DE C.V.",10.00,WGS 84,24,47,51.20,107,50,24.30,17,35,"1,000.00",15.00,CONCRETO,11/04/2022,15 AÑOS,11/04/2037,ABR,2037,SI,VIGENTE,"AEROPUERTO INTERNACIONAL DE CULIACAN, SINALOA",,,,,,
SP 1202,AERÓDROMO,CHY,COAHUAYANA,MICHOACÁN,COAHUAYANA,DIURNO,SERVICIO PARTICULAR,TERRESTRE,3-B,C ROBERTO NEVAREZ DOMINGUEZ,60.00,WGS 84,18,41,7.00,103,40,29.00,4,22,"1,500.00",20.00,ASFALTO,29/06/2022,15 AÑOS,29/06/2037,JUN,2037,SI,VIGENTE,"AEROPUERTO DE URUAPAN, MICHOACAN",,,,,,
SP 1203,AERÓDROMO,TME,TAMEAPA,SINALOA,BADIRAGUATO,DIURNO,SERVICIO PARTICULAR,TERRESTRE,1-A,AIDA MARLEN QUINTERO RIVERA,NO DISPONIBLE,,25,38,57.40,107,22,51.30,NO APLICA,NO APLICA,420.00,20.00,,01/06/2006,180 DÍAS,01/12/2006,DIC,2006,NO,INOPERATIVO,"AEROPUERTO INTERNACIONAL DE CULIACAN, SINALOA",,,,,,
SP 1204,AERÓDROMO,CDB ,EL CEDRO ,SINALOA,BADIRAGUATO,DIURNO,SERVICIO PARTICULAR,TERRESTRE,1-A,"TAXI AEREO NACIONAL DEL EVORA, S.A. DE C.V.","1,020.00",,26,4,36.00,107,28,17.00,NO APLICA,NO APLICA,500.00,6.00,TERRACERÍA,01/06/2005,180 DÍAS,01/12/2005,DIC,2005,NO,INOPERATIVO,"AEROPUERTO INTERNACIONAL DE LOS MOCHIS, SINALOA",,,,,,
SP 1205,AERÓDROMO,TRG,EL TRIGO,SINALOA,BADIRAGUATO,DIURNO,SERVICIO PARTICULAR,TERRESTRE,1-A,"TAXI AEREO NACIONAL DEL EVORA, S.A. DE C.V.",NO DISPONIBLE,,26,3,0.00,107,30,30.00,NO APLICA,NO APLICA,285.00,15.00,TERRACERÍA,SIN AUTORIZACIÓN,,SIN AUTORIZACIÓN,ENE,2008,NO,INOPERATIVO,"AEROPUERTO INTERNACIONAL DE LOS MOCHIS, SINALOA",,,,,,
HP 1206,HELIPUERTO,PFP,PFP,CIUDAD DE MÉXICO,MAGDALENA CONTRERAS,DIURNO,SERVICIO PARTICULAR,ELEVADO,H-2,"POLICIA FEDERAL, SECRETARIA DE SEGURIDAD PUBLICA SSP","2,472.00",WGS 84,19,18,59.00,99,13,13.00,,,,,,14/06/2000,90 DÍAS,SIN AUTORIZACIÓN,SEP,2000,NO,INOPERATIVO,"AEROPUERTO INTERNACIONAL DE LA CIUDAD DE MEXICO, CIUDAD DE MEXICO",,,,,,
SP 1207,AERÓDROMO,ELD,AEROFUMIGACIONES LA 300,SINALOA,ANGOSTURA,DIURNO,SERVICIO PARTICULAR,TERRESTRE,1-A,VÍCTOR HUGO SÁNCHEZ ROMÁN,16.00,WGS 84,25,14,46.40,108,5,37,NO APLICA,NO APLICA,500,14,TERRACERÍA,26/03/2012,180 DÍAS,26/09/2012,SEP,2012,NO,INOPERATIVO,"AEROPUERTO INTERNACIONAL DE GUAYMAS, SONORA",,,,,,
SP 1208,AERÓDROMO,XLS,XPUJIL,VERACRUZ,PLAYA VICENTE,DIURNO,SERVICIO PARTICULAR,TERRESTRE,1-B,MARCELO ARRONIZ SERRANO,55.00,WGS 84,17,47,28.00,95,51,55.90,NO APLICA,NO APLICA,900.00,20.00,TERRACERÍA,11/10/2004,180 DÍAS,11/04/2005,ABR,2005,NO,INOPERATIVO,"AEROPUERTO INTERNACIONAL DE VERACRUZ, VERACRUZ",,,,,,
HP 1209,BARCO-HELIPUERTO,HMK,MAZATLAN,SINALOA,MAZATLÁN,DIURNO,SERVICIO PARTICULAR,HELIPUERTO MIXTO,H-1,"PESCA AZTECA, S.A. DE C.V.",0.00,NO APLICA,NO APLICA,NO APLICA,NO APLICA,NO APLICA,NO APLICA,NO APLICA,,,,,,18/04/2018,15 AÑOS,18/04/2033,ABR,2033,SI,VIGENTE ,"AEROPUERTO INTERNACIONAL DE MAZATLAN, SINALOA",,,,,,
SP 1210,AERÓDROMO,QUI,AEROFUMIGACIONES QUILA,SINALOA,CULIACAN,DIURNO,SERVICIO PARTICULAR,TERRESTRE,1-A,MARIA IRENE SANCHEZ ARREOLA,128.00,WGS 84,24,26,44.2,107,11,41.2,NO APLICA,NO APLICA,913.00,20.00,TERRACERÍA,29/09/2009,180 DÍAS,29/03/2010,MAR,2010,NO,INOPERATIVO,"AEROPUERTO INTERNACIONAL DE CULIACAN, SINALOA",,,,,,
SP 1211,AERÓDROMO,NWB,EL PRETEXTO,TAMAULIPAS,LLERA,DIURNO,SERVICIO PARTICULAR,TERRESTRE,1-A,"BORDERS MELON, S.P.R. DE R.L.",182.00,WGS 84,23,14,5.94,98,48,20.76,18,36,800.00,40.00,ASFALTO,03/09/2018,15 AÑOS,03/09/2033,SEP,2033,SI,VIGENTE,"AEROPUERTO DE CIUDAD VICTORIA, TAMAULIPAS",,,,,,
HP 1212,BARCO-HELIPUERTO,HAK,CONSTANZA (ANTES ATILANO CASTAÑO),SINALOA,MAZATLÁN,DIURNO,SERVICIO PARTICULAR,HELIPUERTO MIXTO,H-1,"COMEXTUN, S.A. DE C.V.",5.00,NO APLICA,NO APLICA,NO APLICA,NO APLICA,NO APLICA,NO APLICA,NO APLICA,,,,,,24/02/2017,15 AÑOS,24/02/2032,FEB,2032,SI,VIGENTE,"AEROPUERTO INTERNACIONAL DE MAZATLAN, SINALOA",,,,,,
HP 1213,BARCO-HELIPUERTO,HWG,ATUNERA GABIERO,SINALOA,MAZATLÁN,DIURNO,SERVICIO PARTICULAR,HELIPUERTO MIXTO,H-1,"ATUNERA GABIERO, S.A. DE C.V",0.00,NO APLICA,NO APLICA,NO APLICA,NO APLICA,NO APLICA,NO APLICA,NO APLICA,,,,,,SIN AUTORIZACIÓN,,SIN AUTORIZACIÓN,NOV,2008,NO,INOPERATIVO,"AEROPUERTO INTERNACIONAL DE MAZATLAN, SINALOA",,,,,,
SP 1214,AERÓDROMO,SDM,SANTO DOMINGO,CHIHUAHUA,GUADALUPE Y CALVO,DIURNO,SERVICIO PARTICULAR,TERRESTRE,1-A,EJIDO SANTO DOMINGO,NO DISPONIBLE,,26,9,30.00,107,9,0.00,NO APLICA,NO APLICA,,,,18/04/2007,180 DÍAS,18/10/2007,OCT,2007,NO,INOPERATIVO,"AEROPUERTO INTERNACIONAL DE CHIHUAHUA, CHIHUAHUA",,,,,,
SP 1215,AERÓDROMO,CSY,CIENEGA DE SILVA,CHIHUAHUA,GUADALUPE Y CALVO,DIURNO,SERVICIO PARTICULAR,TERRESTRE,1-A,EJIDO DE ALICITOS,"1,365.00",WGS 84,25,51,20.55,107,9,8.16,1,19,445.00,15.00,TERRACERÍA,06/02/2018,15 AÑOS,06/02/2033,FEB,2033,SI,VIGENTE,"AEROPUERTO INTERNACIONAL DE CHIHUAHUA, CHIHUAHUA",,,,,,
SP 1216,AERÓDROMO,TCS,TECUIXIAPA,SINALOA,BADIRAGUATO,DIURNO,SERVICIO PARTICULAR,TERRESTRE,1-A,"AEROTAXIS DE GUAMUCHIL, S.A. DE C.V.",577.00,WGS 84,25,51,11.00,107,23,4.00,NO APLICA,NO APLICA,600.00,9.00,TERRACERÍA,17/08/2007,5 AÑOS,17/08/2012,AGO,2012,NO,INOPERATIVO,"AEROPUERTO INTERNACIONAL DE CULIACAN, SINALOA",,,,,,
SP 1217,AERÓDROMO,CJC,EL CAJONCITO,CHIHUAHUA,GUADALUPE Y CALVO,DIURNO,SERVICIO PARTICULAR,TERRESTRE,1-A,AMADO CARRILLO CAÑEDO,680.00,WGS 84,25,56,8.40,107,12,14.60,17,35,500.00,20.00,TERRACERÍA,28/05/2021,15 AÑOS,28/05/2036,MAY,2036,SI,VIGENTE,"AEROPUERTO INTERNACIONAL DE CHIHUAHUA, CHIHUAHUA",,,,,,
HP 1218,HELIPUERTO,HSD,EL SOL DE DURANGO,DURANGO,DURANGO,DIURNO,SERVICIO PARTICULAR,ELEVADO,H-1,"COMPAÑÍA PERIODISTICA EL SOL DE DURANGO, S.A. DE C.V.","1,890.50",WGS 84,24,1,42.50,104,38.00,42.86,,,,,,11/11/2009,180 DÍAS,11/05/2010,MAY,2010,NO,INOPERATIVO,"AEROPUERTO INTERNACIONAL DE DURANGO, DURANGO",,,,,,
SP 1219,AERÓDROMO,BSN,BAZONOPITA DE ABAJO,CHIHUAHUA,GUADALUPE Y CALVO,DIURNO,SERVICIO PARTICULAR,TERRESTRE,1-A,MUNICIPIO DE GUADALUPE Y CALVO,830.00,WGS 84,26,2,21.00,107,15,10.40,12,30,320.00,15.00,TERRACERÍA,20/08/2021,15 AÑOS,20/08/2036,AGO,2036,SI ,VIGENTE,"AEROPUERTO INTERNACIONAL DE CHIHUAHUA, CHIHUAHUA",,,,,,
SP 1220,AERÓDROMO,CIE,CIENEGA DE ARAUJO,CHIHUAHUA,GUADALUPE Y CALVO,DIURNO,SERVICIO PARTICULAR,TERRESTRE,1-A,EJIDO CIENEGA DE ARAUJO,NO DISPONIBLE,,26,0,50.43,107,16,36.28,6,24,375.00,16.00,TERRACERÍA,23/08/2021,15 AÑOS,23/08/2036,AGO,2036,SI,VIGENTE,"AEROPUERTO INTERNACIONAL DE CHIHUAHUA, CHIHUAHUA",,,,,,
SP 1221,AERÓDROMO,UDE,"UNION DE EJIDOS
(Proyecto)",SINALOA,ANGOSTURA,DIURNO,SERVICIO PARTICULAR,TERRESTRE,1-A,UNION  DE  EJIDOS  DE PRODUCCION  AGROPECUARIA  DEL MUNICIPIO  DE  ANGOSTURA,NO DISPONIBLE,WGS 84,NO DISPONIBLE,NO DISPONIBLE,NO DISPONIBLE,NO DISPONIBLE,NO DISPONIBLE,NO DISPONIBLE,NO APLICA,NO APLICA,NO DISPONIBLE,NO DISPONIBLE,TERRACERÍA,PROYECTO,,PROYECTO,ENE,2008,NO,INOPERATIVO,"AEROPUERTO INTERNACIONAL DE LOS MOCHIS, SINALOA",,,,,,
HP 1222,BARCO-HELIPUERTO,HLK,ISLA DE LA PIEDRA (ANTES LUPE DEL MAR),SINALOA,MAZATLÁN,DIURNO,SERVICIO PARTICULAR,HELIPUERTO MIXTO,H-1,"COMEXTUN, S.A. DE C.V.",5.00,NO APLICA,NO APLICA,NO APLICA,NO APLICA,NO APLICA,NO APLICA,NO APLICA,,,,,,24/02/2017,15 AÑOS,24/02/2032,FEB,2032,SI,VIGENTE,"AEROPUERTO INTERNACIONAL DE MAZATLAN, SINALOA",,,,,,
HP 1223,BARCO-HELIPUERTO,HCJ,CABO SAN LUCAS,BAJA CALIFORNIA,ENSENADA,DIURNO,SERVICIO PARTICULAR,HELIPUERTO MIXTO,H-1,"ATUNERA SANTA ELENA, S.A. DE C.V.",0.00,NO APLICA,NO APLICA,NO APLICA,NO APLICA,NO APLICA,NO APLICA,NO APLICA,,,,,,22/04/2005,180 DÍAS,22/10/2005,OCT,2005,NO,INOPERATIVO,"AEROPUERTO INTERNACIONAL DE ENSENADA, BAJA CALIFORNIA",,,,,,
HP 1224,HELIPUERTO,HVZ,VZ FLIGHTS,CIUDAD DE MÉXICO,MIGUEL HIDALGO,DIURNO,SERVICIO PARTICULAR Y A TERCEROS,ELEVADO,H-1,"VZ FLIGHTS, S.A. DE C.V.","2,315.00",WGS 84,19,25,41.20,99,12,23.00,,,,,,12/01/2017,15 AÑOS,12/01/2032,ENE,2032,SI,VIGENTE,"AEROPUERTO INTERNACIONAL DE LA CIUDAD DE MEXICO, CIUDAD DE MEXICO",,,,,,
SP 1225,AERÓDROMO,ACP,ACAPONETA,NAYARIT,ACAPONETA,DIURNO,SERVICIO PARTICULAR,TERRESTRE,2-A,XXXIX AYUNTAMIENTO DELMUNICIPIO DE ACAPONETA,23.00,NAD 27,22,29,6.00,105,24,19.80,NO APLICA,NO APLICA,"1,095.00",19.00,ASFALTO,14/12/2005,180 DÍAS,14/06/2006,JUN,2006,NO,INOPERATIVO,"AEROPUERTO DE TEPIC, NAYARIT",,,,,,
SP 1226,AERÓDROMO,HER,HACIENDA EL REFUGIO,COAHUILA,MUZQUIZ,DIURNO,SERVICIO PARTICULAR,TERRESTRE,2-B,DAVID GUILLERMO ZAMBRANO VILLARREAL,395.00,WGS 84,27,51,41.00,101,24,38.00,9,27,"1,000.00",14.00,ASFALTO,03/03/2015,15 AÑOS,03/03/2030,MAR,2030,NO,SIN PERMISO POR FALLECIMIEMTO DE TITULAR,"AEROPUERTO INTERNACIONAL DEL NORTE, NUEVO LEON",,,,,,
SP 1227,AERÓDROMO,DES,DESIERTO DE SONORA,SONORA,SONOITA,DIURNO,SERVICIO PARTICULAR,TERRESTRE,1-A,SERGIO BLAND RUIZ,420.00,,31,49,31.00,112,45,5.60,NO APLICA,NO APLICA,760.00,20.00,TERRACERÍA,01/03/2011,5 AÑOS,01/03/2016,MAR,2016,NO,INOPERATIVO,"AEROPUERTO INTERNACIONAL DE MEXICALI, BAJA CALIFORNIA",,,,,,
HP 1228,BARCO-HELIPUERTO,HMM,MARIA DEL MAR,BAJA CALIFORNIA,ENSENADA,DIURNO,SERVICIO PARTICULAR,HELIPUERTO MIXTO,H-1,"GRUPO INDUSTRIAL DE PRODUCTOS CONGELADOS, S.A. DE C.V.",0.00,NO APLICA,NO APLICA,NO APLICA,NO APLICA,NO APLICA,NO APLICA,NO APLICA,,,,,,13/04/2004,180 DÍAS,13/10/2004,OCT,2004,NO,INOPERATIVO,"AEROPUERTO INTERNACIONAL DE ENSENADA, BAJA CALIFORNIA",,,,,,
HP 1229,BARCO-HELIPUERTO,HKB,AKALAN II,BAJA CALIFORNIA,ENSENADA,DIURNO,SERVICIO PARTICULAR,HELIPUERTO MIXTO,H-1,"PESQUERA AKALAN, S.A. DE C.V.",0.00,NO APLICA,NO APLICA,NO APLICA,NO APLICA,NO APLICA,NO APLICA,NO APLICA,,,,,,09/05/2006,180 DÍAS,09/11/2006,NOV,2006,NO,INOPERATIVO,"AEROPUERTO INTERNACIONAL DE TIJUANA, BAJA CALIFORNIA",,,,,,
HP 1230,HELIPUERTO,HUA,HOSPITAL GENERAL DEL ISSSTE TUXTLA GUTIERREZ,CHIAPAS,TUXTLA GUTIERREZ,DIURNO,SERVICIO PARTICULAR,ELEVADO,H-1,INSTITUTO DE SEGURIDAD Y SERVICIOS SOCIALES DE LOS TRABAJADORES DEL ESTADO (ISSSTE),544.00,WGS 84,16,44,55.40,93,4,30.50,,,,,,PROYECTO,,PROYECTO,,,NO,INOPERATIVO,"AEROPUERTO INTERNACIONAL DE TUXTLA GUTIERREZ, CHIAPAS",,,,,,
HP 1231,HELIPUERTO,HRP,REFORMA PLUS,CIUDAD DE MÉXICO,MIGUEL HIDALGO,DIURNO,SERVICIO PARTICULAR,ELEVADO,H-1,"REFORMA PLUS, S.A. DE C.V.","2,572.00",WGS 84,19,23,37.45,99,14,20.88,,,,,,04/12/2018,15 AÑOS ,04/12/2033,DIC,2033,SI ,VIGENTE ,"AEROPUERTO INTERNACIONAL DE LA CIUDAD DE MEXICO, CIUDAD DE MEXICO",,,,,,
SP 1232,AERÓDROMO,CYT,LA COYOTERA,SONORA,CABORCA,DIURNO,SERVICIO PARTICULAR,TERRESTRE,2-A,S.P.R. DE R.I. VEINTICINCO DE ENERO,213.00,,30,42,24.00,112,33,44.00,NO APLICA,NO APLICA,"1,200.00",26.00,TERRACERÍA,15/05/2007,5 AÑOS,15/05/2012,MAY,2012,NO,INOPERATIVO,"AEROPUERTO INTERNACIONAL DE NOGALES, SONORA",,,,,,
SP 1233,AERÓDROMO,LTQ,LAS TRANCAS,DURANGO,TAMAZULA,DIURNO,SERVICIO PARTICULAR,TERRESTRE,1-A,ASENCION LEON VALDES,"1,050.00",WGS 84,24,45,.14,106,38,02.45,NO APLICA,NO APLICA,600.00,20.00,TERRACERÍA,29/09/2009,180 DÍAS,29/03/2010,MAR,2010,NO,INOPERATIVO,"AEROPUERTO INTERNACIONAL DE DURANGO, DURANGO",,,,,,
SP 1234,AERÓDROMO,PIV,VILLA JUAREZ,SONORA,BENITO JUÁREZ,DIURNO,SERVICIO PARTICULAR,TERRESTRE,1-A,H. AYUNTAMIENTO DE BENITO JUÁREZ.,10.00,WGS 84,27,4,54.70,109,50,42.00,NO APLICA,NO APLICA,"1,060.00",12.00,ASFALTO,22/08/2014,15 AÑOS,22/08/2029,AGO,2029,SI,VIGENTE,"AEROPUERTO INTERNACIONAL DE CIUDAD OBREGON, SONORA",,,,,,
SP 1235,AERÓDROMO,PUY,PUEBLO YAQUI,SONORA,CAJEME,DIURNO,SERVICIO PARTICULAR,TERRESTRE,2-C,JUNTA LOCAL DE SANIDAD VEGETAL DEL VALLE DEL YAQUI,20.00,,27,18,48.50,110,1,1.60,NO APLICA,NO APLICA,988.00,26.00,TERRACERÍA,06/08/2002,90 DÍAS,SIN AUTORIZACIÓN,NOV,2002,NO,INOPERATIVO,"AEROPUERTO INTERNACIONAL DE CIUDAD OBREGON, SONORA",,,,,,
SP 1236,AERÓDROMO,PIS,SOLIDARIDAD CAJEME,SONORA,CAJEME,DIURNO,SERVICIO PARTICULAR,TERRESTRE,2-C,JUNTA LOCAL DE SANIDAD VEGETAL DEL VALLE DEL YAQUI,25.00,,27,23,30.00,110,1,8.00,NO APLICA,NO APLICA,988.00,30.00,TERRACERÍA,06/08/2002,90 DÍAS,SIN AUTORIZACIÓN,NOV,2002,NO,INOPERATIVO,"AEROPUERTO INTERNACIONAL DE CIUDAD OBREGON, SONORA",,,,,,
SP 1237,AERÓDROMO,RZT,RANCHO LANZAROTE,ESTADO DE MEXICO,TEPOTZOTLAN,DIURNO,SERVICIO PARTICULAR,TERRESTRE,1-A,"NUEVO RANCHO LANZAROTE, S.P.R. DE R.I.","2,427.00",WGS 84,19,40,17.70,99,19,21.90,NO APLICA,NO APLICA,250.00,12.00,TERRACERÍA,30/08/2005,5 AÑOS,30/08/2010,AGO,2010,NO,INOPERATIVO,"AEROPUERTO DE ATIZAPAN DE ZARAGOZA, ESTADO DE MEXICO",,,,,,
SP 1238,AERÓDROMO,PVL,PISTA VALDEZ,SINALOA,GUASAVE,DIURNO,SERVICIO PARTICULAR,TERRESTRE,1-A,LUIS JORGE VALDEZ MORENO,20.00,NAD 27,25,39,37.90,108,44,49.70,NO APLICA,NO APLICA,565.00,12.45,TERRACERÍA,02/02/2004,5 AÑOS,02/02/2009,FEB,2009,NO,INOPERATIVO,"AEROPUERTO INTERNACIONAL DE LOS MOCHIS, SINALOA",,,,,,
SP 1239,AERÓDROMO,CSZ,CHINO DE LOS LOPEZ,SINALOA,GUASAVE,DIURNO,SERVICIO PARTICULAR,TERRESTRE,1-A,MARIANA VALERIO GAMEZ,40.00,NAD 27,25,29,58.00,108,24,55.00,NO APLICA,NO APLICA,582.00,15.00,TERRACERÍA,11/08/2006,5 AÑOS,11/08/2011,AGO,2011,NO,INOPERATIVO,"AEROPUERTO INTERNACIONAL DE LOS MOCHIS, SINALOA",,,,,,
SP 1240,AERÓDROMO,CDJ,CADEJE,BAJA CALIFORNIA SUR,COMONDÚ,DIURNO,SERVICIO PARTICULAR,TERRESTRE,1-A,"EJIDO CADEJE, BAJA CALIFORNIA SUR",50.00,WGS 84,26,22,16.00,112,30,50.00,2,20,720.00,14.00,TERRACERÍA,31/03/2009,5 AÑOS,31/03/2014,MAR,2014,NO,INOPERATIVO,"AEROPUERTO INTERNACIONAL DE LORETO, BAJA CALIFORNIA SUR",,,,,,
SP 1241,AERÓDROMO,PDG,PORTUGUEZ DE GALVEZ,SINALOA,GUASAVE,DIURNO,SERVICIO PARTICULAR,TERRESTRE,1-A,MIGUEL MOLINA CHAVEZ,50.00,WGS 84,25,43,45.30,108,24,35.90,NO APLICA,NO APLICA,620.00,20.00,TERRACERÍA,22/09/2003,5 AÑOS,22/09/2008,SEP,2008,NO,INOPERATIVO,"AEROPUERTO INTERNACIONAL DE LOS MOCHIS, SINALOA",,,,,,
SP 1242,AERÓDROMO,CVG,CAMPO VERDE,TAMAULIPAS,VILLA GONZALEZ,DIURNO,SERVICIO PARTICULAR,TERRESTRE,1-A,JOHAN DUECK BERGER,71.00,WGS 84,22,41,51.20,98,26,3.60,9,27,810.00,10.00,ASFALTO Y TERRACERIA,02/08/2017,15 AÑOS,02/08/2032,AGO,2032,SI,VIGENTE,"AEROPUERTO INTERNACIONAL DE TAMPICO, TAMAULIPAS",,,,,,
SP 1243,AERÓDROMO,CAG,CLUB DE AVIONES ULTRALIGEROS DE HERMOSILLO,SONORA,HERMOSILLO,DIURNO,SERVICIO PARTICULAR,TERRESTRE,1-A,GUILLERMO CAMOU ARRIOLA,204.00,,28,49,1.50,111,3,29.90,NO APLICA,NO APLICA,480.00,20.00,TERRACERÍA,SIN AUTORIZACIÓN,,SIN AUTORIZACIÓN,ENE,2008,NO,INOPERATIVO,"AEROPUERTO INTERNACIONAL DE HERMOSILLO, SONORA",,,,,,
SP 1244,AERÓDROMO,BAD,LA TUNA DE BADIRAGUATO,SINALOA,BADIRAGUATO,DIURNO,SERVICIO PARTICULAR,TERRESTRE,1-A,GILBERTO CHAVIRA AGUIRRE,"1,320.00",WGS 84,25,41,36.81,107,8,19.66,NO APLICA,NO APLICA,700.00,25.00,TERRACERÍA,29/09/2009,180 DÍAS,29/03/2010,MAR,2010,NO,INOPERATIVO,"AEROPUERTO INTERNACIONAL DE MAZATLAN, SINALOA",,,,,,
HP 1245,HELIPUERTO,HNZ,AZTECA NOVELAS,CIUDAD DE MÉXICO,TLALPAN,DIURNO,SERVICIO PARTICULAR,ELEVADO,H-1,"AZTECA NOVELAS, S.A. DE C.V.","2,253.00",WGS 84,19,19,27.20,99,8,13.27,NO APLICA,NO APLICA,,,,SIN AUTORIZACIÓN,,SIN AUTORIZACIÓN,,,NO,INOPERATIVO,"AEROPUERTO INTERNACIONAL DE LA CIUDAD DE MEXICO, CIUDAD DE MEXICO",,,,,,
HP 1246,HELIPUERTO,HCA,EL CONCHAL,VERACRUZ,ALVARADO,DIURNO,SERVICIO PARTICULAR,SUPERFICIE,H-1,LUIS EUSEBIO BARQUIN GOMEZ,5.00,WGS 84,19,4,50.00,96,6,22.00,,,,,,02/06/2003,5 AÑOS,02/06/2008,JUN,2008,NO,INOPERATIVO,"AEROPUERTO INTERNACIONAL DE VERACRUZ, VERACRUZ",,,,,,
HP 1247,HELIPUERTO,HLA,LEON,GUANAJUATO,LEÓN,DIURNO,SERVICIO PARTICULAR,SUPERFICIE,H-1,H. AYUNTAMIENTO DE LEON GTO.,"1,785.00",WGS 84,21,3,55.95,101,40,56.42,,,,,,27/07/2018,15 AÑOS ,27/07/2033,JUL,2033,SI ,VIGENTE ,"AEROPUERTO INTERNACIONAL DEL BAJÍO, GUANAJUATO",,,,,,
SP 1248,AERÓDROMO,TOU,TIO JUAN,DURANGO,TOPIA,DIURNO,SERVICIO PARTICULAR,TERRESTRE,1-A,GUILLERMO ROBLES ORTEGA,"1,860.00",,25,17,24.00,106,33,23.00,NO APLICA,NO APLICA,500.00,8.00,TERRACERÍA,31/12/2001,90 DÍAS,SIN AUTORIZACIÓN,FEB,2010,NO,INOPERATIVO,"AEROPUERTO INTERNACIONAL DE DURANGO, DURANGO",,,,,,
HP 1249,HELIPUERTO,HIN,HOSPITAL ABC,CIUDAD DE MÉXICO,ALVARO OBREGON,DIURNO,SERVICIO PARTICULAR,ELEVADO,H-1,"THE AMERICAN BRITISH COWDRAY MEDICAL CENTER, I.A.P.","2,360.00",WGS 84,19,24,2.24,99,12,14.20,,,,,,07/03/2016,30 AÑOS,07/03/2046,MAR,2046,SI,VIGENTE,"AEROPUERTO INTERNACIONAL DE LA CIUDAD DE MEXICO, CIUDAD DE MEXICO",,,,,,
HP 1250,HELIPUERTO,,LA DIFERENCIA,CIUDAD DE MÉXICO,CUAJIMALPA,DIURNO,SERVICIO PARTICULAR,ELEVADO,H-1,"TELEFONOS DE MEXICO, S.A. DE C.V.","2,550.00",,19,23,8.20,99,15,57.60,,,,,,09/03/2001,30 DÍAS,SIN AUTORIZACIÓN,ABR,2001,NO,INOPERATIVO,"AEROPUERTO INTERNACIONAL DE LA CIUDAD DE MEXICO, CIUDAD DE MEXICO",,,,,,
SP 1251,AERÓDROMO,INZ,PISTA IÑIGUEZ II,BAJA CALIFORNIA,MEXICALI,DIURNO,SERVICIO PARTICULAR,TERRESTRE,1-A,JUAN FRANCISCO IÑIGUEZ GONZALEZ,10.00,WGS 84,32,32,10.60,115,4,48.90,NO APLICA,NO APLICA,600.00,10.00,TERRACERÍA,27/07/2004,180 DÍAS,27/01/2005,ENE,2005,NO,INOPERATIVO,"AEROPUERTO INTERNACIONAL DE MEXICALI, BAJA CALIFORNIA",,,,,,
SP 1252,AERÓDROMO,RDO,EL ROBLE GORDO,SINALOA,BADIRAGUATO,DIURNO,SERVICIO PARTICULAR,TERRESTRE,1-A,ESTREBERTO RIVERA LOPEZ,640.00,WGS 84,25,51,8.50,107,20,32.10,NO APLICA,NO APLICA,600.00,15.00,TERRACERÍA,06/03/2006,180 DÍAS,06/09/2006,SEP,2006,NO,INOPERATIVO,"AEROPUERTO INTERNACIONAL DE CULIACAN, SINALOA",,,,,,
HP 1253,HELIPUERTO,HEN,EL EDEN,JALISCO,PUERTO VALLARTA,DIURNO,SERVICIO PARTICULAR,SUPERFICIE,H-1,"AVREP, S.A. DE C.V.",500.00,,20,31,25.00,105,15,44.00,,,,,,03/04/2001,60 DÍAS,SIN AUTORIZACIÓN,MAY,2001,NO,INOPERATIVO,"AEROPUERTO INTERNACIONAL DE PUERTO VALLARTA, JALISCO",,,,,,
SP 1254,AERÓDROMO,VOS,LA VEGA DEL OSO,DURANGO,TOPIA,DIURNO,SERVICIO PARTICULAR,TERRESTRE,1-A,JUAN JOSE ROMERO RAMIREZ,670.00,,25,20,34.00,106,43,54.00,NO APLICA,NO APLICA,400.00,8.00,TERRACERÍA,22/07/2003,60 DÍAS,SIN AUTORIZACIÓN,SEP,2003,NO,INOPERATIVO,"AEROPUERTO INTERNACIONAL DE DURANGO, DURANGO",,,,,,
HP 1255,HELIPUERTO,HLI,TORRE LIBERTAD ,CIUDAD DE MÉXICO,CUAUHTÉMOC,DIURNO Y NOCTURNO,SERVICIO PARTICULAR Y A TERCEROS,ELEVADO,H-2,GRUPO 1818 S.A DE C.V ,"2,399.00",WGS 84,19,25,32.61,99,10,20.43,,,,,,01/10/2014,15 AÑOS,01/10/2029,OCT,2029,SI,VIGENTE,"AEROPUERTO INTERNACIONAL DE LA CIUDAD DE MEXICO, CIUDAD DE MEXICO",,,,,,
SP 1256,AERÓDROMO,EIN,EL CAPULIN,COAHUILA,SAN BUENAVENTURA,DIURNO,SERVICIO PARTICULAR,TERRESTRE,1-A,FILEMON LAZARO GARZA DE LA GARZA,"1,024.00",WGS 84,27,38,50.00,101,58,30.00,NO APLICA,NO APLICA,797.00,20.00,TERRACERÍA,28/05/2009,5 AÑOS,28/05/2014,MAY,2014,NO,INOPERATIVO,"AEROPUERTO INTERNACIONAL DE PIEDRAS NEGRAS, COAHUILA",,,,,,
SP 1257,AERÓDROMO,LIM,EL LIMON DE COPALQUIN,DURANGO,TAMAZULA,DIURNO,SERVICIO PARTICULAR,TERRESTRE,1-B,COMUNIDAD DE EL LIMON,549.00,WGS 84,25,29,28.12,107,5,53.52,NO APLICA,NO APLICA,320.00,10.00,TERRACERÍA,12/03/2008,180 DÍAS,12/09/2008,SEP,2008,NO,INOPERATIVO,"AEROPUERTO INTERNACIONAL DE CULIACAN, SINALOA",,,,,,
SP 1258,AERÓDROMO,CBT,CABRERA,CHIHUAHUA,GUADALUPE Y CALVO,DIURNO,SERVICIO PARTICULAR,TERRESTRE,1-A,"TAXIS AEREOS DE PARRAL, S.A.","1,915.00",,26,12,27.00,107,32,30.00,NO APLICA,NO APLICA,500.00,15.00,TERRACERÍA,15/12/2004,5 AÑOS,15/12/2009,AGO,2010,NO,INOPERATIVO,"AEROPUERTO INTERNACIONAL DE CHIHUAHUA, CHIHUAHUA",,,,,,
SP 1259,AERÓDROMO,EPP,EL PINAL,SINALOA,BADIRAGUATO,DIURNO,SERVICIO PARTICULAR,TERRESTRE,1-A,"COMUNIDAD DE LLANO GRANDE, BADIRAGUATO, SINALOA","1,200.00",,25,53,40.20,107,30,7.20,NO APLICA,NO APLICA,650.00,12.00,TERRACERÍA,15/04/2004,5 AÑOS,15/04/2009,JUL,2010,NO,INOPERATIVO,"AEROPUERTO INTERNACIONAL DE CULIACAN, SINALOA",,,,,,
SP 1260,AERÓDROMO,LHO,LA HORQUETA,SONORA,HERMOSILLO,DIURNO,SERVICIO PARTICULAR,TERRESTRE,1-A,"EMPRESAS AEROPECUARIAS SIMA, S.A. DE C.V.",74.00,,29,0,59.00,111,31,42.00,NO APLICA,NO APLICA,,,,15/05/2000,60 DÍAS,SIN AUTORIZACIÓN,JUL,2000,NO,INOPERATIVO,"AEROPUERTO INTERNACIONAL DE HERMOSILLO, SONORA",,,,,,
SP 1261,AERÓDROMO,GSA,GALANCITA,DURANGO,TOPIA,DIURNO,SERVICIO PARTICULAR,TERRESTRE,1-A,COMUNIDAD DE GALANCITA,900.00,,25,9,28.00,106,45,59.00,NO APLICA,NO APLICA,400.00,18.00,TERRACERÍA,24/12/2002,90 DÍAS,24/03/2003,MAR,2003,NO,INOPERATIVO,"AEROPUERTO INTERNACIONAL DE CULIACAN, SINALOA",,,,,,
SP 1262,AERÓDROMO,XIO,LOMA COLORADA,SINALOA,BADIRAGUATO,DIURNO,SERVICIO PARTICULAR,TERRESTRE,1-A,OSCAR MANUEL AVILES ACEVES,952.00,WGS 84,25,45,45.00,107,11,40.00,3,21,478.00,14.00,TERRACERÍA,31/07/2025,180 DÍAS,31/01/2026,ENE,2026,NO,EN TRAMITE,"AEROPUERTO INTERNACIONAL DE CULIACAN, SINALOA",,,,,,
SP 1263,AERÓDROMO,JVA,LA CHIJOLOSA,TAMAULIPAS,GONZALEZ,DIURNO,SERVICIO PARTICULAR,TERRESTRE,1-A,JUAN AMADOR VARGAS,8.00,,22,48,8.50,98,34,52.00,NO APLICA,NO APLICA,750.00,8.00,TERRACERÍA,22/03/2001,30 DÍAS,SIN AUTORIZACIÓN,ABR,2001,NO,INOPERATIVO,"AEROPUERTO INTERNACIONAL DE TAMPICO, TAMAULIPAS",,,,,,
SP 1264,AERÓDROMO,XRT,XCARET,QUINTANA ROO,SOLIDARIDAD,DIURNO,SERVICIO PARTICULAR,TERRESTRE,1-A,"CORPORATIVO ALAS, S.A. DE C.V.",5.00,WGS 84,20,34,49.90,87,7,38.60,NO APLICA,NO APLICA,360.00,20.00,TERRACERÍA,27/12/2002,90 DÍAS,27/03/2003,MAR,2003,NO,INOPERATIVO,"AEROPUERTO INTERNACIONAL DE CANCUN, QUINTANA ROO",,,,,,
HP 1265,BARCO-HELIPUERTO,HRK,ARKOS I CHIAPAS,CHIAPAS,TAPACHULA,DIURNO,SERVICIO PARTICULAR,HELIPUERTO MIXTO,H-1,"HERSEA, S.A. DE C.V.",0.00,NO APLICA,NO APLICA,NO APLICA,NO APLICA,NO APLICA,NO APLICA,NO APLICA,,,,,,13/02/2014, 15 AÑOS,13/02/2029,FEB,2029,NO,INOPERATIVO (RENUNCIA DEL TITULAR),"AEROPUERTO INTERNACIONAL DE TAPACHULA, CHIAPAS",,,,,,
HP 1266,BARCO-HELIPUERTO,HGM,MARÍA DELIA,COLIMA,MANZANILLO,DIURNO,SERVICIO PARTICULAR,HELIPUERTO MIXTO,H-1,"MARATUN, S.A. DE C.V.",0.00,NO APLICA,NO APLICA,NO APLICA,NO APLICA,NO APLICA,NO APLICA,NO APLICA,,,,,,28/04/2023,180 DIAS,28/10/2023,OCT,2023,NO,DESISTIMIENTO DEL  TRAMITE,"AEROPUERTO INTERNACIONAL DE MANZANILLO, COLIMA",,,,,,
HP 1267,HELIPUERTO,HEO,LOS ENCINOS,ESTADO DE MEXICO,OCOYOACAC,DIURNO,SERVICIO PARTICULAR,SUPERFICIE,H-1,"AUTO SERVICIOS LOS ENCINOS, S.A. DE C.V.","2,660.00",NAD 27,19,17,1.70,99,28,22.64,,,,,,24/01/2014,15 AÑOS,24/01/2029,ENE,2029,SI,VIGENTE,"AEROPUERTO INTERNACIONAL DE TOLUCA, ESTADO DE MEXICO",,,,,,
SP 1268,AERÓDROMO,TOO,RANCHO EL TULILLO,ZACATECAS,MAZAPIL,DIURNO,SERVICIO PARTICULAR,TERRESTRE,2-A,ENRIQUE MARTINEZ MARTINEZ,"2,080.00",WGS 84,23,49,16.00,101,46,37.00,NO APLICA,NO APLICA,"1,640.00",20.00,TERRACERÍA,07/06/2011,180 DÍAS,07/12/2011,DIC,2011,NO,INOPERATIVO,"AEROPUERTO INTERNACIONAL DE TORREON, COAHUILA",,,,,,
SP 1269,AERÓDROMO,PIL,LAS PILAS,COLIMA,IXTLAHUACAN,DIURNO,SERVICIO PARTICULAR,TERRESTRE,2-A,"ANGELES DEL INFIERNO, S.P.R. DE R.L.",40.00,NAD 27,18,56,25.00,103,46,27.00,NO APLICA,NO APLICA,"1,000.00",20.00,TERRACERÍA,05/12/2003,5 AÑOS,05/12/2008,DIC,2008,NO,INOPERATIVO,AEROPUERTO NACIONAL DE COLIMA,,,,,,
SP 1270,AERÓDROMO,CSM  ,CHAPOTITO                            ,TAMAULIPAS,SOTO LA MARINA,DIURNO,SERVICIO PARTICULAR,TERRESTRE,1-A,JUAN REGINO GUTIERREZ BARRERA Y/O MIRTHALA PRADO BENAVIDES,24.00,WGS 84,24,20,24.53,97,54,55.32,16,34,900.00,20.00,TERRACERÍA,09/03/2016,15 AÑOS,09/03/2031,MAR,2031,SI,VIGENTE,"AEROPUERTO INTERNACIONAL DE TAMPICO, TAMAULIPAS",,,,,,
HP 1271,HELIPUERTO,HPK,"PLAZA INSURGENTES SUR (2)
(Proyecto)",CIUDAD DE MÉXICO,ALVARO OBREGON,DIURNO,SERVICIO PARTICULAR,ELEVADO,H-1,"PLAZA INSURGENTES, S.A. DE C.V.","2,372.00",,19,21,3.70,99,11,11.80,,,,,,PROYECTO,,SIN AUTORIZACIÓN,ENE,2008,NO,INOPERATIVO,"AEROPUERTO INTERNACIONAL DE LA CIUDAD DE MEXICO, CIUDAD DE MEXICO",,,,,,
HP 1272,HELIPUERTO,,MOLIERE 222,CIUDAD DE MÉXICO,MIGUEL HIDALGO,DIURNO Y NOCTURNO,SERVICIO PARTICULAR,ELEVADO,H-1,"POLANCO INMOBILIARIA Y COMERCIAL, S.A. DE C.V. Y/O INMOBILIARIA P.H. POLANCO, S.A. DE C.V. Y/O ALVAIN, S.A. DE C.V.","2,241.00",NAD 27,19,26,3.41,99,12,6.39,,,,,,03/09/2009,5 AÑOS,03/09/2014,SEP,2014,NO,INOPERATIVO,"AEROPUERTO INTERNACIONAL DE LA CIUDAD DE MEXICO, CIUDAD DE MEXICO",,,,,,
HP 1273,HELIPUERTO,HMN,MOLIERE 222 I,CIUDAD DE MÉXICO,MIGUEL HIDALGO,DIURNO Y NOCTURNO,SERVICIO PARTICULAR,ELEVADO,H-1,"ADMINISTRADORA MOLIERE 222, S.A. DE C.V.","2,299.00",WGS 84,19,26,5.81,99,12,10.17,,,,,,06/02/2018,15 AÑOS,06/02/2033,FEB,2033,SI,VIGENTE,"AEROPUERTO INTERNACIONAL DE LA CIUDAD DE MEXICO, CIUDAD DE MEXICO",,,,,,
SP 1274,AERÓDROMO,TRA,LA TASAJERA,SINALOA,SINALOA DE LEYVA,DIURNO,SERVICIO PARTICULAR,TERRESTRE,1-A,JUAN FRANCISCO LUNA SOTO,NO DISPONIBLE,,25,59,0.00,107,30,0.00,NO APLICA,NO APLICA,530.00,16.00,TERRACERÍA,02/02/2004,5 AÑOS,02/02/2009,FEB,2009,NO,INOPERATIVO,"AEROPUERTO INTERNACIONAL DE CULIACAN, SINALOA",,,,,,
SP 1275,AERÓDROMO,AGK,LORENZOS,QUINTANA ROO,BENITO JUAREZ (CANCUN),DIURNO,SERVICIO PARTICULAR,TERRESTRE,1-A,"AVIACION Y COMUNICACIÓN, S.A. DE C.V.",15.00,NAD 27,21,6,35.64,86,50,5.40,NO APLICA,NO APLICA,300.00,12.00,ASFALTO,12/03/2008,180 DÍAS,12/09/2008,SEP,2008,NO,INOPERATIVO,"AEROPUERTO INTERNACIONAL DE CANCUN, QUINTANA ROO",,,,,,
SP 1276,AERÓDROMO,PMT,POTRERO DEL MASCABRESTO,DURANGO,TAMAZULA,DIURNO,SERVICIO PARTICULAR,TERRESTRE,1-A,DEMETRIO ORTIZ PEREZ,782.00,WGS 84,24,43,13.09,106,33,11.01,NO APLICA,NO APLICA,PENDIENTE DE INSPECCIÓN,PENDIENTE DE INSPECCIÓN,TERRACERÍA,SIN AUTORIZACIÓN,,SIN AUTORIZACIÓN,ENE,2010,NO,INOPERATIVO,"AEROPUERTO INTERNACIONAL DE CULIACAN, SINALOA",,,,,,
HP 1277,HELIPUERTO,HHZ,AERO TURQUESA COZUMEL,QUINTANA ROO,COZUMEL,DIURNO,SERVICIO PARTICULAR,SUPERFICIE,H-1,"MAGIC SEA ADVENTURES, S.A. DE C.V.",0.00,WGS 84,20,29,2.80,86,58,14.70,,,,,,SIN AUTORIZACIÓN,,SIN AUTORIZACIÓN,ENE,2001,NO,INOPERATIVO,"AEROPUERTO INTERNACIONAL DE COZUMEL, QUINTANA ROO",,,,,,
SP 1278,AERÓDROMO,OJC,OJITO DE CAMELLONES,DURANGO,CANELAS,DIURNO,SERVICIO PARTICULAR,TERRESTRE,1-A,"MINERA MEXICANA LA CIENEGA, S.A. DE C.V.","2,380.00",WGS 84,25,3,18.60,106,12,40.60,10,28,903.00,11.00,TERRACERÍA,22/06/2017,14 AÑOS,03/06/2031,JUN,2031,SI,VIGENTE,"AEROPUERTO INTERNACIONAL DE DURANGO, DURANGO",,,,,,
SP 1279,AERÓDROMO,TGR,LA TIGRERA,COLIMA,MANZANILLO,DIURNO,SERVICIO PARTICULAR,ELEVADO,1-A,EJIDO EL COLOMO Y LA ARENA,12.00,WGS 84,19,1,33.90,104,13,58.35,17,35,700.00,15.00,TERRACERÍA,16/01/2025,180 DIAS ,16/07/2025,JUN,2025,NO,EN TRAMITE,"AEROPUERTO INTERNACIONAL DE MANZANILLO, COLIMA",,,,,,
HP 1280,HELIPUERTO,HMG(NUEVO),EMBARCADERO (cambio de designador) HMB,QUINTANA ROO,BENITO JUAREZ (CANCUN),DIURNO,SERVICIO PARTICULAR,ELEVADO,H-1,"DESARROLLO NAUTICO INTEGRAL, S.A. DE C.V.",14.00,WGS 84,21,8,38.40,86,47,18.80,,,,,,15/11/2016,15 AÑOS,15/11/2031,NOV,2031,SI,VIGENTE,"AEROPUERTO INTERNACIONAL DE CANCUN, QUINTANA ROO",,,,,,
SP 1281,AERÓDROMO,CPC,CAMPO PESQUERO EL CASTILLO,SINALOA,NAVOLATO,DIURNO,SERVICIO PARTICULAR,TERRESTRE,2-C,"PRODUCTOS PESQUEROS Y SERVICIOS DEL PACIFICO, S.P.R. DE R.L., HIELO Y PLANTA CONGELADORA",5.00,NAD 27,24,32,58.00,107,42,0.00,NO APLICA,NO APLICA,850.00,100.00,TERRACERÍA,SIN AUTORIZACIÓN,,SIN AUTORIZACIÓN,ENE,2008,NO,INOPERATIVO,"AEROPUERTO INTERNACIONAL DE CULIACAN, SINALOA",,,,,,
SP 1282,AERÓDROMO,SHX,SANTA CRUZ,GUERRERO,HUAMUXTITLAN,DIURNO,SERVICIO PARTICULAR,TERRESTRE,3-B,COMISION DE INFRAESTRUCTURA CARRETERA Y AEROPORTUARIA DEL GOBIERNO DEL ESTADO DE GUERRERO,926.00,WGS 84,17,46,9.00,98,34,36.90,17,35,"1,400.00",30.00,ASFALTO,09/11/2017,180 DÍAS,09/05/2018,MAY,2018,NO,EN TRAMITE,"AEROPUERTO INTERNACIONAL DE ACAPULCO, GUERRERO",,,,,,
HP 1283,HELIPUERTO,HFT,HOTEL PLAZA MONACO,ESTADO DE MEXICO,TLALNEPANTLA,DIURNO,SERVICIO PARTICULAR,ELEVADO,H-1,"HOTEL PLAZA MONACO, S.A. DE C.V.",NO DISPONIBLE,NAD 27,19,20,48.00,99,12,57.00,,,,,,10/03/2003,180 DÍAS,10/09/2003,SEP,2003,NO,INOPERATIVO,"AEROPUERTO INTERNACIONAL DE LA CIUDAD DE MEXICO, CIUDAD DE MEXICO",,,,,,
SP 1284,AERÓDROMO,SBS,SAN BLAS,SINALOA,EL FUERTE,DIURNO,SERVICIO PARTICULAR,TERRESTRE,2-A,"H. AYUNTAMIENTO DE EL FUERTE, SINALOA",NO DISPONIBLE,,26,3,50.00,108,44,45.00,NO APLICA,NO APLICA,"1,000.00",15.00,TERRACERÍA,30/01/2002,90 DÍAS,SIN AUTORIZACIÓN,ABR,2002,NO,INOPERATIVO,"AEROPUERTO INTERNACIONAL DE LOS MOCHIS, SINALOA",,,,,,
HP 1285,HELIPUERTO,HLT,TORRE LOMAS,CIUDAD DE MÉXICO,MIGUEL HIDALGO,DIURNO,SERVICIO PARTICULAR,ELEVADO,H-1,"CONDOMINIO DE TORRE LOMAS, A.C.","2,247.00",WGS 84,19,25,42.87,99,12,57.88,,,,,,17/09/2014,15 AÑOS,17/09/2029,SEP,2029,SI,VIGENTE,"AEROPUERTO INTERNACIONAL DE LA CIUDAD DE MEXICO, CIUDAD DE MEXICO",,,,,,
SP 1286,AERÓDROMO,ELY,EL LIMONAL,TAMAULIPAS,LLERA DE GONZALEZ,DIURNO,SERVICIO PARTICULAR,TERRESTRE,1-A,TOMAS RALPH JONES POSPISIL,24.00,WGS 84,22,39,7.00,98,34,5.00,2,20,700.00,15.00,TERRACERÍA,16/07/2004,5 AÑOS,16/07/2009,JUL,2009,NO,INOPERATIVO,"AEROPUERTO DE CIUDAD VICTORIA, TAMAULIPAS",,,,,,
SP 1287,AERÓDROMO,RZA,RANCHO ZAPATA,TAMAULIPAS,VILLA DE LLERA,DIURNO,SERVICIO PARTICULAR,TERRESTRE,1-A,TOMAS RAFAEL JONES POSPISIL,226.00,WGS 84,23,18,14.00,98,53,10.00,18,36,700.00,15.00,TERRACERÍA,16/07/2004,5 AÑOS,16/07/2009,JUL,2009,NO,INOPERATIVO,"AEROPUERTO DE CIUDAD VICTORIA, TAMAULIPAS",,,,,,
SP 1288,AERÓDROMO,BCY,BACAYOPA,SINALOA,CHOIX,DIURNO,SERVICIO PARTICULAR,TERRESTRE,1-A,"EJIDATARIOS UNIDOS BACAYOPA, A.C.",700.00,WGS 84,26,28,45.00,108,6,38.00,NO APLICA,NO APLICA,550.00,8.00,TERRACERÍA,16/07/2004,5 AÑOS,16/07/2009,JUL,2009,NO,INOPERATIVO,"AEROPUERTO INTERNACIONAL DE LOS MOCHIS, SINALOA",,,,,,
SP 1289,AERÓDROMO,HZH,EL HUIZACHE,TAMAULIPAS,RIO BRAVO,DIURNO,SERVICIO PARTICULAR,TERRESTRE,1-A,MARIO W. TRESGONZALEZ GONZALEZ,30.00,WGS 84,25,55,21.00,98,7,27.00,NO APLICA,NO APLICA,900.00,20.00,TERRACERÍA,08/05/2007,180 DÍAS,08/11/2007,NOV,2007,NO,INOPERATIVO,"AEROPUERTO INTERNACIONAL DE REYNOSA, TAMAULIPAS",,,,,,
HP 1290,HELIPUERTO,HVC,SAN VICENTE,TAMAULIPAS,NUEVO PADILLA,DIURNO,SERVICIO PARTICULAR,SUPERFICIE,H-1,BRADFORD ALLINGTON WYATT,140.00,WGS 84,24,1,15.00,98,43,12.00,,,,,,21/06/2007,180 DÍAS,21/12/2007,DIC,2007,NO,INOPERATIVO,"AEROPUERTO DE CIUDAD VICTORIA, TAMAULIPAS",,,,,,
SP 1291,AERÓDROMO,AEG,EJIDO GONZALEZ,TAMAULIPAS,GONZALEZ,DIURNO,SERVICIO PARTICULAR,TERRESTRE,1-A,"SERVICIOS AÉREOS AGRÍCOLAS Y FORESTALES DE MÉXICO, S.A DE C. V.",95.00,WGS 84,22,48,15.00,98,24,43.80,NO APLICA,NO APLICA,900.00,8.00,ASFALTO,21/03/2014,15 AÑOS,21/03/2029,MAR,2029,SI,VIGENTE,"AEROPUERTO INTERNACIONAL DE TAMPICO, TAMAULIPAS",,,,,,
SP 1292,AERÓDROMO,AVH,AERODROMO VILLA HIDALGO,SONORA,VILLA HIDALGO,DIURNO,SERVICIO PARTICULAR,TERRESTRE,1-A,"H. AYUNTAMIENTO CONSTITUCIONAL DE VILLA HIDALGO, SONORA",650.00,NAD 27,30,10,3.24,109,19,28.24,NO APLICA,NO APLICA,,,,04/07/2003,90 DÍAS,04/01/2004,ENE,2004,NO,INOPERATIVO,"AEROPUERTO INTERNACIONAL DE HERMOSILLO, SONORA",,,,,,
SP 1293,AERÓDROMO,LOL,LOS LIMONES,SINALOA,SINALOA DE LEYVA,DIURNO,SERVICIO PARTICULAR,TERRESTRE,1-A,JESUS JAVIER CASTRO SOTO,NO DISPONIBLE,NAD 27,25,46,3.00,118,19,51.00,NO APLICA,NO APLICA,610.00,20.00,TERRACERÍA,29/11/2001,60 DÍAS,SIN AUTORIZACIÓN,ENE,2002,NO,INOPERATIVO,"AEROPUERTO INTERNACIONAL DE LOS MOCHIS, SINALOA",,,,,,
SP 1294,AERÓDROMO,PMS,EL PALMOSO,TAMAULIPAS,VILLA ALDAMA,DIURNO,SERVICIO PARTICULAR,TERRESTRE,1-A,JORGE LUIS SOLBES SIMON,130.00,WGS 84,23,11,15.00,97,53,16.00,NO APLICA,NO APLICA,500.00,10.00,TERRACERÍA,31/12/2004,180 DÍAS,30/06/2005,JUN,2005,NO,INOPERATIVO,"AEROPUERTO INTERNACIONAL DE TAMPICO, TAMAULIPAS",,,,,,
HP 1295,HELIPUERTO,,"HELIPUERTO EL FLORIDO
(Proyecto)",BAJA CALIFORNIA,TIJUANA,DIURNO,SERVICIO PARTICULAR,SUPERFICIE,H-1,"BBV MÉXICO, S.A. DE C.V. FIDEICOMISO SUBMETRÓPOLI",NO DISPONIBLE,WGS 84,32,26,56.50,116,51,16.70,,,,,,PROYECTO,,SIN AUTORIZACIÓN,OCT,2007,NO,INOPERATIVO,"AEROPUERTO INTERNACIONAL DE TIJUANA, BAJA CALIFORNIA",,,,,,
SP 1296,AERÓDROMO,MON,RANCHO LA MONTAÑA,VERACRUZ,ACAYUCAN,DIURNO,SERVICIO PARTICULAR,TERRESTRE,1-A,AMADEO GONZALEZ USCANGA,77.00,,18,3,0.00,94,56,0.00,NO APLICA,NO APLICA,500.00,15.00,TERRACERÍA,SIN AUTORIZACIÓN,,SIN AUTORIZACIÓN,ENE,1987,NO,INOPERATIVO,"AEROPUERTO DE MINATITLAN, VERACRUZ",,,,,,
SP 1297,AERÓDROMO,SFX,SAN FERNANDO,SINALOA,GUASAVE,DIURNO,SERVICIO PARTICULAR,TERRESTRE,1-A,VICTOR GONZALEZ RUBIO,NO DISPONIBLE,WGS 84,25,32,46.05,108,37,24.42,NO APLICA,NO APLICA,656.00,10.00,TERRACERÍA,17/12/2007,180 DÍAS,17/06/2008,JUN,2008,NO,INOPERATIVO,"AEROPUERTO INTERNACIONAL DE LOS MOCHIS, SINALOA",,,,,,
SP 1298,AERÓDROMO,MBC,MARINA BEACH,BAJA CALIFORNIA,SAN FELIPE,DIURNO,SERVICIO PARTICULAR,TERRESTRE,1-A,"AERODINAMIC DE MEXICO, S.A. DE C.V.",3.00,,30,59,10.20,114,49,22.80,NO APLICA,NO APLICA,200.00,20.00,TERRACERÍA,08/02/2006,5 AÑOS,08/02/2011,FEB,2011,NO,INOPERATIVO,"AEROPUERTO INTERNACIONAL DE MEXICALI, BAJA CALIFORNIA",,,,,,
SP 1299,AERÓDROMO,MDB,MEZA DEL BARRANCO,DURANGO,CANELAS,DIURNO,SERVICIO PARTICULAR,TERRESTRE,1-A,LUIS ENRIQUE BELTRAN RAMIREZ,PENDIENTE,,25,9,44.20,106,41.00,42.90,NO APLICA,NO APLICA,PENDIENTE,PENDIENTE,TERRACERÍA,SIN AUTORIZACIÓN,,SIN AUTORIZACIÓN,ENE,2010,NO,INOPERATIVO,"AEROPUERTO INTERNACIONAL DE DURANGO, DURANGO",,,,,,
SP 1300,AERÓDROMO,CDV,CAMPO DAVID,TABASCO,HUIMANGUILLO,DIURNO,SERVICIO PARTICULAR,TERRESTRE,1-A,PEDRO BERNARDO CACERES DE LA FUENTE,50.00,WGS 84,17,38,15.70,93,24,30.30,10,28,685.00,15.00,TERRACERÍA,11/11/2016,15 AÑOS,11/11/2031,NOV,2031,SI,VIGENTE,"AEROPUERTO INTERNACIONAL DE VILLAHERMOSA, TABASCO",,,,,,
SP 1301,AERÓDROMO,JEF,JORGE EFRAIN,TABASCO,TEAPA,DIURNO,SERVICIO PARTICULAR,TERRESTRE,1-A,JOSE GABRIEL PEREZ ESQUINCA,16.00,WGS 84,17,40,29.57,92,58,11.60,17,35,700.00,9.00,TERRACERÍA,23/07/2018,15 AÑOS,23/07/2033,JUL,2033,SI,VIGENTE,"AEROPUERTO INTERNACIONAL DE VILLAHERMOSA, TABASCO",,,,,,
HP 1302,HELIPUERTO,,HELICOPTERS AIR SPACE,JALISCO,EL SALTO,DIURNO,SERVICIO PARTICULAR,SUPERFICIE,H-1,HELICOPTERS AIR SPACE SERVICES S.A. DE C.V.,NO DISPONIBLE,WGS 84,NO DISPONIBLE,NO DISPONIBLE,NO DISPONIBLE,NO DISPONIBLE,NO DISPONIBLE,NO DISPONIBLE,,,,,,PROYECTO,,PROYECTO,,,NO,INOPERATIVO,"AEROPUERTO INTERNACIONAL DE GUADALAJARA, JALISCO",,,,,,
SP 1303,AERÓDROMO,SJL,SAN JOSE DEL LLANO,SINALOA,BADIRAGUATO,DIURNO,SERVICIO PARTICULAR,TERRESTRE,1-A,RAFAEL RIVERA LOPEZ,NO DISPONIBLE,,25,47,24.00,107,20,19.00,NO APLICA,NO APLICA,,,,PROYECTO,,PROYECTO,ENE,2001,NO,INOPERATIVO,"AEROPUERTO INTERNACIONAL DE CULIACAN, SINALOA",,,,,,
HP 1304,BARCO-HELIPUERTO,HMP,MADEIRA,SINALOA,MAZATLÁN,DIURNO,SERVICIO PARTICULAR,HELIPUERTO MIXTO,H-1,"ATUNEROS UNIDOS DE CALIFORNIA, S.A. DE C.V.",0.00,NO APLICA,NO APLICA,NO APLICA,NO APLICA,NO APLICA,NO APLICA,NO APLICA,,,,,,24/02/2017,15 AÑOS,24/02/2032,FEB,2032,SI,VIGENTE,"AEROPUERTO INTERNACIONAL DE MAZATLAN, SINALOA",,,,,,
SP 1305,AERÓDROMO,GLQ,LA GLORIA II,JALISCO,TOMATLÁN,DIURNO,SERVICIO PARTICULAR,TERRESTRE,1-C,LEOBARDO GARCIA PACHECO,NO DISPONIBLE,,19,57,0.00,105,18,0.00,NO APLICA,NO APLICA,600.00,25.00,,19/03/2008,180 DÍAS,19/09/2008,SEP,2008,NO,INOPERATIVO,"AEROPUERTO INTERNACIONAL DE PUERTO VALLARTA, JALISCO",,,,,,
SP 1306,AERÓDROMO,ACJ,"AERO CLUB VALLE DE BRAVO, A.C.",ESTADO DE MEXICO,VALLE DE BRAVO,DIURNO,SERVICIO PARTICULAR,TERRESTRE,1-A,"AERO CLUB VALLE DE BRAVO, A.C.","2,238.00",WGS 84,19,8,44.40,100,4,32.00,12,30,850.00,12.00,ASFALTO,12/01/2018,14 AÑOS,30/09/2032,SEP,2032,SI,VIGENTE,"AEROPUERTO INTERNACIONAL DE TOLUCA, ESTADO DE MEXICO",,,,,,
HP 1307,HELIPUERTO,HSX,SKYTEX,PUEBLA,HUEJOTZINGO,DIURNO,SERVICIO PARTICULAR,ELEVADO,H-1,"SKYTEX MEXICO, S.A. DE C.V.","2,290.00",WGS 84,19,13,1.70,98,24,15.00,,,,,,01/10/2015,15 AÑOS,01/10/2030,OCT,2030,SI,VIGENTE,"AEROPUERTO INTERNACIONAL ""HERMANOS SERDÁN"" DE HUEJOTZINGO, PUE.",,,,,,
SP 1308,AERÓDROMO,XQI,XIQUIPILLI,TABASCO,EMILIANO ZAPATA,DIURNO,SERVICIO PARTICULAR,TERRESTRE,1-A,NOEL Y ARANXA MAGALI BECERRIL DELGADO,15.00,WGS 84,17,54,41.00,91,44,56.00,NO APLICA,NO APLICA,600.00,10.00,TERRACERÍA,SIN AUTORIZACIÓN,180 DÍAS,29/03/2010,MAR,2010,NO,INOPERATIVO,"AEROPUERTO INTERNACIONAL DE VILLAHERMOSA, TABASCO",,,,,,
SP 1309,AERÓDROMO,FFR,RANCHO LOS FLORES,TABASCO,JONUTA,DIURNO,SERVICIO PARTICULAR,TERRESTRE,1-A,FERNANDO FLORES RAMIREZ,6.00,,17,56,45.00,91,33,20.00,NO APLICA,NO APLICA,622.00,12.00,TERRACERÍA,18/04/2009,180 DÍAS,18/10/2009,OCT,2009,NO,INOPERATIVO,"AEROPUERTO INTERNACIONAL DE VILLAHERMOSA, TABASCO",,,,,,
SP 1310,AERÓDROMO,LBB,LOS BRAVOS DE BONFIL,CAMPECHE,CIUDAD DEL CARMEN,DIURNO,SERVICIO PARTICULAR,TERRESTRE,1-A,"SOCIEDAD DE PRODUCCION RURAL LOS BRAVOS DE BONFIL, R.L.",6.00,WGS 84,17,59,24.90,91,41,30.30,9,27,707.00,7.00,TERRACERÍA,02/03/2015,180 DÍAS,02/09/2015,SEP,2015,NO,INOPERATIVO,"AEROPUERTO INTERNACIONAL DE CIUDAD DEL CARMEN, CAMPECHE",,,,,,
SP 1311,AERÓDROMO,ETT,EL TULE,DURANGO,TAMAZULA,DIURNO,SERVICIO PARTICULAR,TERRESTRE,1-A,CECILIO CARREON LUNA,NO DISPONIBLE,,24,56,38.00,106,57,56.00,NO APLICA,NO APLICA,,,,17/01/2003,90 DÍAS,17/04/2003,ABR,2003,NO,INOPERATIVO,"AEROPUERTO INTERNACIONAL DE CULIACAN, SINALOA",,,,,,
SP 1312,AERÓDROMO,CGZ,CAP.P.A. JOSE COVARRUBIAS PEREZ,JALISCO,CIUDAD GUZMAN,DIURNO,SERVICIO PARTICULAR,TERRESTRE,2-A,JOSE FERNANDO COVARRUBIAS GARCIA,"1,510.00",NAD 27,19,42,29.00,103,29,27.00,16,34,"1,520.00",25.00,ASFALTO,24/07/2017,180 DÍAS,24/01/2018,ENE,2018,NO,INOPERATIVO,"AEROPUERTO INTERNACIONAL DE GUADALAJARA, JALISCO",,,,,,
SP 1313,AERÓDROMO,RGW,RANCHO EL GUAJE,NUEVO LEÓN,DR. COSS,DIURNO,SERVICIO PARTICULAR,TERRESTRE,2-C,SERAPIO CANTU SALINAS,350.00,WGS 84,25,55,23.40,98,59,40.30,NO APLICA,NO APLICA,880.00,40.00,TERRACERÍA,27/12/2002,90 DÍAS,27/03/2003,MAR,2003,NO,INOPERATIVO,"AEROPUERTO INTERNACIONAL DEL NORTE, NUEVO LEON",,,,,,
HP 1314,HELIPUERTO,HPY,POLYCEL,CIUDAD DE MÉXICO,IZTAPALAPA,DIURNO,SERVICIO PARTICULAR,SUPERFICIE,H-1,"POLYCEL DE MEXICO, S.A. DE C.V.","2,245.00",NAD 27,19,22,22.62,99,4,40.85,,,,,,15/04/2004,5 AÑOS,15/04/2009,MAY,2011,NO,INOPERATIVO,"AEROPUERTO INTERNACIONAL DE LA CIUDAD DE MEXICO, CIUDAD DE MEXICO",,,,,,
SP 1315,AERÓDROMO,ASV,AEROSERVICIOS LA VICTORIA,SONORA,CAJEME,DIURNO,SERVICIO PARTICULAR,TERRESTRE,1-A,"AEROSERVICIOS LA VICTORIA, S.A. DE C.V.",26.60,WGS 84,27,24,16.00,109,57,34.10,NO APLICA,NO APLICA,580.00,18.00,TERRACERÍA,29/01/2010,5 AÑOS,29/01/2015,ENE,2015,NO,INOPERATIVO,"AEROPUERTO INTERNACIONAL DE CIUDAD OBREGON, SONORA",,,,,,
HP 1316,HELIPUERTO,HRO,CORPORATIVO 5010,CIUDAD DE MÉXICO,COYOACÁN,DIURNO,SERVICIO PARTICULAR,ELEVADO,H-1,"INMOBILIARIA CASAMIL, S.A. DE C.V.","2,348.00",WGS 84,19,18,13.62,99,10,58.76,,,,,,20/07/2016,15 AÑOS,20/07/2031,JUL,2031,SI,VIGENTE,"AEROPUERTO INTERNACIONAL DE LA CIUDAD DE MEXICO, CIUDAD DE MEXICO",,,,,,
HP 1317,HELIPUERTO,,K.N.,PUEBLA,TEXMELUCAN,DIURNO,SERVICIO PARTICULAR,SUPERFICIE,H-1,"AERONAUTICA ALFA-BETA, S.A. DE C.V.",NO DISPONIBLE,,19,16,26.00,98,25,19.00,,,,,,31/07/2003,30 DÍAS,SIN AUTORIZACIÓN,OCT,2003,NO,INOPERATIVO,"AEROPUERTO INTERNACIONAL ""HERMANOS SERDÁN"" DE HUEJOTZINGO, PUE.",,,,,,
HP 1318,HELIPUERTO,HKP,PANZACOLA,TLAXCALA,SAN FRANCISCO PAPALOTLA,DIURNO,SERVICIO PARTICULAR,SUPERFICIE,H-1,"AERONAUTICA ALFA-BETA, S.A. DE C.V.",NO DISPONIBLE,,19,9,38.00,98,13,58.00,,,,,,12/03/2003,45 DÍAS,SIN AUTORIZACIÓN,ABR,2003,NO,INOPERATIVO,"AEROPUERTO INTERNACIONAL ""HERMANOS SERDÁN"" DE HUEJOTZINGO, PUE.",,,,,,
HP 1319,HELIPUERTO,HJA,AJALPA,PUEBLA,AJALPAN,DIURNO,SERVICIO PARTICULAR,SUPERFICIE,H-1,"AERONAUTICA ALFA-BETA, S.A. DE C.V.",NO DISPONIBLE,,18,23,2.00,97,17,4.00,,,,,,SIN AUTORIZACIÓN,,SIN AUTORIZACIÓN,ENE,2002,NO,INOPERATIVO,"AEROPUERTO INTERNACIONAL ""HERMANOS SERDÁN"" DE HUEJOTZINGO, PUE.",,,,,,
HP 1320,HELIPUERTO,HOX,PUEBLA 2000,PUEBLA,PUEBLA,DIURNO,SERVICIO PARTICULAR,ELEVADO,H-1,"AERONAUTICA ALFA-BETA, S.A. DE C.V.",NO DISPONIBLE,,19,4,43.00,98,9,17.00,,,,,,SIN AUTORIZACIÓN,,SIN AUTORIZACIÓN,ENE,2002,NO,INOPERATIVO,"AEROPUERTO INTERNACIONAL ""HERMANOS SERDÁN"" DE HUEJOTZINGO, PUE.",,,,,,
HP 1321,HELIPUERTO,HVX,VILLALTA,TLAXCALA,XOCOYUCA,DIURNO,SERVICIO PARTICULAR,SUPERFICIE,H-1,"AERONAUTICA ALFA-BETA, S.A. DE C.V.",NO DISPONIBLE,,19,18,1.00,98,23,33.00,,,,,,12/03/2003,45 DÍAS,SIN AUTORIZACIÓN,ABR,2003,NO,INOPERATIVO,"AEROPUERTO INTERNACIONAL ""HERMANOS SERDÁN"" DE HUEJOTZINGO, PUE.",,,,,,
SP 1322,AERÓDROMO,LPW,LA PAZ,NUEVO LEÓN,GALEANA,DIURNO,SERVICIO PARTICULAR,TERRESTRE,1-A,"WYATT HIDALGO VEGETABLES, S.A. DE C.V.","1,904.00",NAD 27,24,56,42.00,100,26,49.00,NO APLICA,NO APLICA,630.18,22.77,,22/07/2003,90 DÍAS,22/10/2003,OCT,2003,NO,INOPERATIVO,"AEROPUERTO INTERNACIONAL DEL NORTE, NUEVO LEON",,,,,,
SP 1323,AERÓDROMO,PTS,POTOSI,NUEVO LEÓN,GALEANA,DIURNO,SERVICIO PARTICULAR,TERRESTRE,1-A,"WYATT HIDALGO VEGETABLES, S.A. DE C.V.","1,881.00",NAD 27,24,52,23.00,100,21,51.00,NO APLICA,NO APLICA,702.95,20.75,,22/07/2003,90 DÍAS,22/10/2003,OCT,2003,NO,INOPERATIVO,"AEROPUERTO INTERNACIONAL DEL NORTE, NUEVO LEON",,,,,,
SP 1324,AERÓDROMO,SMP,SAN MARTIN,SONORA,EMPALME,DIURNO,SERVICIO PARTICULAR,TERRESTRE,1-A,CRISTOBAL MENDIVIL FRIAS,56.08,WGS 84,28,7,24.18,110,41,26.28,NO APLICA,NO APLICA,750.00,18.00,TERRACERÍA,09/10/2009,180 DÍAS,09/04/2010,ABR,2010,NO,INOPERATIVO,"AEROPUERTO INTERNACIONAL DE GUAYMAS, SONORA",,,,,,
SP 1325,AERÓDROMO,PLD,PLAN BONITO,VERACRUZ,COSAMALOAPAN,DIURNO,SERVICIO PARTICULAR,TERRESTRE,1-A,GREGORIO CRUZ CANO,NO DISPONIBLE,NAD 27,18,18,50.00,95,57,30.00,NO APLICA,NO APLICA,,,,16/10/2003,90 DÍAS,16/01/2004,ENE,2004,NO,INOPERATIVO,"AEROPUERTO INTERNACIONAL DE VERACRUZ, VERACRUZ",,,,,,
SP 1326,AERÓDROMO,IGB,SAN IGNACIO ,CHIHUAHUA,BATOPILAS,DIURNO,SERVICIO PARTICULAR,TERRESTRE,1-A,"H. AYUNTAMIENTO CONSTITUCIONAL, H. AYUNTAMIENTO DE BATOPILAS",430.00,WGS 84,26,50,31.13,107,50,27.38,12,30,625.00,15.00,TERRACERÍA,01/11/2002,90 DÍAS,01/02/2003,FEB,2003,NO,EN TRAMITE,"AEROPUERTO INTERNACIONAL DE CHIHUAHUA, CHIHUAHUA",,,,,,
HP 1327,HELIPUERTO,HSS,CENTRO NACIONAL DE REHABILITACION,CIUDAD DE MÉXICO,TLALPAN,DIURNO,SERVICIO PARTICULAR,ELEVADO,H-1,"SECRETARIA DE SALUD, GOBIERNO DEL DISTRITO FEDERAL","2,286.56",NAD 27,19,17,20.20,99,8,56.30,,,,,,02/08/2002,1 AÑO,SIN AUTORIZACIÓN,AGO,2003,NO,INOPERATIVO,"AEROPUERTO INTERNACIONAL DE LA CIUDAD DE MEXICO, CIUDAD DE MEXICO",,,,,,
SP 1328,AERÓDROMO,TES,TRES ENCINOS,VERACRUZ,COSAMALOAPAN,DIURNO,SERVICIO PARTICULAR,TERRESTRE,1-A,MARCOS RIVERA CONTRERAS,25.00,WGS 84,18,14,35.40,96,4,20.60,16,34,860.00,18.00,TERRACERÍA,07/10/2015,15 AÑOS,07/10/2030,OCT,2030,SI,VIGENTE,"AEROPUERTO INTERNACIONAL DE VERACRUZ, VERACRUZ",,,,,,
SP 1329,AERÓDROMO,FUP,LA PLATANERA,SINALOA,NAVOLATO,DIURNO,SERVICIO PARTICULAR,TERRESTRE,1-A,JÓSE LUIS ZAMUDIO OCHOA,20.00,WGS 84,24,49,18.96,107,34,59.06,9,27,700.00,9.00,ASFALTO COMPACTO Y TERRACERIA,12/04/2023,180 DIAS,12/10/2023,OCT,2023,NO,EN TRAMITE,"AEROPUERTO INTERNACIONAL DE CULIACAN, SINALOA",,,,,,
SP 1330,AERÓDROMO,BMO,EL BRAMADERO,TAMAULIPAS,ALTAMIRA,DIURNO,SERVICIO PARTICULAR,TERRESTRE,2-B,ALFREDO GERARDO MOUNETOU PEREZ,24.00,NAD 27,22,39,0.00,98,3,15.00,NO APLICA,NO APLICA,"1,000.00",30.00,TERRACERÍA,03/07/2003,60 DÍAS,SIN AUTORIZACIÓN,ENE,2004,NO,INOPERATIVO,"AEROPUERTO INTERNACIONAL DE NUEVO LAREDO, TAMAULIPAS",,,,,,
SP 1331,AERÓDROMO,ASX,AGRICOLA SANTA VENERANDA,SINALOA,GUASAVE,DIURNO,SERVICIO PARTICULAR,TERRESTRE,1-A,"AGRICOLA SANTA VENERANDA, S.P.R. DE R.L.",20.00,WGS 84,25,45,8.00,108,45,27.00,12,30,850.00,10.00,ASFALTO,26/07/2018,15 AÑOS,26/07/2033,JUL,2033,SI,VIGENTE,"AEROPUERTO INTERNACIONAL DE LOS MOCHIS, SINALOA",,,,,,
SP 1332,AERÓDROMO,NMX,NUEVO MEXICO (LOS MANZANOS),DURANGO,MAPIMI,DIURNO,SERVICIO PARTICULAR,TERRESTRE,2-A,"ESTABLO CHILCHOTA, S.A. DE C.V.","1,000.00",WGS 84,26,32,35.00,104,13,31.00,18,36,"2,000.00",20.00,TERRACERÍA,21/04/2016,15 AÑOS,21/04/2031,ABR,2031,NO,INOPERATIVO (RENUNCIA DEL TITULAR),"AEROPUERTO INTERNACIONAL DE TORREON, COAHUILA",,,,,,
SP 1333,AERÓDROMO,VYS,VIENTO Y SOL,QUINTANA ROO,BENITO JUAREZ (CANCUN),DIURNO,SERVICIO PARTICULAR,TERRESTRE,1-A,"UNIÓN DE POSESIONARIOS Y COLONOS ALFREDO V. BONFIL, A.C.",5.00,WGS 84,21,6,26.61,86,50,5.94,12,30,400.00,15.00,TERRACERÍA,01/12/2009,5 AÑOS,01/12/2014,DIC,2014,NO,INOPERATIVO,"AEROPUERTO INTERNACIONAL DE CANCUN, QUINTANA ROO",,,,,,
SP 1334,AERÓDROMO,VVG,EL VERANO,DURANGO,TAMAZULA,DIURNO,SERVICIO PARTICULAR,TERRESTRE,1-A,VICENTE VALENCIA GARCIA,NO DISPONIBLE,NAD 27,24,19,37.90,106,30,9.90,NO APLICA,NO APLICA,,,TERRACERÍA,05/04/2006,5 AÑOS,05/04/2011,ABR,2011,NO,INOPERATIVO,"AEROPUERTO INTERNACIONAL DE DURANGO, DURANGO",,,,,,
SP 1335,AERÓDROMO,CCC,CASA COLORADA,DURANGO,TAMAZULA,DIURNO,SERVICIO PARTICULAR,TERRESTRE,1-C,ANGELINA CHAIDEZ MADUEÑO,NO DISPONIBLE,NAD 27,24,41,29.00,106,34,9.22,NO APLICA,NO APLICA,400.00,32.00,TERRACERÍA,SIN AUTORIZACIÓN,,SIN AUTORIZACIÓN,ENE,2002,NO,INOPERATIVO,"AEROPUERTO INTERNACIONAL DE DURANGO, DURANGO",,,,,,
SP 1336,AERÓDROMO,LLL,EL LIMON LAS COLORADAS,DURANGO,TAMAZULA,DIURNO,SERVICIO PARTICULAR,TERRESTRE,1-A,MARTIN GUADALUPE VALENZUELA ORTIZ,"1,771.00",WGS 84,24,46,33.70,106,34,9.22,NO APLICA,NO APLICA,500.00,22.00,TERRACERÍA,29/09/2009,180 DÍAS,29/03/2010,MAR,2010,NO,INOPERATIVO,"AEROPUERTO INTERNACIONAL DE DURANGO, DURANGO",,,,,,
SP 1337,AERÓDROMO,IGL,EL IGUALAMO,DURANGO,TAMAZULA,DIURNO,SERVICIO PARTICULAR,TERRESTRE,1-A,MARTIN GUADALUPE VALENZUELA ORTIZ Y/O DOMINGO BARRAZA ORTIZ,"1,800.00",,24,41,15.00,106,35,20.00,NO APLICA,NO APLICA,300.00,15.00,TERRACERÍA,SIN AUTORIZACIÓN,,SIN AUTORIZACIÓN,ENE,2002,NO,INOPERATIVO,"AEROPUERTO INTERNACIONAL DE DURANGO, DURANGO",,,,,,
HP 1338,HELIPUERTO,HVM,AMATITLAN,VERACRUZ,ALAMO ,DIURNO,SERVICIO PARTICULAR,SUPERFICIE,H-1,"SOUTH AMERICAN HELICOPTER, S.A. DE C.V.",NO DISPONIBLE,,20,57,31.00,97,51,12.00,,,,,,26/11/2002,30 DÍAS,SIN AUTORIZACIÓN,DIC,2002,NO,INOPERATIVO,"AEROPUERTO DE POZA RICA, VERACRUZ",,,,,,
SP 1339,AERÓDROMO,AYL,AYUQUILA,BAJA CALIFORNIA SUR,COMONDÚ,DIURNO,SERVICIO PARTICULAR,TERRESTRE,1-A,MARCELO OCHOA GONZÁLEZ,19.00,WGS 84,25,13,25.00,111,45,34.00,NO APLICA,NO APLICA,550.00,8.00,TERRACERÍA,03/11/2005,5 AÑOS,03/11/2010,NOV,2010,NO,INOPERATIVO,"AEROPUERTO INTERNACIONAL DE LORETO, BAJA CALIFORNIA SUR",,,,,,
HP 1340,HELIPUERTO,HBV,COORPORATIVO BLANCO,QUERETARO,TEQUISQUIAPAN,DIURNO,SERVICIO PARTICULAR,ELEVADO,H-1,CORPORATIVO BLANCO S.A. DE C.V.,"1,907.00",WGS 84,20,36,50.30,100,24,40.10,,,,,,SIN AUTORIZACIÓN,,SIN AUTORIZACIÓN,ABR,2008,NO,INOPERATIVO,AEROPUERTO INTERCONTINENTAL DE QUERÉTARO.,,,,,,
SP 1341,AERÓDROMO,BCZ,BACAYOPA II,SINALOA,LOS MOCHIS,DIURNO,SERVICIO PARTICULAR,TERRESTRE,1-A,MONTIJO GONZALEZ EPITACIO,698.00,WGS 84,26,30,6.90,108,7,28.30,NO APLICA,NO APLICA,450.00,10.00,TERRACERÍA,SIN AUTORIZACIÓN,,SIN AUTORIZACIÓN,ENE,2002,NO,INOPERATIVO,"AEROPUERTO INTERNACIONAL DE LOS MOCHIS, SINALOA",,,,,,
SP 1342,AERÓDROMO,CAM,LA CAMPANILLA,DURANGO,TAMAZULA,DIURNO,SERVICIO PARTICULAR,TERRESTRE,1-A,COMISARIADO EJIDAL DE LA CAMPANILLA,"1,500.00",WGS 84,24,38,5.00,106,9,3.00,4,22,315.00,10.00,TERRACERÍA,17/05/2007,180 DÍAS,17/11/2007,NOV,2007,NO,INOPERATIVO,"AEROPUERTO INTERNACIONAL DE DURANGO, DURANGO",,,,,,
SP 1343,AERÓDROMO,AYC,LOS AYUCHES,DURANGO,SANTIAGO PAPASQUIARO,DIURNO,SERVICIO PARTICULAR,TERRESTRE,1-A,COMUNIDAD RINCÓN DE HUAJUPA,483.00,NAD 27,24,49,57.00,106,30,56.00,NO APLICA,NO APLICA,400.00,20.00,TERRACERÍA,28/02/2008,180 DÍAS,28/08/2008,AGO,2008,NO,INOPERATIVO,"AEROPUERTO INTERNACIONAL DE DURANGO, DURANGO",,,,,,
SP 1344,AERÓDROMO,CNZ,LAS CAÑAS,DURANGO,SANTIAGO PAPASQUIARO,DIURNO,SERVICIO PARTICULAR,TERRESTRE,1-A,COMISARIADO EJIDAL DE LAS CAÑAS,457.00,NAD 27,24,57,20.00,106,25,11.00,NO APLICA,NO APLICA,400.00,20.00,TERRACERÍA,20/03/2009,180 DÍAS,20/09/2009,SEP,2009,NO,INOPERATIVO,"AEROPUERTO INTERNACIONAL DE DURANGO, DURANGO",,,,,,
SP 1345,AERÓDROMO,DIH,SAN DIEGO,DURANGO,SANTIAGO PAPASQUIARO,DIURNO,SERVICIO PARTICULAR,TERRESTRE,1-A,COMISARIADO EJIDAL DE SAN DIEGO DE TENZAENZ,"1,372.00",NAD 27,24,54,0.00,106,7,0.00,NO APLICA,NO APLICA,500.00,15.00,TERRACERÍA,08/04/2003,180 DÍAS,08/10/2003,OCT,2003,NO,INOPERATIVO,"AEROPUERTO INTERNACIONAL DE DURANGO, DURANGO",,,,,,
SP 1346,AERÓDROMO,RIN,EL RINCON,DURANGO,SANTIAGO PAPASQUIARO,DIURNO,SERVICIO PARTICULAR,TERRESTRE,1-A,COMISARIADO EJIDAL DE EL RINCON DE HUAJUPA,609.00,NAD 27,24,49,19.00,106,31,19.00,NO APLICA,NO APLICA,400.00,15.00,TERRACERÍA,03/03/2004,180 DÍAS,03/09/2004,SEP,2004,NO,INOPERATIVO,"AEROPUERTO INTERNACIONAL DE DURANGO, DURANGO",,,,,,
SP 1347,AERÓDROMO,REW,LOS REMEDIOS,DURANGO,TAMAZULA,DIURNO,SERVICIO PARTICULAR,TERRESTRE,1-A,COMISARIADO EJIDAL DE LOS REMEDIOS,365.00,WGS 84,24,36,25.00,106,24,12.00,NO APLICA,NO APLICA,600.00,30.00,TERRACERÍA,02/03/2009,180 DÍAS,02/09/2009,SEP,2009,NO,INOPERATIVO,"AEROPUERTO INTERNACIONAL DE DURANGO, DURANGO",,,,,,
SP 1348,AERÓDROMO,ZPV,EL ZAPATERO,DURANGO,TAMAZULA,DIURNO,SERVICIO PARTICULAR,TERRESTRE,1-A,COMISARIADO EJIDAL DE EL ZAPATERO,700.00,WGS 84,24,36,0.80,106,22,56.80,NO APLICA,NO APLICA,400.00,10.00,TERRACERÍA,09/07/2008,180 DÍAS,09/01/2008,SEP,2010,NO,INOPERATIVO,"AEROPUERTO INTERNACIONAL DE DURANGO, DURANGO",,,,,,
SP 1349,AERÓDROMO,FLO,LAS FLORES,DURANGO,SANTIAGO PAPASQUIARO,DIURNO,SERVICIO PARTICULAR,TERRESTRE,1-A,COMISARIADO EJIDAL SANTA MARÍA DE LOS REMEDIOS,609.00,WGS 84,24,47,45.00,106,26,14.00,NO APLICA,NO APLICA,450.00,20.00,TERRACERÍA,02/10/2007,180 DÍAS,02/04/2007,ABR,2007,NO,INOPERATIVO,"AEROPUERTO INTERNACIONAL DE DURANGO, DURANGO",,,,,,
SP 1350,AERÓDROMO,SGR,SAN GREGORIO,DURANGO,SANTIAGO PAPASQUIARO,DIURNO,SERVICIO PARTICULAR,TERRESTRE,1-A,COMISARIADO EJIDAL DE SAN GREGORIO,609.00,,24,50,0.00,106,11,0.00,NO APLICA,NO APLICA,300.00,15.00,TERRACERÍA,14/04/2003,180 DÍAS,14/10/2003,OCT,2003,NO,INOPERATIVO,"AEROPUERTO INTERNACIONAL DE DURANGO, DURANGO",,,,,,
SP 1351,AERÓDROMO,VTP,VALLE DE TAPACHULA,CHIAPAS,TAPACHULA,DIURNO,SERVICIO PARTICULAR,TERRESTRE,1-A,MIGUEL OCTAVIO PLATT SANCHEZ,25.00,WGS 84,14,43,33.00,92,18,24.00,3,21,"1,000.00",9.00,TERRACERÍA,16/04/2015,15 AÑOS,16/04/2030,ABR,2030,SI,VIGENTE,"AEROPUERTO INTERNACIONAL DE TAPACHULA, CHIAPAS",,,,,,
HP 1352,HELIPUERTO,HAS,AERO SERVICIOS,CIUDAD DE MÉXICO,ALVARO OBREGON,DIURNO,SERVICIO PARTICULAR,ELEVADO,H-1,"AERO SERVICIOS, S.A. DE C.V.","2,230.00",NAD 27,19,20,53.15,99,11,25.29,,,,,,16/01/2004,180 DÍAS,16/07/2004,JUL,2004,NO,INOPERATIVO,"AEROPUERTO INTERNACIONAL DE LA CIUDAD DE MEXICO, CIUDAD DE MEXICO",,,,,,
SP 1353,AERÓDROMO,CAP,LA CAMPANA,DURANGO,TAMAZULA,DIURNO,SERVICIO PARTICULAR,TERRESTRE,1-A,NESTOR AYON ORTIZ,"3,500.00",NAD 27,24,33,19.80,106,13,28.90,NO APLICA,NO APLICA,300.00,11.00,TERRACERÍA,19/02/2007,180 DÍAS,19/08/2007,AGO,2007,NO,INOPERATIVO,"AEROPUERTO INTERNACIONAL DE DURANGO, DURANGO",,,,,,
HP 1354,HELIPUERTO,HNX,NAJUCAL,VERACRUZ,MINATITLAN,DIURNO,SERVICIO PARTICULAR,SUPERFICIE,H-1,"SOUTH AMERICAN HELICOPTER, S.A. DE C.V.",NO DISPONIBLE,,18,21,16.00,95,19,31.00,,,,,,04/04/2003,90 DÍAS,04/07/2003,JUL,2003,NO,INOPERATIVO,"AEROPUERTO DE MINATITLAN, VERACRUZ",,,,,,
SP 1355,AERÓDROMO,PJO,PALMAREJO,DURANGO,TAMAZULA,DIURNO,SERVICIO PARTICULAR,TERRESTRE,1-A,ELIAS CARRANZA SAMANO,920.00,,24,41,52.00,106,25,21.00,NO APLICA,NO APLICA,350.00,12.00,TERRACERÍA,05/03/2004,180 DÍAS,05/09/2004,SEP,2004,NO,INOPERATIVO,"AEROPUERTO INTERNACIONAL DE DURANGO, DURANGO",,,,,,
SP 1356,AERÓDROMO,PRX,LA PRESA,DURANGO,TAMAZULA,DIURNO,SERVICIO PARTICULAR,TERRESTRE,1-A,JESUS GARCIA ONTIVEROS,NO DISPONIBLE,,24,43,25.00,106,1,40.00,NO APLICA,NO APLICA,450.00,20.00,TERRACERÍA,31/12/2002,90 DÍAS,31/03/2003,MAR,2003,NO,INOPERATIVO,"AEROPUERTO INTERNACIONAL DE DURANGO, DURANGO",,,,,,
SP 1357,AERÓDROMO,SYU,SOYUPA,DURANGO,SANTIAGO PAPASQUIARO,DIURNO,SERVICIO PARTICULAR,TERRESTRE,1-A,COMUNIDAD DE SAYUPA,NO DISPONIBLE,,24,47,57.43,106,21,14.42,NO APLICA,NO APLICA,370.00,12.00,TERRACERÍA,08/04/2003,180 DÍAS,08/10/2003,OCT,2003,NO,INOPERATIVO,"AEROPUERTO INTERNACIONAL DE DURANGO, DURANGO",,,,,,
HP 1358,BARCO-HELIPUERTO,HLZ,MARIA DE LA PAZ,BAJA CALIFORNIA,ENSENADA,DIURNO,SERVICIO PARTICULAR,HELIPUERTO MIXTO,H-1,"MARIA DE LA PAZ, S.A. DE C.V.",0.00,NO APLICA,NO APLICA,NO APLICA,NO APLICA,NO APLICA,NO APLICA,NO APLICA,,,,,,24/04/2003,180 DÍAS,24/10/2003,OCT,2003,NO,INOPERATIVO,"AEROPUERTO INTERNACIONAL DE TIJUANA, BAJA CALIFORNIA",,,,,,
SP 1359,AERÓDROMO,TRT,TERRENATES,DURANGO,VILLA HIDALGO,DIURNO,SERVICIO PARTICULAR,TERRESTRE,3-A,JESUS HECTOR DE LA GARZA ACOSTA,"1,880.00",NAD 27,25,42,25.00,104,38,40.00,NO APLICA,NO APLICA,"1,300.00",30.00,TERRACERÍA,16/01/2003,90 DÍAS,16/04/2003,ABR,2003,NO,INOPERATIVO,"AEROPUERTO INTERNACIONAL DE DURANGO, DURANGO",,,,,,
HP 1360,HELIPUERTO,HEH,TORRE EMPRESARIAL,TABASCO,VILLAHERMOSA,DIURNO,SERVICIO PARTICULAR,ELEVADO,H-1,"OPERADORA INMOBILIARIA DEL SURESTE, S.A. DE C.V.",94.50,WGS 84,17,59,45.30,92,56,21.30,,,,,,SIN AUTORIZACIÓN,,SIN AUTORIZACIÓN,ENE,2002,NO,INOPERATIVO,"AEROPUERTO INTERNACIONAL DE VILLAHERMOSA, TABASCO",,,,,,
HP 1361,BARCO-HELIPUERTO,HBX,BUENAVENTURA I,BAJA CALIFORNIA,ENSENADA,DIURNO,SERVICIO PARTICULAR,HELIPUERTO MIXTO,H-1,"BAJA AQUA-FARMS, S.A. DE C.V.",0.00,NO APLICA,NO APLICA,NO APLICA,NO APLICA,NO APLICA,NO APLICA,NO APLICA,,,,,,19/12/2018,15 AÑOS,19/12/2033,DIC,2033,SI,VIGENTE,"AEROPUERTO INTERNACIONAL DE ENSENADA, BAJA CALIFORNIA",,,,,,
HP 1362,BARCO-HELIPUERTO,HBY,BUENAVENTURA II,BAJA CALIFORNIA,ENSENADA,DIURNO,SERVICIO PARTICULAR,HELIPUERTO MIXTO,H-1,"BAJA AQUA-FARMS, S.A. DE C.V.",0.00,NO APLICA,NO APLICA,NO APLICA,NO APLICA,NO APLICA,NO APLICA,NO APLICA,,,,,,19/12/2018,15 AÑOS,19/12/2033,DIC,2033,SI,VIGENTE,"AEROPUERTO INTERNACIONAL DE ENSENADA, BAJA CALIFORNIA",,,,,,
SP 1363,AERÓDROMO,RCA,RANCHO DEL CARMEN,DURANGO,DURANGO,DIURNO,SERVICIO PARTICULAR,TERRESTRE,3-A,"COMPAÑIA GANADERA DEL CARMEN, S. DE R.L. DE C.V.",NO DISPONIBLE,,23,51,14.00,104,55,23.50,NO APLICA,NO APLICA,"1,700.00",40.00,TERRACERÍA,31/12/2004,180 DÍAS,30/06/2005,JUN,2005,NO,INOPERATIVO,"AEROPUERTO INTERNACIONAL DE DURANGO, DURANGO",,,,,,
SP 1364,AERÓDROMO,BRX,EL BRASIL,TAMAULIPAS,SOTO LA MARINA,DIURNO,SERVICIO PARTICULAR,TERRESTRE,1-A,NELLY ELIZONDO GONZALEZ,6.00,WGS 84,23,19,45.38,97,46,25.97,18,36,700.00,20.00,TERRACERÍA,12/03/2014,15 AÑOS,12/03/2029,MAR,2029,SI,VIGENTE,"AEROPUERTO DE CIUDAD VICTORIA, TAMAULIPAS",,,,,,
SP 1365,AERÓDROMO,PML,LA PALMA,SINALOA,NAVOLATO,DIURNO,SERVICIO PARTICULAR,TERRESTRE,1-A,MORGAN ALONSO VALENCIA,14.00,WGS 84,24,49,41.18,107,38,14.65,15,33,711.00,10.00,ASFALTO,SIN AUTORIZACIÓN,,SIN AUTORIZACIÓN,,,NO,INOPERATIVO,"AEROPUERTO INTERNACIONAL DE CULIACAN, SINALOA",,,,,,
SP 1366,AERÓDROMO,VBT,VALLE BONITO,CHIAPAS,OCOZOCOAUTLA,DIURNO,SERVICIO PARTICULAR,TERRESTRE,2-C,ING. RICARDO GÓMEZ FERNÁNDEZ,792.00,WGS 84,16,47,52.00,93,24,54.00,17,35,600.00,20.00,TERRACERÍA,08/04/2021,15 AÑOS ,08/04/2036,ABR,2036,SI ,VIGENTE ,"AEROPUERTO DE TUXTLA GUTIERREZ, CHIAPAS",,,,,,
SP 1367,AERÓDROMO,LAK,LAS LAJAS,DURANGO,TAMAZULA,DIURNO,SERVICIO PARTICULAR,TERRESTRE,1-A,EPIFANIO CARRASCO FELIX,NO DISPONIBLE,,24,39,10.00,106,29,43.00,NO APLICA,NO APLICA,,,TERRACERÍA,19/02/2007,180 DÍAS,19/08/2007,AGO,2007,NO,INOPERATIVO,"AEROPUERTO INTERNACIONAL DE CULIACAN, SINALOA Y DE DURANGO, DURANGO",,,,,,
SP 1368,AERÓDROMO,SJF,SAN JUAN DE FRAILES,DURANGO,TAMAZULA,DIURNO,SERVICIO PARTICULAR,TERRESTRE,1-A,JOSE JUAN GARCIA ARAGON,NO DISPONIBLE,,24,40,0.00,106,25,0.00,NO APLICA,NO APLICA,,,TERRACERÍA,19/02/2007,180 DÍAS,19/08/2007,AGO,2007,NO,INOPERATIVO,"AEROPUERTO INTERNACIONAL DE CULIACAN, SINALOA Y DE DURANGO, DURANGO",,,,,,
SP 1369,AERÓDROMO,CRP,EL CARRIZO DE LA PETACA,DURANGO,TAMAZULA,DIURNO,SERVICIO PARTICULAR,TERRESTRE,1-A,INES ASTORGA AYON,"1,317.00",WGS 84,24,40,44.34,106,19,2.06,NO APLICA,NO APLICA,380.00,10.00,TERRACERÍA,05/06/2008,180 DÍAS,05/12/2008,DIC,2008,NO,INOPERATIVO,"AEROPUERTO INTERNACIONAL DE CULIACAN, SINALOA Y DE DURANGO, DURANGO",,,,,,
SP 1370,AERÓDROMO,UAU (ANTES HPU),HUAJUPA,DURANGO,TAMAZULA,DIURNO,SERVICIO PARTICULAR,TERRESTRE,1-A,JOSE RAMON ORTIZ REYES,NO DISPONIBLE,,24,50,0.00,106,31,0.00,NO APLICA,NO APLICA,,,TERRACERÍA,19/02/2007,180 DÍAS,19/08/2007,AGO,2007,NO,INOPERATIVO,"AEROPUERTO INTERNACIONAL DE CULIACAN, SINALOA Y DE DURANGO, DURANGO",,,,,,
SP 1371,AERÓDROMO,RTM,EL RODEO DE TAMAZULA,DURANGO,TAMAZULA,DIURNO,SERVICIO PARTICULAR,TERRESTRE,1-A,ALONSO ARREDONDO OJEDA,NO DISPONIBLE,,24,37,0.00,106,12,0.00,NO APLICA,NO APLICA,,,TERRACERÍA,08/02/2006,180 DÍAS,08/08/2006,AGO,2006,NO,INOPERATIVO,"AEROPUERTO INTERNACIONAL DE CULIACAN, SINALOA Y DE DURANGO, DURANGO",,,,,,
HP 1372,HELIPUERTO,HBK,HOSPITAL ANGELES ACOXPA,CIUDAD DE MÉXICO,TLALPAN,DIURNO,SERVICIO PARTICULAR,ELEVADO,H-1,"UNIDADES COMERCIALES SANTA FE, S.A DE C.V.","2,260.00",WGS 84,19,17,58.09,99,8,6.79,,,,,,16/10/2025,180 DIAS,16/04/2026,ABR,2026,NO,EN TRAMITE,"AEROPUERTO INTERNACIONAL DE LA CIUDAD DE MEXICO, CIUDAD DE MEXICO",,,,,,
SP 1373,AERÓDROMO,SOI,SIANORI,DURANGO,TOPIA,DIURNO,SERVICIO PARTICULAR,TERRESTRE,1-A,CRISTIN ALBERTO PRIETO ANGULO,929.00,WGS 84,25,15,54.77,106,45,15.64,14,32,,,TERRACERÍA,18/07/2018,15 AÑOS,18/07/2033,JUL,2033,SI,VIGENTE ,"AEROPUERTO INTERNACIONAL DE CULIACAN, SINALOA Y DE DURANGO, DURANGO",,,,,,
SP 1374,AERÓDROMO,SNM,SAN MARCOS,DURANGO,OTAEZ,DIURNO,SERVICIO PARTICULAR,TERRESTRE,1-A,ENEMECIO NEVAREZ HERRERA,NO DISPONIBLE,,24,39,0.00,106,12,0.00,NO APLICA,NO APLICA,,,TERRACERÍA,19/02/2007,180 DÍAS,19/08/2007,AGO,2007,NO,INOPERATIVO,"AEROPUERTO INTERNACIONAL DE CULIACAN, SINALOA Y DE DURANGO, DURANGO",,,,,,
SP 1375,AERÓDROMO,SNF,SANTA FE,DURANGO,TAMAZULA,DIURNO,SERVICIO PARTICULAR,TERRESTRE,1-A,CELESTINO GARCIA RUIZ,NO DISPONIBLE,,24,34,33.60,106,19,19.00,NO APLICA,NO APLICA,,,TERRACERÍA,19/02/2007,180 DÍAS,19/08/2007,AGO,2007,NO,INOPERATIVO,"AEROPUERTO INTERNACIONAL DE CULIACAN, SINALOA Y DE DURANGO, DURANGO",,,,,,
HP 1376,HELIPUERTO,HGE,CERRO DE LA CORONA,NUEVO LEÓN,SAN PEDRO GARZA GARCIA,DIURNO Y NOCTURNO,SERVICIO PARTICULAR,SUPERFICIE,H-1,"PUBLI SERVICIOS AEREOS, S.A. DE C.V.",896.00,WGS 84,25,37,41.80,100,21,25.02,,,,,,17/03/2016,7 AÑOS,24/06/2023,JUN,2023,NO,EN TRAMITE,"AEROPUERTO INTERNACIONAL DE MONTERREY, NUEVO LEON",,,,,,
SP 1377,AERÓDROMO,EPY,EL PINALITO,SONORA,BACERAC,DIURNO,SERVICIO PARTICULAR,TERRESTRE,1-A,ROBERTO A. SANCHEZ MIRANDA,"1,824.00",WGS 84,30,19,50.90,108,44,6.50,NO APLICA,NO APLICA,570.00,15.00,TERRACERÍA,12/06/2007,180 DÍAS,12/12/2007,DIC,2007,NO,INOPERATIVO,"AEROPUERTO INTERNACIONAL DE CIUDAD OBREGON, SONORA",,,,,,
HT 1378,HELIPUERTO,HSQ,SEGURIDAD PUBLICA DE CANCUN,QUINTANA ROO,BENITO JUAREZ (CANCUN),DIURNO,SERVICIO PARTICULAR,SUPERFICIE,H-1,SEGURIDAD PUBLICA DEL H. AYUNTAMIENTO DE BENITO JUAREZ,5.00,,19,25,29.59,99,10,4.79,,,,,,21/02/2003,90 DÍAS,21/05/2003,MAY,2003,NO,INOPERATIVO,"AEROPUERTO INTERNACIONAL DE CANCUN, QUINTANA ROO",,,,,,
SP 1379,AERÓDROMO,EST,LA ESTRELLA,COAHUILA,PIEDRAS NEGRAS,DIURNO,SERVICIO PARTICULAR,TERRESTRE,2-C,ALEJANDRO MARTINEZ MARTINEZ,NO DISPONIBLE,,28,3,15.00,101,16,45.00,NO APLICA,NO APLICA,"1,080.00",40.00,TERRACERÍA,01/07/2004,5 AÑOS,01/07/2009,JUL,2011,NO,INOPERATIVO,"AEROPUERTO INTERNACIONAL DE PIEDRAS NEGRAS, COAHUILA",,,,,,
SP 1380,AERÓDROMO,CDQ,COLORADO,COAHUILA,PIEDRAS NEGRAS,DIURNO,SERVICIO PARTICULAR,TERRESTRE,2-C,ALEJANDRO MARTINEZ MARTINEZ,480.00,,28,41,47.00,101,11,42.00,NO APLICA,NO APLICA,"1,000.00",35.00,TERRACERÍA,23/06/2005,5 AÑOS,23/06/2010,JUN,2010,NO,INOPERATIVO,"AEROPUERTO INTERNACIONAL DE PIEDRAS NEGRAS, COAHUILA",,,,,,
SP 1381,AERÓDROMO,CTU,CENTRO TURISTICO MAUROS,SINALOA,BADIRAGUATO,DIURNO,SERVICIO PARTICULAR,TERRESTRE,1-A,"CENTRO TURISTICO MAUROS, S.A. DE C.V.",NO DISPONIBLE,,25,58,12.24,107,31,15.25,NO APLICA,NO APLICA,,,TERRACERÍA,SIN AUTORIZACIÓN,,SIN AUTORIZACIÓN,ENE,2003,NO,INOPERATIVO,"AEROPUERTO INTERNACIONAL DE CULIACAN, SINALOA",,,,,,
SP 1382,AERÓDROMO,ESL,EL SAUZAL,CHIHUAHUA,URIQUE,DIURNO,SERVICIO PARTICULAR,TERRESTRE,1-B,"MINAS DE LA ALTA PIMERIA, S.A. DE C.V.",590.00,WGS 84,26,59,2.00,107,53,40.00,18,36,500.00,20.00,TERRACERÍA,06/05/2015,11 AÑOS,26/11/2026,NOV,2026,SI,VIGENTE,"AEROPUERTO INTERNACIONAL DE CHIHUAHUA, CHIHUAHUA",,,,,,
SP 1383,AERÓDROMO,DDM,EL DIAMANTE DEL MAR,BAJA CALIFORNIA,ENSENADA,DIURNO,SERVICIO PARTICULAR,TERRESTRE,3-A,"LOR MANAGEMENT, S.A. DE C.V.",140.00,,30,5,0.00,115,44,50.00,NO APLICA,NO APLICA,"1,500.00",30.00,,03/06/2003,60 DÍAS,SIN AUTORIZACIÓN,SEP,2003,NO,INOPERATIVO,"AEROPUERTO INTERNACIONAL DE ENSENADA, BAJA CALIFORNIA",,,,,,
SP 1384,AERÓDROMO,EMV,EL AMATE,VERACRUZ,SANTIAGO IXMATLAHUACAN,DIURNO,SERVICIO PARTICULAR,TERRESTRE,1-A,COMITÉ DE PRODUCCION CAÑERA DEL INGENIO SAN CRISTOBAL,6.00,WGS 84,18,22,59.00,95,52,39.00,NO APLICA,NO APLICA,700.00,8.00,TERRACERÍA,12/05/2004,180 DÍAS,12/11/2004,NOV,2004,NO,INOPERATIVO,"AEROPUERTO INTERNACIONAL DE VERACRUZ, VERACRUZ",,,,,,
SP 1385,AERÓDROMO,CHE,CHILICOTE,SINALOA,NAVOLATO,DIURNO,SERVICIO PARTICULAR,TERRESTRE,1-A,FRANCISCO LORENZO MENDOZA,39.00,WGS 84,24,52,10.91,107,34,57.29,NO APLICA,NO APLICA,519.00,21.00,TERRACERÍA,15/08/2008,180 DÍAS,15/02/2009,FEB,2009,NO,INOPERATIVO,"AEROPUERTO INTERNACIONAL DE CULIACAN, SINALOA",,,,,,
SP 1386,AERÓDROMO,LNR,LAS NORIAS,DURANGO,MEZQUITAL,DIURNO,SERVICIO PARTICULAR,TERRESTRE,1-A,H. AYUNTAMIENTO CONSTITUCIONAL DE EL MEZQUITAL,NO DISPONIBLE,,22,38,50.00,105,1,0.00,NO APLICA,NO APLICA,,,TERRACERÍA,SIN AUTORIZACIÓN,,SIN AUTORIZACIÓN,ENE,2005,NO,INOPERATIVO,"AEROPUERTO INTERNACIONAL DE DURANGO, DURANGO",,,,,,
SP 1387,AERÓDROMO,LOS,LOS CHARCOS,DURANGO,MEZQUITAL,DIURNO,SERVICIO PARTICULAR,TERRESTRE,1-A,H. AYUNTAMIENTO CONSTITUCIONAL DE EL MEZQUITAL,NO DISPONIBLE,,23,0,0.00,104,17,38.00,NO APLICA,NO APLICA,,,TERRACERÍA,SIN AUTORIZACIÓN,,SIN AUTORIZACIÓN,ENE,2003,NO,INOPERATIVO,"AEROPUERTO INTERNACIONAL DE DURANGO, DURANGO",,,,,,
SP 1388,AERÓDROMO,LGL,LA GUAJOLOTA,DURANGO,MEZQUITAL,DIURNO,SERVICIO PARTICULAR,TERRESTRE,1-A,H. AYUNTAMIENTO CONSTITUCIONAL DE EL MEZQUITAL,NO DISPONIBLE,,22,57,0.00,104,38,0.00,NO APLICA,NO APLICA,,,TERRACERÍA,SIN AUTORIZACIÓN,,SIN AUTORIZACIÓN,ENE,2003,NO,INOPERATIVO,"AEROPUERTO INTERNACIONAL DE DURANGO, DURANGO",,,,,,
SP 1389,AERÓDROMO,LCN,LA CANDELARIA,DURANGO,MEZQUITAL,DIURNO,SERVICIO PARTICULAR,TERRESTRE,1-A,H. AYUNTAMIENTO CONSTITUCIONAL DE EL MEZQUITAL,NO DISPONIBLE,,23,5,0.00,104,32,44.00,NO APLICA,NO APLICA,,,ASFALTO,SIN AUTORIZACIÓN,,SIN AUTORIZACIÓN,ENE,2003,NO,INOPERATIVO,"AEROPUERTO INTERNACIONAL DE DURANGO, DURANGO",,,,,,
SP 1390,AERÓDROMO,HZM,HUAZAMOTA,DURANGO,MEZQUITAL,DIURNO,SERVICIO PARTICULAR,TERRESTRE,1-A,H. AYUNTAMIENTO CONSTITUCIONAL DE EL MEZQUITAL,NO DISPONIBLE,,22,31,30.00,104,29,46.00,NO APLICA,NO APLICA,,,TERRACERÍA,13/07/2005,180 DÍAS,13/01/2006,ENE,2006,NO,INOPERATIVO,"AEROPUERTO INTERNACIONAL DE DURANGO, DURANGO",,,,,,
SP 1391,AERÓDROMO,CRI,CURACHITOS,DURANGO,MEZQUITAL,DIURNO,SERVICIO PARTICULAR,TERRESTRE,1-A,H. AYUNTAMIENTO CONSTITUCIONAL DE EL MEZQUITAL,NO DISPONIBLE,,22,36,15.00,105,1,0.00,NO APLICA,NO APLICA,,,TERRACERÍA,13/07/2005,180 DÍAS,13/01/2006,ENE,2006,NO,INOPERATIVO,"AEROPUERTO INTERNACIONAL DE DURANGO, DURANGO",,,,,,
SP 1392,AERÓDROMO,MUZ,MUZQUIZ,COAHUILA,MUZQUIZ,DIURNO,SERVICIO PARTICULAR Y A TERCEROS,TERRESTRE,2-B,"ADMINISTRADORA COAHUILENSE DE INFRAESTRUCTURA Y TRANSPORTE AÉREO, S.A. DE C.V.",525.00,WGS 84,27,51,22.00,101,31,33.00,13,31,"1,200.00",19.00,ASFALTO,19/09/2025,180 DÍAS,19/03/2026,MAR,2026,NO,EN TRAMITE DE UN PERMISO DE SERV. PARTICULAR Y A TERCEROS,"AEROPUERTO INTERNACIONAL DE MONCLOVA, COAHUILA",,,,,,
SP 1393,AERÓDROMO,DFS,DE FONTES,CHIHUAHUA,CUAUHTÉMOC,DIURNO,SERVICIO PARTICULAR,TERRESTRE,1-C,CASTULO FONTES JAVALERA,"2,070.00",NAD 27,28,21,50.00,106,53,5.00,NO APLICA,NO APLICA,586.00,35.17,TERRACERÍA,01/07/2010,180 DÍAS,01/01/2011,ENE,2011,NO,INOPERATIVO,"AEROPUERTO INTERNACIONAL DE CHIHUAHUA, CHIHUAHUA",,,,,,
SP 1394,AERÓDROMO,,LA MISION,BAJA CALIFORNIA,ENSENADA,DIURNO,SERVICIO PARTICULAR,TERRESTRE,1-A,RODOLFO LUNA LOPEZ,NO DISPONIBLE,,32,4,48.00,116,50,46.00,NO APLICA,NO APLICA,140.00,10.00,TERRACERÍA,18/07/2003,90 DÍAS,18/10/2003,OCT,2003,NO,INOPERATIVO,"AEROPUERTO INTERNACIONAL DE ENSENADA, BAJA CALIFORNIA",,,,,,
HP 1395,HELIPUERTO,,HOSPITAL 120 CAMAS TLAHUAC,CIUDAD DE MÉXICO,TLAHUAC,DIURNO,SERVICIO PARTICULAR,SUPERFICIE,H-1,"SECRETARIA DE SALUD, GOBIERNO DEL DISTRITO FEDERAL","2,271.00",,19,17,12.94,99,3,9.13,,,,,,SIN AUTORIZACIÓN,,SIN AUTORIZACIÓN,ENE,2008,NO,INOPERATIVO,"AEROPUERTO INTERNACIONAL DE LA CIUDAD DE MEXICO, CIUDAD DE MEXICO",,,,,,
SP 1396,AERÓDROMO,SMM,SANTA MARIA DE MULEGE,BAJA CALIFORNIA SUR,MULEGE,DIURNO,SERVICIO PARTICULAR,TERRESTRE,3-A,"OPERADORA PORTUARIA DEL NORESTE, S.A. DE C.V.",3.00,NAD 27,27,23,19.13,112,18,10.24,NO APLICA,NO APLICA,"1,350.00",50.00,TERRACERÍA,11/04/2005,180 DÍAS,11/10/2005,OCT,2005,NO,INOPERATIVO,"AEROPUERTO INTERNACIONAL DE LORETO, BAJA CALIFORNIA SUR",,,,,,
SP 1397,AERÓDROMO,PAR,CAP. P.A. ROBERTO CHAVEZ BALDERAS,NUEVO LEÓN,GENERAL TERAN,DIURNO,SERVICIO PARTICULAR,TERRESTRE,1-A,ROBERTO CHAVEZ BALDERAS,320.00,NAD 27,25,17,51.00,99,43,29.40,4,22,970.00,15.00,TERRACERÍA,18/05/2017,15 AÑOS,18/05/2032,MAY,2032,SI,VIGENTE,"AEROPUERTO INTERNACIONAL DEL NORTE, NUEVO LEON",,,,,,
SP 1398,AERÓDROMO,NTC,NUEVO TEMALACACO,SAN LUIS POTOSÍ,EBANO,DIURNO,SERVICIO PARTICULAR,TERRESTRE,1-A,"SERVICIOS AEREOS AGRICOLAS Y FORESTALES DE MEXICO, S.A. DE C.V.",65.00,WGS 84,22,17,16.00,98,36,46.00,17,35,870.00,10.00,TERRACERÍA,27/04/2016,15 AÑOS,27/04/2031,ABR,2031,SI,VIGENTE,"AEROPUERTO INTERNACIONAL DE TAMPICO, TAMAULIPAS",,,,,,
HP 1399,HELIPUERTO,HDG,DIRECCION GENERAL DE SEGURIDAD PUBLICA,CHIHUAHUA,CHIHUAHUA,DIURNO,SERVICIO PARTICULAR,SUPERFICIE,H-1,"DIRECCION DE SEGURIDAD PUBLICA MUNICIPAL, H. AYUNTAMIENTO DE CHIHUAHUA",NO DISPONIBLE,,28,42,16.10,106,7,16.50,,,,,,19/04/2004,180 DÍAS,19/10/2004,OCT,2004,NO,INOPERATIVO,"AEROPUERTO INTERNACIONAL DE CHIHUAHUA, CHIHUAHUA",,,,,,
SP 1400,AERÓDROMO,PSB,PISTA SONORA,BAJA CALIFORNIA,MEXICALI,DIURNO,SERVICIO PARTICULAR,TERRESTRE,1-C,JOSE LUIS MANDUJANO LOPEZ,10.00,,32,16,51.00,115,10,54.20,NO APLICA,NO APLICA,800.00,30.00,TERRACERÍA,30/04/2009,180 DÍAS,30/10/2009,OCT,2009,NO,INOPERATIVO,"AEROPUERTO INTERNACIONAL DE MEXICALI, BAJA CALIFORNIA",,,,,,
SP 1401,AERÓDROMO,EHT,EL CHAPOTE,COAHUILA,PROGRESO,DIURNO,SERVICIO PARTICULAR,TERRESTRE,1-A,"AGROPECUARIA CINEGETICA EL CHAPOTE, S.A DE C.V. ",NO DISPONIBLE,,27,15,78.00,101,3,0.00,NO APLICA,NO APLICA,,,,15/05/2003,90 DÍAS,15/08/2003,AGO,2003,NO,INOPERATIVO,"AEROPUERTO INTERNACIONAL DEL NORTE, NUEVO LEON",,,,,,
SP 1402,AERÓDROMO,RND,RINCONADA,COAHUILA,LA MADRID,DIURNO,SERVICIO PARTICULAR,TERRESTRE,2-C,"RANCHO EL RINCON, S.A. DE C.V.","1,260.00",NAD 27,27,10,53.70,101,56,28.50,NO APLICA,NO APLICA,"1,000.00",30.00,TERRACERÍA,SIN AUTORIZACIÓN,,SIN AUTORIZACIÓN,ENE,2003,NO,INOPERATIVO,"AEROPUERTO INTERNACIONAL DE MONCLOVA, COAHUILA",,,,,,
HP 1403,HELIPUERTO,HSW,SECRETARIA DE SUGURIDAD PÚBLICA,CIUDAD DE MÉXICO,CUAUHTÉMOC,DIURNO,SERVICIO PARTICULAR,ELEVADO,H-1,"SECRETARIA DE SEGURIDAD PÚBLICA, GOBIERNO DEL DISTRITO FEDERAL","2,299.00",,19,25,29.59,99,10,4.79,,,,,METÁLICA,17/01/2005,5 AÑOS,14/01/2010,,2010,NO,INOPERATIVO,"AEROPUERTO INTERNACIONAL DE LA CIUDAD DE MEXICO, CIUDAD DE MEXICO",,,,,,
SP 1404,AERÓDROMO,VOO,VILLA DE OCAMPO,DURANGO,VILLA DE OCAMPO,DIURNO,SERVICIO PARTICULAR,TERRESTRE,1-A,"H. AYUNTAMIENTO DE VILLA DE OCAMPO, DURANGO",NO DISPONIBLE,,26,26,26.00,105,30,1.00,NO APLICA,NO APLICA,,,,30/04/2003,60 DÍAS,SIN AUTORIZACIÓN,JUL,2003,NO,INOPERATIVO,"AEROPUERTO INTERNACIONAL DE DURANGO, DURANGO",,,,,,
HP 1405,HELIPUERTO,HJE,EDIFICIO DE JUSTICIA ESTATAL,ESTADO DE MEXICO,TOLUCA,DIURNO,SERVICIO PARTICULAR,ELEVADO,H-1,FISCALIA GENERAL DE JUSTICIA,"2,682.00",WGS 84,19,17,21.45,99,38,17.90,,,,,,24/04/2018,180 DIAS,24/10/2018,OCT,2018,NO,EN TRAMITE,"AEROPUERTO INTERNACIONAL DE TOLUCA, ESTADO DE MEXICO",,,,,,
SP 1406,AERÓDROMO,PNC,LA PINOSA,DURANGO,TAMAZULA,DIURNO,SERVICIO PARTICULAR,TERRESTRE,1-A,EMIGDIO RAMIREZ NUÑEZ,"1,180.00",WGS 84,25,10,3.31,107,7,0.20,NO APLICA,NO APLICA,400.00,20.00,TERRACERÍA,29/09/2009,180 DÍAS,29/03/2010,MAR,2010,NO,INOPERATIVO,"AEROPUERTO INTERNACIONAL DE DURANGO, DURANGO",,,,,,
SP 1407,AERÓDROMO,YMA,YAMORIBA,DURANGO,SAN DIMAS,DIURNO,SERVICIO PARTICULAR,TERRESTRE,1-A,"H. AYUNTAMIENTO DE SAN DIMAS, DURANGO.","1,650.00",NAD 27,24,14,13.00,105,49,26.00,NO APLICA,NO APLICA,400.00,20.00,TERRACERÍA,27/05/2009,180 DÍAS,27/11/2009,ENE,2010,NO,INOPERATIVO,"AEROPUERTO INTERNACIONAL DE DURANGO, DURANGO",,,,,,
HP 1408,BARCO-HELIPUERTO,MBZ,MARIA BEATRIZ,SINALOA,MAZATLÁN,DIURNO,SERVICIO PARTICULAR,HELIPUERTO MIXTO,H-1,PESQUERA MARBEA S.A. DE C.V.,0.00,NO APLICA,NO APLICA,NO APLICA,NO APLICA,NO APLICA,NO APLICA,NO APLICA,,,,,,03/09/2020,15 AÑOS,03/09/2030,SEP,2030,SI,VIGENTE,"AEROPUERTO INTERNACIONAL DE MAZATLAN, SINALOA",,,,,,
HP 1409,HELIPUERTO,HAB,CENTRO MEDICO ABC SANTA FE,CIUDAD DE MÉXICO,CUAJIMALPA,DIURNO,SERVICIO PARTICULAR,ELEVADO,H-1,"THE AMERICAN BRITISH COWDRAY MEDICAL CENTER, I.A.P.","2,718.00",WGS 84,19,21,26.96,99,16,58.04,,,,,,07/03/2016,30 AÑOS,07/03/2046,MAR,2046,SI,VIGENTE,"AEROPUERTO INTERNACIONAL DE LA CIUDAD DE MEXICO, CIUDAD DE MEXICO",,,,,,
HP 1410,HELIPUERTO,HGA,HOSPITAL ANGELES LEON,GUANAJUATO,LEÓN,DIURNO,SERVICIO PARTICULAR,SUPERFICIE,H-1,HOSPITAL DEL BAJIO S.A. DE C.V.,NO DISPONIBLE,NAD 27,21,9,26.00,101,2,10.00,,,,,,12/06/2003,90 DÍAS,12/09/2003,SEP,2003,NO,EN TRAMITE,"AEROPUERTO INTERNACIONAL DE GUANAJUATO, GUANAJUATO",,,,,,
SP 1411,AERÓDROMO,ASL,CABO SKY TOURS,BAJA CALIFORNIA SUR,LOS CABOS,DIURNO,SERVICIO PARTICULAR,TERRESTRE,1-A,C.ELENA  PATRICIA QUIJANO MORALES,5.00,WGS 84,22,53,40.91,109,54,6.84,NO APLICA,NO APLICA,300.00,20.00,TERRACERÍA,10/03/2022,180 DIAS ,10/09/2022,SEP,2022,NO,EN TRAMITE,"AEROPUERTO INTERNACIONAL DE SAN JOSÉ DEL CABO, B.C.S.",,,,,,
SP 1412,AERÓDROMO,TPO,TEPOZANAS,CHIHUAHUA,GUADALUPE Y CALVO,DIURNO,SERVICIO PARTICULAR,TERRESTRE,1-A,JESUS CASTRO GAMEZ,NO DISPONIBLE,NAD 27,26,10,49.50,106,50,21.30,NO APLICA,NO APLICA,,,TERRACERÍA,SIN AUTORIZACIÓN,,SIN AUTORIZACIÓN,JUN,2003,NO,INOPERATIVO,"AEROPUERTO INTERNACIONAL DE CHIHUAHUA, CHIHUAHUA",,,,,,
SP 1413,AERÓDROMO,ETR,EL TIGRE,CHIHUAHUA,GUADALUPE Y CALVO,DIURNO,SERVICIO PARTICULAR,TERRESTRE,1-A,EJIDO CINCO LLAGAS Y ANEXOS,"1,070.00",WGS 84,26,6,38.8,107,16,9.60,13,31,300.00,14.00,TERRACERÍA,22/12/2017,15 AÑOS,22/12/2032,DIC,2032,SI,VIGENTE,"AEROPUERTO INTERNACIONAL DE CHIHUAHUA, CHIHUAHUA",,,,,,
SP 1414,AERÓDROMO,SPZ,SAUCITO DE PEREZ,CHIHUAHUA,GUADALUPE Y CALVO,DIURNO,SERVICIO PARTICULAR,TERRESTRE,1-A,EJIDO CINCO LLAGAS,NO DISPONIBLE,,26,10,0.00,107,18,15.00,NO APLICA,NO APLICA,,,TERRACERÍA,SIN AUTORIZACIÓN,,SIN AUTORIZACIÓN,ENE,2008,NO,INOPERATIVO,"AEROPUERTO INTERNACIONAL DE CHIHUAHUA, CHIHUAHUA",,,,,,
HP 1415,HELIPUERTO,HVI,HOSPITAL ANGELES DE VILLAHERMOSA ,TABASCO,VILLAHERMOSA,DIURNO,SERVICIO PARTICULAR,ELEVADO,H-1,INMOBILIARIA Y CONSTRUCTORA DE HOSPITALES DEL SURESTE,4.00,NAD 27,17,59,45.00,92,57,10.00,,,,,,27/09/2004,180 DÍAS,27/03/2005,MAR,2005,NO,INOPERATIVO,"AEROPUERTO INTERNACIONAL DE VILLAHERMOSA, TABASCO",,,,,,
SP 1416,AERÓDROMO,EGO,LA HERRADURA DE MEXICO,COAHUILA,PARRAS DE LA FUENTE,DIURNO,SERVICIO PARTICULAR,TERRESTRE,2-A,LA HERRADURA DE MEXICO S.A. DE C.V. ,"1,676.00",WGS 84,24,56,46.90,101,37,47.30,NO APLICA,NO APLICA,"1,000.00",20.00,TERRACERÍA,24/04/2008,5 AÑOS,24/04/2013,ABR,2013,NO,INOPERATIVO,"AEROPUERTO INTERNACIONAL DE TORREON, COAHUILA",,,,,,
SP 1417,AERÓDROMO,ATB,TIERRA BLANCA,SINALOA,SALVADOR ALVARADO,DIURNO,SERVICIO PARTICULAR,TERRESTRE,1-A,CESAR FELIX NIEBLAS,NO DISPONIBLE,,25,17,17.5,107,55,27.3,NO APLICA,NO APLICA,,,TERRACERÍA,SIN AUTORIZACIÓN,,SIN AUTORIZACIÓN,JUN,2005,NO,INOPERATIVO,"AEROPUERTO INTERNACIONAL DE CULIACAN, SINALOA",,,,,,
SP 1418,AERÓDROMO,MRH,MIRELES HERMANOS,COLIMA,TECOMAN,DIURNO,SERVICIO PARTICULAR,TERRESTRE,1-A,RAFAEL MIRELES CALDERON Y/O EDUARDO OCHOA ARIAS.,20.00,WGS 84,18,46,52.09,103,45,23.68,1,19,620.00,10.00,TERRACERÍA,12/05/2009,5 AÑOS,12/05/2014,MAY,2014,NO,INOPERATIVO,AEROPUERTO NACIONAL DE COLIMA,,,,,,
SP 1419,AERÓDROMO,SVI,SAN JUAN VIEJO,DURANGO,SANTIAGO PAPASQUIARO,DIURNO,SERVICIO PARTICULAR,TERRESTRE,1-A,CLEMENTE CARRASCO VALDEZ,NO DISPONIBLE,,24,50,12.00,106,26,36.00,NO APLICA,NO APLICA,,,,19/02/2007,180 DÍAS,19/08/2007,AGO,2007,NO,INOPERATIVO,"AEROPUERTO INTERNACIONAL DE DURANGO, DURANGO",,,,,,
SP 1420,AERÓDROMO,LVI,LA VILLITA,SINALOA,SANTIAGO PAPASQUIARO,DIURNO,SERVICIO PARTICULAR,TERRESTRE,1-A,JOSE NUÑEZ PEÑA,"2,296.00",NAD 27,25,7,46.00,105,19,45.00,NO APLICA,NO APLICA,450.00,15.00,TERRACERÍA,05/06/2008,180 DÍAS,05/12/2008,DIC,2008,NO,INOPERATIVO,"AEROPUERTO INTERNACIONAL DE DURANGO, DURANGO",,,,,,
SP 1421,AERÓDROMO,LSM,LAS MESAS,DURANGO,SANTIAGO PAPASQUIARO,DIURNO,SERVICIO PARTICULAR,TERRESTRE,1-A,CRISPIN FERNANDEZ NEVARES,NO DISPONIBLE,,24,43,0.00,106,19,14.00,NO APLICA,NO APLICA,,,,19/02/2007,180 DÍAS,19/08/2007,AGO,2007,NO,INOPERATIVO,"AEROPUERTO INTERNACIONAL DE DURANGO, DURANGO",,,,,,
HP 1422,HELIPUERTO,HNN,HELIPUERTO HOSPITEN CANCUN,QUINTANA ROO,BENITO JUAREZ (CANCUN),DIURNO,SERVICIO PARTICULAR,SUPERFICIE,H-1,"HOSPITEN MEXICO, S.A DE C.V.",NO DISPONIBLE,NAD 27,21,8,20.20,86,49,21.20,,,,,,04/08/2003,90 DÍAS,04/11/2003,NOV,2003,NO,INOPERATIVO,"AEROPUERTO INTERNACIONAL DE CANCUN, QUINTANA ROO",,,,,,
HP 1423,HELIPUERTO,SCT,CENTRO NACIONAL SCT,CIUDAD DE MÉXICO,BENITO JUÁREZ,DIURNO,SERVICIO PARTICULAR,SUPERFICIE,H-1,SECRETARIA DE COMUNICACIONES Y TRANSPORTES SCT,"2,225.00",WGS 84,19,23,39.07,99,8,48.23,,,,,,15/05/2014,30 AÑOS,15/05/2044,MAY,2044,NO,INOPERATIVO POR SISMO,"AEROPUERTO INTERNACIONAL DE LA CIUDAD DE MEXICO, CIUDAD DE MEXICO",,,,,,
SP 1424,AERÓDROMO,NSR,NUEVO SANTA ROSA,SINALOA,AHOME,DIURNO,SERVICIO PARTICULAR,TERRESTRE,2-A,"INMUEBLES DEL FUERTE, S.A DE C.V.",17.00,WGS 84,25,48,24.93,108,56,1.33,2,20,960.00,12.00,ASFALTO,01/10/2015,15 AÑOS,01/10/2030,OCT,2030,SI,VIGENTE,"AEROPUERTO INTERNACIONAL DE LOS MOCHIS, SINALOA",,,,,,
SP 1425,AERÓDROMO,LCQ,LAS CARRERAS,COAHUILA,ZARAGOZA,DIURNO,SERVICIO PARTICULAR,TERRESTRE,1-A,EUGENIO SADA HERNANDEZ,NO DISPONIBLE,NAD 27,28,51,0.00,101,33,0.00,NO APLICA,NO APLICA,,,,18/07/2003,180 DÍAS,18/01/2004,ENE,2004,NO,INOPERATIVO,"AEROPUERTO INTERNACIONAL DE PIEDRAS NEGRAS, COAHUILA",,,,,,
HP 1426,PLATAFORMA-HELIPUERTO,HJU,JUPITER I,CAMPECHE,ZONDA DE CAMPECHE,DIURNO,SERVICIO PARTICULAR,ELEVADO,H-2,PETROLEOS MEXICANOS PEMEX,0.00,WGS 84,19,31,13.70,92,11,4.22,,,,,,03/12/2004,180 DÍAS,03/06/2005,JUN,2005,NO,INOPERATIVO,"AEROPUERTO INTERNACIONAL DE CIUDAD DEL CARMEN, CAMPECHE",,,,,,
HP 1427,HELIPUERTO,HEW,TELEVISA CHAPULTEPEC,CIUDAD DE MÉXICO,CUAUHTÉMOC,DIURNO Y NOCTURNO,SERVICIO PARTICULAR,ELEVADO,H-1,"TELEVISA, S.A. DE C.V.","2,246.00",WGS 84,19,25,35.87,99,8,58.76,,,,,,11/03/2019,15 AÑOS,11/03/2034,MAR,2034,SI,VIGENTE,"AEROPUERTO INTERNACIONAL DE LA CIUDAD DE MEXICO, CIUDAD DE MEXICO",,,,,,
SP 1428,AERÓDROMO,MZQ  ,PISTA MEZQUITAL                      ,BAJA CALIFORNIA,MEXICALI,DIURNO,SERVICIO PARTICULAR,TERRESTRE,1-A,CARLOS ALBERTO MAGAÑA FIGUEROA,18.00,WGS 84,32,30,44.00,114,53,25.00,NO APLICA,NO APLICA,450.00,15.00,TERRACERÍA,29/11/2011,180 DÍAS,29/05/2012,MAY,2012,NO,INOPERATIVO,"AEROPUERTO INTERNACIONAL DE MEXICALI, BAJA CALIFORNIA",,,,,,
SP 1429,AERÓDROMO,PJC,PAJACUARAN,MICHOACÁN,PAJACUARAN,DIURNO,SERVICIO PARTICULAR,TERRESTRE,1-A,C. GABRIEL MADRIGAL GARIBAY- PRESIDENTE MUNICIPAL DE H. AYUNTAMIENTO DE PAJACUARAN MICHOACAN,NO DISPONIBLE,NAD 27,20,9,48.62,102,37,14.52,NO APLICA,NO APLICA,,,,31/12/2003,90 DÍAS,31/03/2004,MAR,2004,NO,INOPERATIVO,"AEROPUERTO DE URUAPAN, MICHOACAN",,,,,,
SP 1430,AERÓDROMO,SGB,SAN GABRIEL,JALISCO,SAN GABRIEL,DIURNO,SERVICIO PARTICULAR,TERRESTRE,2-A,BIOPARQUES DE OCCIDENTE S.A DE C.V.,863.00,NAD 27,19,41,26.00,103,49,28.00,NO APLICA,NO APLICA,"1,800.00",24.00,ASFALTO,31/07/2013,15 AÑOS,31/07/2028,JUL,2028,SI,VIGENTE,AEROPUERTO NACIONAL DE COLIMA,,,,,,
SP 1431,AERÓDROMO,TTF,EL TULILLO,COAHUILA,ESCOBEDO,DIURNO,SERVICIO PARTICULAR,TERRESTRE,1-A,PRISCILIANO FELIX VILLAREAL VILLAREAL,NO DISPONIBLE,NAD 27,27,13,20.00,101,7,40.00,NO APLICA,NO APLICA,800.00,15.00,TERRACERÍA,04/11/2005,5 AÑOS,04/11/2010,NOV,2010,NO,INOPERATIVO,"AEROPUERTO INTERNACIONAL DE MONCLOVA, COAHUILA",,,,,,
HP 1432,HELIPUERTO,EMN,EJIDO MONDONGO,VERACRUZ,EMILIANO ZAPATA,DIURNO,SERVICIO PARTICULAR,SUPERFICIE,H-1,JOSEFINA ACOSTA DE OCHOA,600.00,NAD 27,19,27,28.00,96,45,3.00,,,,,,SIN AUTORIZACIÓN,,SIN AUTORIZACIÓN,ENE,1994,NO,INOPERATIVO,"AEROPUERTO DE JALAPA, VERACRUZ",,,,,,
HP 1433,HELIPUERTO,HFI,ESTACION PFP IZTAPALAPA,CIUDAD DE MÉXICO,IZTAPALAPA,DIURNO,SERVICIO PARTICULAR,SUPERFICIE,H-3,"POLICIA FEDERAL, SECRETARIA DE SEGURIDAD PUBLICA SSP","2,238.00",WGS 84,19,22,24.20,99,3,46.90,,,,,,PROYECTO,,SIN AUTORIZACIÓN,AGO,2010,NO,INOPERATIVO,"AEROPUERTO INTERNACIONAL DE LA CIUDAD DE MEXICO, CIUDAD DE MEXICO",,,,,,
HP 1434,HELIPUERTO,HHE,HOTEL CAMINO REAL,ESTADO DE MEXICO,TLALNEPANTLA,DIURNO,SERVICIO PARTICULAR,ELEVADO,H-1,CAMINO REAL EJECUTIVO TLALNEPANTLA S.A. DE C.V.,"2,285.00",WGS 84,19,32,58.27,99,12,26.98,,,,,,21/02/2017,15 AÑOS,21/02/2032,FEB,2032,SI,VIGENTE,"AEROPUERTO INTERNACIONAL DE LA CIUDAD DE MEXICO, CIUDAD DE MEXICO",,,,,,
SP 1435,AERÓDROMO,AMK,LOS MESQUITES,MICHOACÁN,BUENAVISTA ,DIURNO,SERVICIO PARTICULAR,TERRESTRE,1-A,HERMINIO CHAVEZ SANCHEZ,NO DISPONIBLE,NAD 27,19,11,24.00,102,42,46.00,NO APLICA,NO APLICA,,,,08/09/2003,90 DÍAS,08/12/2003,DIC,2003,NO,INOPERATIVO,"AEROPUERTO DE ZAMORA, MICHOACAN",,,,,,
SP 1436,AERÓDROMO,IER,CLUB DE VUELO CADEREYTA S.C.,NUEVO LEÓN,CADEREYTA,DIURNO,SERVICIO PARTICULAR,TERRESTRE,1-A,"CLUB DE VUELO CADEREYTA, S.C.",330.00,WGS 84,25,25,54.10,99,56,0.60,NO APLICA,NO APLICA,740.00,25.00,TERRACERÍA,18-Dec-08,5 AÑOS,18-Dec-13,DIC,2013,NO,INOPERATIVO,"AEROPUERTO INTERNACIONAL DEL NORTE, NUEVO LEON",,,,,,
SP 1437,AERÓDROMO,JCL,EL JACAL,SINALOA,POTRERO DE BEJARANO,DIURNO,SERVICIO PARTICULAR,TERRESTRE,1-A,"EJIDO POTRERO DE BEJARANO, MUNICIPIO DE BADIRAGUADO",NO DISPONIBLE,NAD 27,26,2,0.00,107,19,26.00,NO APLICA,NO APLICA,,,TERRACERÍA,SIN AUTORIZACIÓN,,SIN AUTORIZACIÓN,SEP,2003,NO,INOPERATIVO,"AEROPUERTO INTERNACIONAL DE LOS MOCHIS, SINALOA",,,,,,
HP 1438,HELIPUERTO,HJV,HELIPUERTO JV,PUEBLA,SAN ANDRES CHOLULA,DIURNO,SERVICIO PARTICULAR,ELEVADO,H-1,"HELIPUERTOS DE PUEBLA, S.A. DE C.V.","2,090.00",WGS 84,19,0,34.08,98,15,57.20,,,,,,21/06/2018,15 AÑOS,21/06/2033,JUN,2033,SI,VIGENTE,"AEROPUERTO INTERNACIONAL ""HERMANOS SERDÁN"" DE HUEJOTZINGO, PUE.",,,,,,
SP 1439,AERÓDROMO,SFD,SAN FERNANDO,CHIHUAHUA,GUADALUPE Y CALVO,DIURNO,SERVICIO PARTICULAR,TERRESTRE,1-A,ARMANDO ARELLANO CORRALES,"2,167.00",WGS 84,26,13,22.82,107,13,42.00,NO APLICA,NO APLICA,600.00,20.00,TERRACERÍA,SIN AUTORIZACIÓN,,SIN AUTORIZACIÓN,NOV,2003,NO,INOPERATIVO,"AEROPUERTO INTERNACIONAL DE CHIHUAHUA, CHIHUAHUA",,,,,,
HP 1440,HELIPUERTO,HBU,BACHOCO,SINALOA,NAVOLATO,DIURNO,SERVICIO PARTICULAR,SUPERFICIE,H-1,"SERVICIOS AEREOS EJECUTIVOS Y AGRICOLAS, S.A. DE C.V.",NO DISPONIBLE,,24,48,5.40,107,50,25.80,,,,,,13/07/2007,180 DÍAS,13/01/2008,ENE,2008,NO,INOPERATIVO,"AEROPUERTO INTERNACIONAL DE CULIACAN, SINALOA",,,,,,
HP 1441,HELIPUERTO,HUM,CAPITAL                       (ANTES RADIO CAPITAL),CIUDAD DE MÉXICO,MIGUEL HIDALGO,DIURNO Y NOCTURNO,SERVICIO PARTICULAR Y A TERCEROS,ELEVADO,H-1,ANUAR JOSE MACCISE URIBE ,"2,333.00",WGS 84,19,25,42.37,99,12,24.98,,,,,,11/08/2016,15 AÑOS,11/08/2031,NOV,2031,SI,VIGENTE,"AEROPUERTO INTERNACIONAL DE LA CIUDAD DE MEXICO, CIUDAD DE MEXICO",,,,,,
SP 1442,AERÓDROMO,MFS,TORO BRAVO,OAXACA,TUXTEPEC,DIURNO,SERVICIO PARTICULAR,TERRESTRE,1-A,MANUEL FERNANDEZ SANTAMARIA,20.00,WGS 84,18,7,26.00,96,6,44.00,NO APLICA,NO APLICA,370.00,15.00,TERRACERÍA,22/08/2007,180 DÍAS,22/02/2008,FEB,2008,NO,INOPERATIVO,"AEROPUERTO INTERNACIONAL DE VERACRUZ, VERACRUZ",,,,,,
HP 1443,HELIPUERTO,HSN,SINDICATO NACIONAL DE LOS TRABAJADORES DE LA EDUCACIÓN,CIUDAD DE MÉXICO,CUAJIMALPA,DIURNO,SERVICIO PARTICULAR,SUPERFICIE,H-1,SINDICATO NACIONAL DE LOS TRABAJADORES DE LA EDUCACIÓN,"2,607.00",WGS 84,19,20,49.15,99,16,53.97,,,,,,SIN AUTORIZACIÓN,,SIN AUTORIZACIÓN,ENE,2010,NO,INOPERATIVO,"AEROPUERTO INTERNACIONAL DE LA CIUDAD DE MEXICO, CIUDAD DE MEXICO",,,,,,
SP 1444,AERÓDROMO,VIB,SAN JOSE DE VIBORILLAS,DURANGO,TAMAZULA,DIURNO,SERVICIO PARTICULAR,TERRESTRE,1-A,VICTORINO NAVA ONTIVEROS,NO DISPONIBLE,NAD 27,24,26,30.00,106,13,30.00,NO APLICA,NO APLICA,,,TERRACERÍA,19/02/2007,180 DÍAS,19/08/2007,AGO,2007,NO,INOPERATIVO,"AEROPUERTO INTERNACIONAL DE DURANGO, DURANGO",,,,,,
SP 1445,AERÓDROMO,LOD,SAN BERNARDINO DE MILPILLAS CHICO,DURANGO,PUEBLO NUEVO,DIURNO,SERVICIO PARTICULAR,TERRESTRE,1-A,COMUNIDAD INDIGENA COLECTIVA FORESTAL.,"1,900.00",,23,23,5.00,105,8,30.00,NO APLICA,NO APLICA,600.00,15.00,,10/02/2006,180 DÍAS,10/08/2006,AGO,2006,NO,INOPERATIVO,"AEROPUERTO INTERNACIONAL DE DURANGO, DURANGO",,,,,,
HP 1446,HELIPUERTO,HXM,MOCTEZUMA,VERACRUZ,VERACRUZ,DIURNO,SERVICIO PARTICULAR,SUPERFICIE,H-1,DISTRIBUIDROA DE CERVEZAS MOCTEZUMA,15.00,NAD 27,19,6,58.00,96,8,59.00,,,,,,02/12/2005,180 DÍAS,02/06/2006,JUN,2006,NO,INOPERATIVO,"AEROPUERTO INTERNACIONAL DE VERACRUZ, VERACRUZ",,,,,,
SP 1447,AERÓDROMO,JLO,JALISQUILLO,VERACRUZ,TRES VALLES,DIURNO,SERVICIO PARTICULAR,TERRESTRE,1-A,"AGROPRODUCTORES CALVO, S.P.R.DE R.L.",38.00,WGS 84,18,20,45.00,96,11,4.00,8,26,420.00,8.00,CONCRETO HIDRÁULICO Y TERRACERIA,24/03/2014,15 AÑOS,24/03/2029,MAR,2029,SI,VIGENTE,"AEROPUERTO INTERNACIONAL DE VERACRUZ, VERACRUZ",,,,,,
HP 1448,HELIPUERTO,HOP,HOSPITAL ANGELES DE PUEBLA,PUEBLA,PUEBLA,DIURNO,SERVICIO PARTICULAR,ELEVADO,H-1,"HOSPITAL ANGELES DE PUEBLA, S.A. DE C.V.","2,167.00",WGS 84,19,1,16.30,98,14,9.02,,,,,,28/11/2007,5 AÑOS,28/11/2012,NOV,2012,NO,EN TRAMITE,"AEROPUERTO INTERNACIONAL ""HERMANOS SERDÁN"" DE HUEJOTZINGO, PUE.",,,,,,
HP 1449,HELIPUERTO,HNV,AKUMAL,NAYARIT,BAHIA DE BANDERAS,DIURNO,SERVICIO PARTICULAR,SUPERFICIE,H-1,"DESARROLLO MARINA VALLARTA, S.A. DE C.V.",NO DISPONIBLE,NAD 27,20,40,47.15,105,17,15.21,,,,,,30/01/2007,180 DÍAS,30/07/2007,JUL,2007,NO,INOPERATIVO,"AEROPUERTO INTERNACIONAL DE PUERTO VALLARTA, JALISCO",,,,,,
SP 1450,AERÓDROMO,PBY,PUEBLO YAQUI,SONORA,CAJEME,DIURNO,SERVICIO PARTICULAR,TERRESTRE,1-A,ADAN ARTURO FRIAS RIVERA,20.00,NAD 27,27,18,49.40,110,1,7.30,17,35,740.00,15.00,TERRACERÍA,26/04/2017,15 AÑOS,26/04/2032,ABR,2032,SI,VIGENTE,"AEROPUERTO INTERNACIONAL DE CIUDAD OBREGON, SONORA",,,,,,
SP 1451,AERÓDROMO,EDC,EL DURAZNITO DE CHOIX,SINALOA,CHOIX,DIURNO,SERVICIO PARTICULAR,TERRESTRE,1-A,TRINIDAD GOMEZ TORRES,"1,219.00",WGS 84,26,38,27.00,108,0,42.00,NO APLICA,NO APLICA,,,TERRACERÍA,31/03/2004,30 DÍAS,SIN AUTORIZACIÓN,ABR,2004,NO,INOPERATIVO,"AEROPUERTO INTERNACIONAL DE LOS MOCHIS, SINALOA",,,,,,
SP 1452,AERÓDROMO,MEZ,EL MEZQUITE,DURANGO,SANTIAGO PAPASQUIARO,DIURNO,SERVICIO PARTICULAR,TERRESTRE,1-A,NICOLAS CHAIDEZ PEÑA,875.00,NAD 27,24,47,20.00,106,13,30.00,NO APLICA,NO APLICA,400.00,10.00,TERRACERÍA,15/08/2008,180 DÍAS,15/02/2009,FEB,2009,NO,INOPERATIVO,"AEROPUERTO INTERNACIONAL DE DURANGO, DURANGO",,,,,,
SP 1453,AERÓDROMO,SLD,SOLIDARIDAD,SONORA,CAJEME,DIURNO,SERVICIO PARTICULAR,TERRESTRE,1-A,ADAN ARTURO FRIAS RIVERA,NO DISPONIBLE,NAD 27,27,23,30.00,110,1,8.00,NO APLICA,NO APLICA,,,,11/10/2006,180 DÍAS,11/04/2007,ABR,2007,NO,INOPERATIVO,"AEROPUERTO INTERNACIONAL DE CIUDAD OBREGON, SONORA",,,,,,
SP 1454,AERÓDROMO,MOR,MORELOS,CHIHUAHUA,MORELOS,DIURNO,SERVICIO PARTICULAR,TERRESTRE,1-A,H. AYUNTAMIENTO MORELOS,677.00,WGS 84,26,41,9.02,107,40,58.56,NO APLICA,NO APLICA,522.00,15.00,TERRACERÍA,26/06/2007,180 DÍAS,26/12/2007,DIC,2007,NO,INOPERATIVO,"AEROPUERTO INTERNACIONAL DE LOS MOCHIS, SINALOA",,,,,,
SP 1455,AERÓDROMO,CSJ,RANCHO LAS PALMAS,NUEVO LEÓN,MONTEMORELOS,DIURNO,SERVICIO PARTICULAR,TERRESTRE,1-A,JORGE ARTURO CARDENAS SALAZAR,460.00,WGS 84,25,13,5.10,99,55,10.50,16,34,550.00,50.00,TERRACERÍA,21/08/2014,15 AÑOS,21/08/2029,AGO,2029,SI,VIGENTE,"AEROPUERTO INTERNACIONAL DEL NORTE, NUEVO LEON",,,,,,
HP 1456,HELIPUERTO,HXN,IXCUN,NAYARIT,BAHIA DE BANDERAS,DIURNO,SERVICIO PARTICULAR,SUPERFICIE,H-1,"DESARROLLO MARINA VALLARTA, S.A. DE C.V.",NO DISPONIBLE,NAD 27,26,46,1.00,105,17,22.00,,,,,,07/04/2006,180 DÍAS,07/10/2006,OCT,2006,NO,INOPERATIVO,"AEROPUERTO INTERNACIONAL DE PUERTO VALLARTA, JALISCO",,,,,,
SP 1457,AERÓDROMO,RPW,RANCHO PEÑITAS,TAMAULIPAS,GONZALEZ,DIURNO,SERVICIO PARTICULAR,TERRESTRE,1-A,NOWELL WILLIS BORDERS.,47.00,WGS 84,22,44,54.60,98,39,14.20,NO APLICA,NO APLICA,850.00,20.00,TERRACERÍA,30/05/2014,15 AÑOS,30/05/2029,MAY,2029,SI,VIGENTE,"AEROPUERTO INTERNACIONAL DE TAMPICO, TAMAULIPAS",,,,,,
HP 1458,HELIPUERTO,HTU,HOTEL TERRANOVA,VERACRUZ,COATZACOALCOS,DIURNO,SERVICIO PARTICULAR,ELEVADO,H-1,HOTEL TERRANOVA,NO DISPONIBLE,NAD 27,18,6,43.00,94,26,25.00,,,,,,SIN AUTORIZACIÓN,,SIN AUTORIZACIÓN,DIC,2003,NO,INOPERATIVO,"AEROPUERTO DE MINATITLAN, VERACRUZ",,,,,,
SP 1459,AERÓDROMO,CPU,CLUB DE PARACAIDISMO ATLIXCO,MORELOS,YAUTEPEC,DIURNO,SERVICIO PARTICULAR,TERRESTRE,1-A,"CLUB DEPORTIVO ATLIXCO, A.C.",NO DISPONIBLE,,18,49,37.32,99,3,9.60,NO APLICA,NO APLICA,,,,06/10/2004,180 DÍAS,06/04/2005,ABR,2005,NO,INOPERATIVO,"AEROPUERTO INTERNACIONAL DE CUERNAVACA, MORELOS",,,,,,
SP 1460,AERÓDROMO,RHD,RANCHO LA JOYA,NUEVO LEÓN,AGUALEGUAS,DIURNO,SERVICIO PARTICULAR,TERRESTRE,2-A,ANTHONY ARTURO JOSEPH DREXEL STEFAN,226.00,WGS 84,26,18,4.70,99,38,8.30,NO APLICA,NO APLICA,"1,050.00",23.00,TERRACERÍA,26/03/2009,5 AÑOS,26/03/2014,MAR,2014,NO,INOPERATIVO,"AEROPUERTO INTERNACIONAL DE MONTERREY, NUEVO LEON",,,,,,
SP 1461,AERÓDROMO,GBS,GUAYABEROS,ZACATECAS,HUANUSCO,DIURNO,SERVICIO PARTICULAR,TERRESTRE,1-A,JUNTA LOCAL DE SANIDAD VEGETAL DEL CAÑON DE JUCHIPILA,"1,519.00",WGS 84,21,44,36.00,102,58,3.00,15,33,747.00,8.00,TERRACERÍA,SUSPENSIÓN DE ACTIVIDADES,SUSPENSIÓN DE ACTIVIDADES,SUSPENSIÓN DE ACTIVIDADES,MAR,2016,NO,INOPERATIVO,"AEROPUERTO INTERNACIONAL DE ZACATECAS, ZACATECAS",,,,,,
SP 1462,AERÓDROMO,RPU,RANCHO LOS PINOS,TAMAULIPAS,CIUDAD MANTE,DIURNO,SERVICIO PARTICULAR,TERRESTRE,1-A,"BARRERA GONZALEZ Y HERMANOS, S.P.R.R.L.",60.00,WGS 84,22,45,11.00,98,49,53.00,18,36,800.00,20.00,TERRACERÍA,16/02/2017,15 AÑOS,16/02/2032,FEB,2032,SI,VIGENTE,"AEROPUERTO INTERNACIONAL DE TAMPICO, TAMAULIPAS",,,,,,
HP 1463,HELIPUERTO,HZN,TORRE ZENTRUM,CIUDAD DE MÉXICO,CUAJIMALPA,DIURNO,SERVICIO PARTICULAR,ELEVADO,H-1,"ADMINISTRADORA DE INMUEBLES SANTA FE, S.C.","2,737.00",WGS 84,19,21,30.61,99,16,23.57,,,,,,12/10/2011,180 DÍAS,12/04/2012,ABR,2012,NO,EN TRAMITE,"AEROPUERTO INTERNACIONAL DE LA CIUDAD DE MEXICO, CIUDAD DE MEXICO",,,,,,
SP 1464,AERÓDROMO,RJD,RANCHO VIEJO,CHIHUAHUA,GUADALUPE Y CALVO,DIURNO,SERVICIO PARTICULAR,TERRESTRE,1-A,EJIDO DE DOLORES,900.00,WGS 84,26,1,57.20,107,12,54.50,NO APLICA,NO APLICA,600.00,15.00,TERRACERÍA,30/08/2005,180 DÍAS,02/03/2006,MAR,2006,NO,INOPERATIVO,"AEROPUERTO INTERNACIONAL DE CHIHUAHUA, CHIHUAHUA",,,,,,
SP1465,AERÓDROMO,STE,EL SIETE,TAMAULIPAS,CIUDAD MANTE,DIURNO,SERVICIO PARTICULAR,TERRESTRE,1-A,RIO MANTE S.P.R. DE R.L.,99.00,WGS 84,22,36,13.98,98,54,53.26,12,30,1015,18,TERRACERÍA,02/06/2017,15 AÑOS,02/06/2032,JUN,2032,SI,VIGENTE,"AEROPUERTO INTERNACIONAL DE TAMPICO, TAMAULIPAS",,,,,,
HP 1466,HELIPUERTO,HRJ,EL REALITO,SINALOA,CULIACAN,DIURNO,SERVICIO PARTICULAR,SUPERFICIE,H-1,MINERA HESTGOLD,63.00,WGS 84,25,6,12.70,107,10,20.90,,,,,,17/07/2009,180 DÍAS,17/01/2010,ENE,2010,NO,INOPERATIVO,"AEROPUERTO INTERNACIONAL DE CULIACAN, SINALOA",,,,,,
SP 1467,AERÓDROMO,MRP,MARAN,BAJA CALIFORNIA,MEXICALI,DIURNO,SERVICIO PARTICULAR,TERRESTRE,1-A,TEDE COMERCIAL Y SERVICIOS S.A. DE C.V.,0.00,WGS 84,32,32,17.80,115,25,23.80,8,26,"1,000.00",30.00,TERRACERÍA,23/02/2009,5 AÑOS,23/02/2014,FEB,2014,NO,INOPERATIVO,"AEROPUERTO INTERNACIONAL DE MEXICALI, BAJA CALIFORNIA",,,,,,
SP 1468,AERÓDROMO,CHI,CUSIHUIRIACHI,CHIHUAHUA,CUSIHUIRIACHI,DIURNO,SERVICIO PARTICULAR,TERRESTRE,2-A,CASTULO FONTES JAVALERA,"2,140.00",WGS 84,28,19,21.70,106,54,54.07,NO APLICA,NO APLICA,"1,630.00",12.00,TERRACERÍA,24/02/2009,5 AÑOS,24/02/2014,FEB,2014,NO,INOPERATIVO,"AEROPUERTO INTERNACIONAL DE CHIHUAHUA, CHIHUAHUA",,,,,,
HP 1469,HELIPUERTO,HCG,COOPERATIVA ENSENADA DE AVIACIÓN,BAJA CALIFORNIA,MEXICALI,DIURNO,SERVICIO PARTICULAR,SUPERFICIE,H-1,COOPERATIVA ENSENADA DE AVIACIÓN SC DE RL DE CV,6.50,WGS 84,32,14,13.08,115,12,19.74,,,,,,13/09/2011,180 DÍAS,13/03/2012,MAR,2012,NO,INOPERATIVO,"AEROPUERTO INTERNACIONAL DE MEXICALI, BAJA CALIFORNIA",,,,,,
SP 1470,AERÓDROMO,FRI,FERIA,TAMAULIPAS,RIO BRAVO,DIURNO,SERVICIO PARTICULAR,TERRESTRE,1-A,C. RODOLFO FERIA GUTIERREZ.,30.00,NAD 27,25,58,0.0,98,1,0.0,NO APLICA,NO APLICA,700.00,20.00,TERRACERÍA,09/02/2005,180 DÍAS,09/08/2005,AGO,2005,NO,INOPERATIVO,"AEROPUERTO INTERNACIONAL DE REYNOSA, TAMAULIPAS",,,,,,
SP 1471,AERÓDROMO,MSJ,LA MESA DE SAN JUAN,DURANGO,TAMAZULA,DIURNO,SERVICIO PARTICULAR,TERRESTRE,1-A,C. JOSE GONZALEZ POSADA,969.00,WGS 84,24,12,12.80,105,58,55.44,NO APLICA,NO APLICA,700.00,20.00,TERRACERÍA,27/06/2008,180 DÍAS,27/12/2008,DIC,2008,NO,INOPERATIVO,"AEROPUERTO INTERNACIONAL DE CULIACAN, SINALOA",,,,,,
SP 1472,AERÓDROMO,AEM,"EL MAZATE
(Solicito DA: regularice tramite 13mar06)",VERACRUZ,ISLA,DIURNO,SERVICIO PARTICULAR,TERRESTRE,1-A,C. RAMON MARTINEZ TRESS Y RAMÓN MARTINEZ RODRIGUEZ,49.00,NAD 27,18,10,33.00,95,33,27.00,NO APLICA,NO APLICA,650.00,20.00,TERRACERÍA,SIN AUTORIZACIÓN,,SIN AUTORIZACIÓN,MAR,2006,NO,INOPERATIVO,"AEROPUERTO INTERNACIONAL DE VERACRUZ, VERACRUZ",,,,,,
HP 1473,HELIPUERTO,HUU,COMANDANCIA SUR,CHIHUAHUA,CHIHUAHUA,DIURNO,SERVICIO PARTICULAR,SUPERFICIE,H-2,"H. AYUNTAMIENTO CONSTITUCIONAL DE CHIHUAHUA, CHIH.",NO DISPONIBLE,NAD 27,28,38,0.00,106,2,42.00,,,,,,16/08/2004,180 DÍAS,16/02/2005,FEB,2005,NO,INOPERATIVO,"AEROPUERTO INTERNACIONAL DE LOS MOCHIS, SINALOA",,,,,,
SP 1474,AERÓDROMO,CCK,CASA COLORADA,CHIHUAHUA,NONOAYA,DIURNO,SERVICIO PARTICULAR,TERRESTRE,1-A,H. AYUNTAMIENTO DE NONOAYA,"1,640.00",,27,30,26.00,106,37,17.00,NO APLICA,NO APLICA,550.00,25.00,TERRACERÍA,SIN AUTORIZACIÓN,,SIN AUTORIZACIÓN,ENE,2008,NO,INOPERATIVO,"AEROPUERTO INTERNACIONAL DE CHIHUAHUA, CHIHUAHUA",,,,,,
SP 1475,AERÓDROMO,LBO,LOS BRASILES,SINALOA,EL MELON,DIURNO,SERVICIO PARTICULAR,TERRESTRE,1-A,"SERVICIOS AÉREOS LUCE, S.A. DE C.V.",NO DISPONIBLE,,25,57,59.6,107,47,37.4,NO APLICA,NO APLICA,400.00,20.00,TERRACERÍA,SIN AUTORIZACIÓN,,SIN AUTORIZACIÓN,ENE,2008,NO,INOPERATIVO,"AEROPUERTO DE CIUDAD VICTORIA, TAMAULIPAS",,,,,,
SP 1476,AERÓDROMO,MSF,MESA DEL FRIJOL,SINALOA,SINALOA DE LEYVA,DIURNO,SERVICIO PARTICULAR,TERRESTRE,1-A,C. PABLO LUGO BOJORQUEZ,NO DISPONIBLE,,26,18,2.6,107,54,42.9,NO APLICA,NO APLICA,,,,31/12/2004,180 DÍAS,30/06/2005,JUN,2005,NO,INOPERATIVO,"AEROPUERTO INTERNACIONAL DE LOS MOCHIS, SINALOA",,,,,,
SP 1477,AERÓDROMO,STR,SANTA ROSA,CHIHUAHUA,MORELOS,DIURNO,SERVICIO PARTICULAR,TERRESTRE,1-A,C. ANTONIO CHAVEZ VIZCARRA,NO DISPONIBLE,,26,24,26.9,107,55,28.00,NO APLICA,NO APLICA,,,,28/04/2004,180 DÍAS,28/10/2004,OCT,2004,NO,INOPERATIVO,"AEROPUERTO INTERNACIONAL DE LOS MOCHIS, SINALOA",,,,,,
HP 1478,HELIPUERTO,HSA,"SANTA FE 443
(Proyecto)",CIUDAD DE MÉXICO,CUAJIMALPA,DIURNO,SERVICIO PARTICULAR,ELEVADO,H-1,SANTA FE 443 A.C.,"2,720.00",WGS 84,19,21,42.60,99,16,4.70,,,,,,PROYECTO,,SIN AUTORIZACIÓN,MAR,2008,NO,INOPERATIVO,"AEROPUERTO INTERNACIONAL DE LA CIUDAD DE MEXICO, CIUDAD DE MEXICO",,,,,,
SP 1479,AERÓDROMO,LAO,LA SIERRITA,DURANGO,TAMAZULA,DIURNO,SERVICIO PARTICULAR,TERRESTRE,1-A,C. ANTOLIO NUÑEZ CORRALES,NO DISPONIBLE,,24,32,0.00,106,32,0.00,NO APLICA,NO APLICA,,,TERRACERÍA,19/02/2007,180 DÍAS,19/08/2007,AGO,2007,NO,INOPERATIVO,"AEROPUERTO INTERNACIONAL DE DURANGO, DURANGO",,,,,,
HP 1480,HELIPUERTO,HIZ,ISSSTE QUERERTARO,QUERETARO,QUERETARO,DIURNO,SERVICIO PARTICULAR,ELEVADO,H-1,INSTITUTO DE SEGURIDAD SOCIAL Y SERVICIOS SOCIALES DE LOS TRABAJADORES DEL ESTADO,"1,848.00",WGS 84,20,35,36.58,100,24,24.64,,,,,,17/12/2015,180 DÍAS,17/06/2016,JUN,2016,NO,INOPERATIVO,AEROPUERTO INTERCONTINENTAL DE QUERÉTARO.,,,,,,
HP 1481,PLATAFORMA-HELIPUERTO,HSY,SAFE HIBERNIA,CAMPECHE,ZONDA DE CAMPECHE,DIURNO,SERVICIO PARTICULAR,ELEVADO,H-2,PETROLEOS MEXICANOS PEMEX,0.00,NO APLICA,PENDIENTE,PENDIENTE,PENDIENTE,PENDIENTE,PENDIENTE,PENDIENTE,,,,,,PROYECTO,,PROYECTO,OCT,2010,NO,INOPERATIVO,"AEROPUERTO INTERNACIONAL DE CIUDAD DEL CARMEN, CAMPECHE",,,,,,
SP 1482,AERÓDROMO,ISN,ISLA NATIVIDAD,BAJA CALIFORNIA SUR,MULEGE,DIURNO,SERVICIO PARTICULAR,TERRESTRE,1-A,"SOCIEDAD COOPERATIVA DE PRODUCCIÓN PESQUERA, BUZOS Y PESCADORES DE LA BAJA CALIFORNIA, S.C.L.",8.00,WGS 84,27,51,28.00,115,9,55.30,NO APLICA,NO APLICA,"1,100.00",30.00,TERRACERÍA,30/11/2012,180 DÍAS,30/05/2013,MAY,2013,NO,INOPERATIVO,"AEROPUERTO INTERNACIONAL DE LA PAZ, BAJA CALIFORNIA SUR",,,,,,
HP 1483,HELIPUERTO,HYT,TOYOTA,BAJA CALIFORNIA,TECATE,DIURNO,SERVICIO PARTICULAR,SUPERFICIE,H-1,"TOYOTA MOTOR MANUFACTURING DE BAJA CALIFORNIA , S. DE R.L. DE C.V.",NO DISPONIBLE,NAD 27,32,29,55.20,116,43,25.20,,,,,,20/08/2007,180 DÍAS,20/02/2008,FEB,2008,NO,INOPERATIVO,"AEROPUERTO INTERNACIONAL DE MEXICALI, BAJA CALIFORNIA",,,,,,
HP 1484,HELIPUERTO,HCS (cambiar),UNITEC CAMPUS ECATEPEC,ESTADO DE MEXICO,ECATEPEC DE MORELOS,DIURNO,SERVICIO PARTICULAR,SUPERFICIE,H-1,"UNIVERSIDAD TECNOLOGICA DE MÉXICO,","2,230.00",WGS 84,19,33,7.83,99,1,6.85,,,,,,03/12/2007,5 AÑOS,03/12/2012,DIC,2012,NO,INOPERATIVO,"AEROPUERTO DE ATIZAPAN DE ZARAGOZA, ESTADO DE MEXICO",,,,,,
SP 1485,AERÓDROMO,LTN,LA TUNA (ANTES CARLOS DIAZ BECERRIL),MICHOACÁN,ARIO DE ROSALES,DIURNO,SERVICIO PARTICULAR,TERRESTRE,1-A,C. JUAN ALFREDO FLORES MONDRAGON ,"2,059.00",WGS 84,19,14,12.90,101,40,47.90,5,23,780.00,10.00,CONCRETO,11/10/2022,15 AÑOS,11/10/2037,OCT,2037,SI,VIGENTE,"AEROPUERTO DE URUAPAN, MICHOACAN",,,,,,
HP 1486,HELIPUERTO,HGR,"HOSPITAL GENERAL DE ALTA RESOLUCION, ISSSTE MORELOS",MORELOS,EMILIANO ZAPATA,DIURNO Y NOCTURNO,SERVICIO PARTICULAR,ELEVADO,H-1,INSTITUTO DE SEGURIDAD Y SERVICIOS SOCIALES DE LOS TRABAJADORES DEL ESTADO (ISSSTE),"1,267.00",WGS 84,18,50,50.60,99,11,51.20,,,,,,16/11/2016,30 AÑOS,16/11/2046,NOV,2046,SI,VIGENTE,"AEROPUERTO INTERNACIONAL DE CUERNAVACA, MORELOS",,,,,,
HP 1487,HELIPUERTO,HUD,BANCO DEL BAJIO,GUANAJUATO,LEÓN,DIURNO,SERVICIO PARTICULAR,ELEVADO,H-1,"BANCO DEL BAJIO, S.A.","1,855.00",WGS 84,21,10,2.37,101,41,28.73,,,,,,02/04/2014,15 AÑOS,02/04/2029,ABR,2029,SI,VIGENTE,"AEROPUERTO INTERNACIONAL DE GUANAJUATO, GUANAJUATO",,,,,,
HP 1488,HELIPUERTO,,LAS DELICIAS,MORELOS,CUERNAVACA,DIURNO,SERVICIO PARTICULAR,SUPERFICIE,H-1,ABRAHAM ABADI TAWIL,NO DISPONIBLE,WGS 84,18,59,29.00,99,11,40.00,,,,,,SIN AUTORIZACIÓN,,SIN AUTORIZACIÓN,NOV,2009,NO,INOPERATIVO,"AEROPUERTO INTERNACIONAL DE CUERNAVACA, MORELOS",,,,,,
HP 1489,HELIPUERTO,HOC,CONSTITUYENTES,CIUDAD DE MÉXICO,MIGUEL HIDALGO,DIURNO,SERVICIO PARTICULAR,ELEVADO,H-1,"SERVICIOS COMERCIALES Y ADMINISTRATIVOS, S.A. DE C.V.","2,460.00",WGS 84,19,23,39.30,99,14,13.90,,,,,,31/05/2013,180 DÍAS,01/12/2013,DIC,2013,NO,INOPERATIVO,"AEROPUERTO INTERNACIONAL DE LA CIUDAD DE MEXICO, CIUDAD DE MEXICO",,,,,,
HP 1490,HELIPUERTO,HDT,BARDAHL AJUSCO,CIUDAD DE MÉXICO,TLALPAN,DIURNO,SERVICIO PARTICULAR,SUPERFICIE,H-1,"STARS DE MÉXICO, S.A. DE C.V.","3,048.00",,19,12,28.08,99,13,8.52,,,,,,08/06/2006,5 AÑOS,08/06/2011,JUN,2011,NO,INOPERATIVO,"AEROPUERTO INTERNACIONAL DE LA CIUDAD DE MEXICO, CIUDAD DE MEXICO",,,,,,
HP 1491,HELIPUERTO,HTD,BARDAHL TOLUCA,ESTADO DE MEXICO,TOLUCA,DIURNO,SERVICIO PARTICULAR,SUPERFICIE,H-1,"STARS DE MÉXICO, S.A. DE C.V.","2,580.00",WGS 84,19,22,57.10,99,34,35.80,,,,,,05/04/2013,180 DÍAS,05/10/2013,OCT,2013,NO,INOPERATIVO,"AEROPUERTO INTERNACIONAL DE TOLUCA, ESTADO DE MEXICO",,,,,,
HP 1492,HELIPUERTO,HRL,SAMARIA-LUNA,TABASCO,CONDUACAN,DIURNO,SERVICIO PARTICULAR,SUPERFICIE,H-1,PEMEX PRODUCCIÓN Y EXPLORACION,NO DISPONIBLE,WGS 84,18,3,19.08,93,4,23.12,,,,,,SIN AUTORIZACIÓN,,SIN AUTORIZACIÓN,,2010,NO,INOPERATIVO,"AEROPUERTO INTERNACIONAL DE VILLAHERMOSA, TABASCO",,,,,,
HP 1493,HELIPUERTO,HZI,AERO ANÁHUAC,MICHOACÁN,ZITACUARO,DIURNO,SERVICIO PARTICULAR,SUPERFICIE,H-1,"AERO ANAHUAC, S.C.","2,300.00",WGS 84,19,30,59.80,100,24,36.50,,,,,,19/01/2017,15 AÑOS,19/01/2032,ENE,2032,SI,VIGENTE,"AEROPUERTO INTERNACIONAL DE TOLUCA, ESTADO DE MEXICO",,,,,,
HP 1494,HELIPUERTO,HXI,XITLE,CIUDAD DE MÉXICO,TLALPAN,DIURNO,SERVICIO PARTICULAR,SUPERFICIE,H-1,CENTRO DE INVESTIGACIÓN Y ATENCIÓN A QUEMADOS,"2,352.00",WGS 84,19,17,15.88,99,8,56.68,,,,,,SIN AUTORIZACIÓN,,SIN AUTORIZACIÓN,,2010,NO,EN TRAMITE,"AEROPUERTO INTERNACIONAL DE LA CIUDAD DE MEXICO, CIUDAD DE MEXICO",,,,,,
SP 1495,AERÓDROMO,LRJ,REYNA DIANA,SONORA,ETCHOJOA,DIURNO,SERVICIO PARTICULAR,TERRESTRE,1-A,c. JESÚS AHARÓN MURILLO GUTIERREZ,20.00,WGS 84,27,1,8.10,109,35,4.20,NO APLICA,NO APLICA,700.00,10.00,,02/04/2007,5 AÑOS,02/04/2012,ABR,2012,NO,INOPERATIVO,"AEROPUERTO INTERNACIONAL DE CIUDAD OBREGON, SONORA",,,,,,
SP 1496,AERÓDROMO,MML,MASAHIASHI,CHIHUAHUA,MORELOS,DIURNO,SERVICIO PARTICULAR,TERRESTRE,1-A,C. MANUEL LOERA BOJORQUEZ,"2,212.00",WGS 84,26,30,20.70,107,43,52.20,14,32,500.00,15.00,TERRACERIA,22/12/2007,5 AÑOS,22/12/2012,DIC,2012,NO,INOPERATIVO,"AEROPUERTO INTERNACIONAL DE LOS MOCHIS, SINALOA",,,,,,
SP 1497,AERÓDROMO,PRD,PAREDONES,BAJA CALIFORNIA,ENSENADA,DIURNO,SERVICIO PARTICULAR,TERRESTRE,1-B,JUAN PABLO ROMERO FERNANDEZ,30.00,WGS 84,29,56,59.00,114,30,41.00,3,21,"1,310.00",12.00,TERRACERÍA,30/04/2007,5 AÑOS,30/04/2012,ABR,2012,NO,INOPERATIVO,"AEROPUERTO INTERNACIONAL DE SAN FELIPE, BAJA CALIFORNIA",,,,,,
SP 1498,AERÓDROMO,MLF,MESA LARGA,CHIHUAHUA,MORELOS,DIURNO,SERVICIO PARTICULAR,TERRESTRE,2-A,C.C. FRANCISCA LOERA CHAVEZ  Y/O LEOBARDA LOERA CHAVEZ,"2,380.00",WGS 84,26,31,0.20,107,40,47.70,NO APLICA,NO APLICA,"1,000.00","15,00",TERRACERIA,22/12/2007,5 AÑOS,22/12/2012,DIC,2012,NO,INOPERATIVO,"AEROPUERTO INTERNACIONAL DE LOS MOCHIS, SINALOA",,,,,,
HP 1499,HELIPUERTO,HES,SERVICIOS AÉREOS DEL ESTADO DE MÉXICO,ESTADO DE MEXICO,CACALOMACAN,DIURNO,SERVICIO PARTICULAR,SUPERFICIE,H-1,GOBIERNO DEL ESTADO DE MÉXICO,"2,780.00",WGS 84,19,15,24.50,99,43,0.00,,,,,,16/06/2023,180 DIAS,16/12/2023,NOV,2023,NO,EN TRAMITE,"AEROPUERTO DE ATIZAPAN DE ZARAGOZA, ESTADO DE MEXICO",,,,,,
HP 1500,BARCO-HELIPUERTO,HJH,JUDITH,BAJA CALIFORNIA,ENSENADA,DIURNO,SERVICIO PARTICULAR,HELIPUERTO MIXTO,H-1,"ATUNERA JUDITH,  S.A. DE C.V. ",0.00,NO APLICA,NO APLICA,NO APLICA,NO APLICA,NO APLICA,NO APLICA,NO APLICA,,,,,,11/03/2005,180 DÍAS,11/09/2005,SEP,2005,NO,INOPERATIVO,"AEROPUERTO INTERNACIONAL DE TIJUANA, BAJA CALIFORNIA",,,,,,
SP 1501,AERÓDROMO,CHS,CHINIPAS,CHIHUAHUA,CHINIPAS,DIURNO,SERVICIO PARTICULAR Y A TERCEROS,TERRESTRE,1-A,"H. AYUNTAMIENTO CONSTITUCIONAL DE CHINIPAS DE ALMADA, CHIHUAHUA.",430.00,WGS 84,27,24,10.79,108,32,18.17,3,21,932.00,11.00,ASFALTO,SIN AUTORIZACIÓN,,SIN AUTORIZACIÓN,AGO,2008,NO,EN TRAMITE,"AEROPUERTO INTERNACIONAL DE LOS MOCHIS, SINALOA",,,,,,
SP 1502,AERÓDROMO,TMS,"TEMORIS
",CHIHUAHUA,GUAZAPARES,DIURNO,SERVICIO PARTICULAR,TERRESTRE,1-A,"H. AYUNTAMIENTO CONSTITUCIONAL TEMORIS, 
H. AYUNTAMIENTO CONSTITUCIONAL DE GUAZAPARES, CHIHUAHUA",PENDIENTE,WGS 84,PENDIENTE,PENDIENTE,PENDIENTE,PENDIENTE,PENDIENTE,PENDIENTE,NO APLICA,NO APLICA,PENDIENTE,PENDIENTE,TERRACERÍA,PROYECTO,,PROYECTO,SEP,2008,NO,INOPERATIVO,"AEROPUERTO INTERNACIONAL DE LOS MOCHIS, SINALOA",,,,,,
SP 1503,AERÓDROMO,LLW,LA LAGUNITA,DURANGO,TAMAZULA,DIURNO,SERVICIO PARTICULAR,TERRESTRE,1-A,EJIDO EL ZAPOTE,"1,470.00",WGS 84,24,18,24.75,106,26,31.97,NO APLICA,NO APLICA,450.00,20.00,TERRACERÍA,19/05/2009,5 AÑOS,19/05/2014,MAY,2014,NO,INOPERATIVO,"AEROPUERTO INTERNACIONAL DE DURANGO, DURANGO",,,,,,
SP 1504,AERÓDROMO,ELI,EL LIMON DE LOS PEÑA,DURANGO,TAMAZULA,DIURNO,SERVICIO PARTICULAR,TERRESTRE,1-A,EJIDO EL ZAPOTE,"1,510.00",WGS 84,24,21,55.60,106,26,2.51,NO APLICA,NO APLICA,400.00,20.00,TERRACERÍA,23/07/2010,180 DÍAS,23/01/2011,ENE,2011,NO,INOPERATIVO,"AEROPUERTO INTERNACIONAL DE DURANGO, DURANGO",,,,,,
SP 1505,AERÓDROMO,LPV,LA PAJARERA (CANCELACIÓN DE PERMISO ),VERACRUZ,SAN RAFAEL,DIURNO,SERVICIO PARTICULAR,TERRESTRE,1-A,"AGRICOLA LOMAS DE ARENA, S.A. DE C.V.",44.00,WGS 84,20,9,8.17,96,56,45.28,16,34,664.00,12.00,ASFALTO,27/07/2017,15 AÑOS,27/07/2032,AGO,2032,NO,INOPERATIVO (RENUNCIA DEL TITULAR),"AEROPUERTO DE POZA RICA, VERACRUZ",,,,,,
SP 1506,AERÓDROMO,EMA,EL MAMBO,SONORA,HERMOSILLO,DIURNO,SERVICIO PARTICULAR,TERRESTRE,2-C,ADOLFO LOPEZ CHAIDEZ,260.00,NAD 27,29,6,24.30,110,35,42.20,NO APLICA,NO APLICA,1000,28.00,,27/09/2005,5 AÑOS,27/09/2010,SEP,2010,NO,INOPERATIVO,"AEROPUERTO INTERNACIONAL DE HERMOSILLO, SONORA",,,,,,
SP 1507,AERÓDROMO,NAA,LOS NAPUCHIS,CHIHUAHUA,GUACHOCHI,DIURNO,SERVICIO PARTICULAR,TERRESTRE,1-A,"ASOCIACIÓN PRO-INDÍGENA, A.C.","2,300.00",WGS 84,27,19,30.00,107,31,0.00,14,32,890.00,25.00,TERRACERÍA,24/01/2017,13 AÑOS,30/09/2030,SEP,2030,SI,VIGENTE,"AEROPUERTO INTERNACIONAL DE CHIHUAHUA, CHIHUAHUA",,,,,,
SP 1508,AERÓDROMO,AGB,AGUAJE BLANCO,DURANGO,INDE,DIURNO,SERVICIO PARTICULAR,TERRESTRE,1-A,MANUEL MUNIB BITAR CANAVATI,"1,509.00",WGS 84,25,34,16.40,104,53,3.60,3,21,900.00,20.00,TERRACERÍA,24/10/2016,15 AÑOS,24/10/2031,OCT,2031,SI,VIGENTE,"AEROPUERTO INTERNACIONAL DE DURANGO, DURANGO",,,,,,
SP 1509,AERÓDROMO,CDO,CEDRO SOLO,COAHUILA,ZARAGOZA,DIURNO,SERVICIO PARTICULAR,TERRESTRE,1-A,ING. LUIS EDUARDO GUTIERREZ GONZALEZ,808.00,WGS 84,28,30,38.00,101,24,38.00,14,32,900.00,35.00,TERRACERÍA,24/05/2017,15 AÑOS,24/05/2032,MAY,2032,SI,VIGENTE,"AEROPUERTO INTERNACIONAL DE PIEDRAS NEGRAS, COAHUILA",,,,,,
HP 1510,HELIPUERTO,HAL,HOSPITAL ÁNGELES DE XALAPA,VERACRUZ,XALAPA,DIURNO,SERVICIO PARTICULAR,ELEVADO,H-1,"UNIDADES COMERCIALES SANTA FE, S.A DE C.V.","1,296.70",WGS 84,19,30,56.23,96,52,54.27,,,,,,SIN AUTORIZACIÓN,,SIN AUTORIZACIÓN,NOV,2009,NO,INOPERATIVO,"AEROPUERTO INTERNACIONAL DE VERACRUZ, VERACRUZ",,,,,,
HP 1511,HELIPUERTO,HND,COMANDANCIA NORTE,CHIHUAHUA,CHIHUAHUA,DIURNO,SERVICIO PARTICULAR,SUPERFICIE,H-1,H. AYUNTAMIENTO DE CHIHUAHUA,"1,471.00",WGS 84,28,42,16.75,106,7,18.40,,,,,,23/04/2019,15 AÑOS,23/04/2034,ABR,2034,SI,VIGENTE,"AEROPUERTO INTERNACIONAL DE CIUDAD JUAREZ, CHIHUAHUA",,,,,,
HP 1512,HELIPUERTO,HMV,MORAS,CIUDAD DE MÉXICO,BENITO JUÁREZ,DIURNO,SERVICIO PARTICULAR,ELEVADO,H-1,ESPACIO 777 S.A DE C.V.,"2,268.00",WGS 84,19,21,50.49,99,10,33.86,,,,,,07/03/2019,15 AÑOS,07/03/2034,MAR,2034,SI,VIGENTE,"AEROPUERTO INTERNACIONAL DE LA CIUDAD DE MEXICO, CIUDAD DE MEXICO",,,,,,
HP 1513,HELIPUERTO,,HOSPITAL SAN JOSE TEC DE MONTERREY,NUEVO LEÓN,MONTERREY,DIURNO,SERVICIO PARTICULAR,ELEVADO,H-1,HOSPITAL SAN JOSE TEC DE MONTERREY,NO DISPONIBLE,,25,40,25.00,100,20,55.00,,,,,,13/12/2005,180 DÍAS,13/06/2006,JUN,2006,NO,INOPERATIVO,"AEROPUERTO INTERNACIONAL DE MONTERREY, NUEVO LEON",,,,,,
SP 1514,AERÓDROMO,STV,SANTA MARIA DE LOS REMEDIOS,DURANGO,TAMAZULA,DIURNO,SERVICIO PARTICULAR,TERRESTRE,1-A,COMISARIADO EJIDAL SANTA MARIA DE LOS REMEDIOS-,NO DISPONIBLE,,24,33,30.00,106,15,15.00,NO APLICA,NO APLICA,400.00,20.00,TERRACERÍA,05/07/2007,180 DÍAS,05/01/2009,ENE,2008,NO,INOPERATIVO,"AEROPUERTO INTERNACIONAL DE DURANGO, DURANGO",,,,,,
SP 1515,AERÓDROMO,SJE,SAN JOSÉ,CHIHUAHUA,CAMARGO,DIURNO,SERVICIO PARTICULAR,TERRESTRE,1-A,"SOCIEDAD AGROPECUARIA REAL DE MAZAPIL, S.P.R. DE R.L.","1,572.00",WGS 84,27,50,59.90,104,12,18.60,8,26,600.00,20.00,TERRACERÍA,06/06/2013,5 AÑOS,06/06/2018,JUN,2018,NO,INOPERATIVO,"AEROPUERTO INTERNACIONAL DE CHIHUAHUA, CHIHUAHUA",,,,,,
HP 1516,HELIPUERTO,HTV,TORRE PROVIDENCIA (Proyecto),JALISCO,GUADALAJARA,DIURNO,SERVICIO PARTICULAR,ELEVADO,H-1,MARÍA TERESA PEÑA RAZO,NO DISPONIBLE,WGS 84,20,41,26.75,103,22,50.78,,,,,,PROYECTO,,SIN AUTORIZACIÓN,,2010,NO,INOPERATIVO,"AEROPUERTO INTERNACIONAL DE GUADALAJARA, JALISCO",,,,,,
SP 1517,AERÓDROMO,ZLT,EL ZALATE,SINALOA,CULIACAN,DIURNO,SERVICIO PARTICULAR,TERRESTRE,1-A,C. AUGUSTO BELTRAN ANGULO,NO DISPONIBLE,,25,11,"0,80",107,21,"11,20",NO APLICA,NO APLICA,,,,03/02/2006,180 DÍAS,03/08/2006,AGO,2006,NO,INOPERATIVO,"AEROPUERTO INTERNACIONAL DE CULIACAN, SINALOA",,,,,,
HP 1518,HELIPUERTO,UCA,UNITEC CAMPUS ATIZAPAN,ESTADO DE MEXICO,ATIZAPÁN DE ZARAGOZA,DIURNO,SERVICIO PARTICULAR,SUPERFICIE,H-1,"UNIVERSIDAD TECNOLÓGICA DE MÉXICO, S.C.","2,299.00",WGS 84,19,32,55.13,99,14,23.99,,,,,,03/12/2007,5 AÑOS,03/12/2012,DIC,2012,NO,INOPERATIVO,"AEROPUERTO DE ATIZAPAN DE ZARAGOZA, ESTADO DE MEXICO",,,,,,
SP 1519,AERÓDROMO,RSK,RANCHO SAN FRANCISCO,NUEVO LEÓN,GENERAL TERAN,DIURNO,SERVICIO PARTICULAR,TERRESTRE,1-A,ING. JESUS FERNANDO ELIZONDO GARCIA,197.00,WGS 84,25,28,36.30,99,32,57.60,10,28,780.00,18.00,TERRACERÍA,15/02/2019,15 AÑOS,15/02/2034,FEB,2034,SI ,VIGENTE,"AEROPUERTO INTERNACIONAL DEL NORTE, NUEVO LEON",,,,,,
SP 1520,AERÓDROMO,MGS,"LOS MANGOS
(CANCELADO)",SINALOA,NAVOLATO,DIURNO,SERVICIO PARTICULAR,TERRESTRE,1-A,GUADALUPE DEL ROSARIO PACHECO MONZON,16.00,WGS 84,24,41,4.58,107,32,46.76,9,27,700.00,12.00,TERRACERÍA,15/04/2021,15 AÑOS,01/04/2035,ABR,2035,NO,SIN PERMISO POR FALLECIMIEMTO DE TITULAR,"AEROPUERTO INTERNACIONAL DE CULIACAN, SINALOA",,,,,,
HP 1521,HELIPUERTO,HGS,GRUPO RIO SAN JUAN (Proyecto),TAMAULIPAS,REYNOSA,DIURNO,SERVICIO PARTICULAR,SUPERFICIE,H-1,"GRUPO RIO SAN JUAN, S.A. DE C.V.",69.09,WGS 84,26,3,33.19,98,22,5.91,,,,,,PROYECTO,PROYECTO,SIN AUTORIZACIÓN,,2010,NO,INOPERATIVO,"AEROPUERTO INTERNACIONAL DE REYNOSA, TAMAULIPAS",,,,,,
SP 1522,AERÓDROMO,EDT,EL ALTO DEL TEJOCOTE,SINALOA,SAN IGNACIO,DIURNO,SERVICIO PARTICULAR,TERRESTRE,1-A,EJIDO CALIFORNIA Y ANEXOS,"2,103.00",,24,15,19.00,106,5,18.00,NO APLICA,NO APLICA,350.00,20.00,TERRACERÍA,08/05/2007,180 DÍAS,08/11/2007,NOV,2007,NO,INOPERATIVO,"AEROPUERTO INTERNACIONAL DE CULIACAN, SINALOA",,,,,,
HP 1523,HELIPUERTO,HNT,"TORRE MEDICA ANGELES
(TORRE CLINICA)",CIUDAD DE MÉXICO,MAGDALENA CONTRERAS,DIURNO,SERVICIO PARTICULAR,ELEVADO,H-1,"HOSPITAL ANGELES DEL PEDREGAL,.S.A. DE C.V.","2,461.00",WGS 84,19,18,41.17,99,13,15.58,,,,,,12/08/2019,30 AÑOS,12/08/2049,AGO,2049,SI ,VIGENTE,"AEROPUERTO INTERNACIONAL DE LA CIUDAD DE MEXICO, CIUDAD DE MEXICO",,,,,,
SP 1524,AERÓDROMO,RNF,RANCHO PUERTO ANGEL,COAHUILA,VILLA UNION,DIURNO,SERVICIO PARTICULAR,TERRESTRE,1-A,LIC. CLAUDIO MARIO BRES GARZA,NO DISPONIBLE,,27,55,37.00,100,50,24.00,NO APLICA,NO APLICA,NO DISPONIBLE,NO DISPONIBLE,TERRACERÍA,SIN AUTORIZACIÓN,,SIN AUTORIZACIÓN,ENE,2008,NO,INOPERATIVO,"AEROPUERTO INTERNACIONAL DE PIEDRAS NEGRAS, COAHUILA",,,,,,
SP 1525,AERÓDROMO,ELJ,EL CARDAL,SINALOA,AHOME,DIURNO,SERVICIO PARTICULAR,TERRESTRE,1-A,"EXPORTALIZAS MEXICANAS, S.A. DE C.V.",25.00,WGS 84,26,0,6.4,109,18,6.76,16,34,"1,000.00",25.00,TERRACERÍA,30/09/2019,180 DÍAS,30/03/2020,MAR,2020,NO,INOPERATIVO,"AEROPUERTO INTERNACIONAL DE LOS MOCHIS, SINALOA",,,,,,
HP 1526,HELIPUERTO,HHV,RANCHO EL GIRASOL,GUANAJUATO,SAN MIGUEL DE ALLENDE,DIURNO,SERVICIO PARTICULAR,SUPERFICIE,H-1,LIC. MIGUEL ALEMÁN VELASCO,"1,981.00",WGS 84,20,57,46.20,100,45,27.50,,,,,,30/04/2010,180 DÍAS,30/10/2010,OCT,2010,NO,INOPERATIVO,"AEROPUERTO INTERNACIONAL DEL BAJÍO, GUANAJUATO",,,,,,
SP 1527,AERÓDROMO,HVP,HUIZOPA,CHIHUAHUA,MADERA,DIURNO,SERVICIO PARTICULAR,TERRESTRE,1-A,"MINERA SOL DE ORO, S.A. DE C.V.","1,383.00",WGS 84,29,14,31.51,108,38,33.10,NO APLICA,NO APLICA,700,30,TERRACERÍA,14/12/2011,5 AÑOS,14/12/2016,DIC,2016,NO,INOPERATIVO,"AEROPUERTO INTERNACIONAL DE CHIHUAHUA, CHIHUAHUA",,,,,,
HP 1528,HELIPUERTO,HUG,UNITEC CAMPUS SUR,CIUDAD DE MÉXICO,IZTAPALAPA,DIURNO,SERVICIO PARTICULAR,SUPERFICIE,H-1,"UNIVERSIDAD TECNOLOGICA DE MEXICO, S.C.","2,230.00",WGS 84,19,21,24.32,99,7,3.42,,,,,,03/12/2007,5 AÑOS,03/12/2012,DIC,2012,NO,INOPERATIVO,"AEROPUERTO INTERNACIONAL DE LA CIUDAD DE MEXICO, CIUDAD DE MEXICO",,,,,,
SP 1529,AERÓDROMO,ACT,ACATITA,SINALOA,ANGOSTURA,DIURNO,SERVICIO PARTICULAR,TERRESTRE,1-A,ADOLFO PEÑUELAS ROBLES,NO DISPONIBLE,WGS 84,25,19,9.53,108,2,8.47,NO APLICA,NO APLICA,585.00,12.00,TERRACERÍA,11/07/2012,180 DÍAS,11/01/2013,ENE,2013,NO,INOPERATIVO,"AEROPUERTO INTERNACIONAL DE GUAYMAS, SONORA",,,,,,
SP 1530,AERÓDROMO,ELA,EL ARENOSO,SONORA,GUAYMAS,DIURNO,SERVICIO PARTICULAR,TERRESTRE,1-A,"VIDEXPORT S.A DE C,V.",112.00,WGS 84,28,13,3.41,110,35,19.50,3,21,800.00,10.00,TERRACERÍA,10/06/2019,15 AÑOS,10/06/2034,JUN,2034,SI ,VIGENTE,"AEROPUERTO INTERNACIONAL DE GUAYMAS, SONORA",,,,,,
SP 1531,AERÓDROMO,RRA,RANCHO AGUA BUENA,COAHUILA,PROGRESO,DIURNO,SERVICIO PARTICULAR,TERRESTRE,1-A,ROMÁN ALBERTO CEPEDA GONZÁLEZ,353.00,WGS 84,27,22,59.40,101,9,8.79,NO APLICA,NO APLICA,850.00,30.00,TERRACERÍA,31/05/2012,180 DÍAS,30/11/2012,NOV,2012,NO,INOPERATIVO,"AEROPUERTO INTERNACIONAL DE MONCLOVA, COAHUILA",,,,,,
HP 1532,BARCO-HELIPUERTO,HEF,EL DORADO,SINALOA,MAZATLÁN,DIURNO,SERVICIO PARTICULAR,HELIPUERTO MIXTO,H-1,"PESCA AZTECA, S.A. DE C.V.",0.00,NO APLICA,NO APLICA,NO APLICA,NO APLICA,NO APLICA,NO APLICA,NO APLICA,,,,,,07/06/2018,15 AÑOS,18/06/2033,JUN,2033,SI ,VIGENTE ,"AEROPUERTO INTERNACIONAL DE MAZATLAN, SINALOA",,,,,,
SP 1533,AERÓDROMO,ESA,ESTRELLA,SONORA,SAHUARIPA,DIURNO,SERVICIO PARTICULAR,TERRESTRE,1-A,MINAS DE ORO S.A. DE C.V.,"1,387.00",WGS 84,28,38,19.20,108,46,22.83,16,34,800.00,30.00,TERRACERÍA,03/03/2017,15 AÑOS,03/03/2032,MAR,2032,SI,VIGENTE,"AEROPUERTO INTERNACIONAL DE HERMOSILLO, SONORA",,,,,,
HP 1534,HELIPUERTO,HBB,HELIPUERTO BIG BROTHER,ESTADO DE MEXICO,ZINACANTEPEC,DIURNO,SERVICIO PARTICULAR,SUPERFICIE,H-1,"ENDEMOL MEXICO, S.A. DE C.V.",NO DISPONIBLE,NAD 27,19,15,7.47,99,45,20.57,,,,,,25/02/2005,180 DÍAS,25/08/2005,AGO,2005,NO,INOPERATIVO,"AEROPUERTO INTERNACIONAL DE TOLUCA, ESTADO DE MEXICO",,,,,,
SP 1535,AERÓDROMO,RAX,RANCHO ALEJANDRINA,DURANGO,DURANGO,DIURNO,SERVICIO PARTICULAR,TERRESTRE,1-A,HECTOR SALOMON PORTILLO,NO DISPONIBLE,,24,57,17.30,104,36,21.40,NO APLICA,NO APLICA,,,,03/03/2005,180 DÍAS,03/09/2005,SEP,2005,NO,INOPERATIVO,"AEROPUERTO INTERNACIONAL DE CULIACAN, SINALOA Y DE DURANGO, DURANGO",,,,,,
HP 1536,HELIPUERTO,HAP,LOS PIRULES,ESTADO DE MEXICO,NAUCALPAN,DIURNO,SERVICIO PARTICULAR,SUPERFICIE,H-1,"INMOBILIARIA GUYA S,A DE C.V.","2,308.00",NAD 27,19,30,31.59,99,13,55.48,,,,,,30/04/2010,180 DÍAS,30/10/2010,OCT,2010,NO,INOPERATIVO,"AEROPUERTO INTERNACIONAL DE TOLUCA, ESTADO DE MEXICO",,,,,,
SP 1537,AERÓDROMO,SNQ,SAN JOAQUIN,SONORA,CAJEME,DIURNO,SERVICIO PARTICULAR,TERRESTRE,1-A,JOAQUIN BRIZUELA LEÓN,29.00,WGS 84,27,21,7.00,109,57,57.50,17,35,400.00,16.00,TERRACERÍA,12/10/2015,15 AÑOS,12/10/2030,OCT,2030,SI,VIGENTE,"AEROPUERTO INTERNACIONAL DE CIUDAD OBREGON, SONORA",,,,,,
HP 1538,HELIPUERTO,HLM,LIC. ADOLFO LOPEZ MATEOS,CIUDAD DE MÉXICO,BENITO JUÁREZ,DIURNO,SERVICIO PARTICULAR,ELEVADO,H-1,HOSPITAL REGIONAL LIC. ADOLFO LOPEZ MATEOS DEL ISSSTE.,"2,270.00",,19,21,30.52,99,10,23.39,,,,,,19/04/2005,180 DÍAS,19/10/2005,OCT,2005,NO,INOPERATIVO,"AEROPUERTO INTERNACIONAL DE LA CIUDAD DE MEXICO, CIUDAD DE MEXICO",,,,,,
SP 1539,AERÓDROMO,LOE,LOS PIPOS,VERACRUZ,PAPANTLA,DIURNO,SERVICIO PARTICULAR,TERRESTRE,1-A,C. ANDRES EBERGENYI TRUEBA,32.00,WGS 84,20,18,28.00,97,19,28.00,NO APLICA,NO APLICA,300.00,20.00,TERRACERÍA,14/12/2005,180 DÍAS,14/06/2006,JUN,2006,NO,INOPERATIVO,"AEROPUERTO DE POZA RICA, VERACRUZ",,,,,,
SP 1540,AERÓDROMO,JBT,JBT,SINALOA,GUASAVE,DIURNO,SERVICIO PARTICULAR,TERRESTRE,1-A,JORGE BARRERA TERRAZAS,NO DISPONIBLE,,25,38,27.75,108,36,25.62,NO APLICA,NO APLICA,,,TERRACERÍA,SIN AUTORIZACIÓN,,SIN AUTORIZACIÓN,ENE,2010,NO,INOPERATIVO,"AEROPUERTO INTERNACIONAL DE LOS MOCHIS, SINALOA",,,,,,
HP 1541,HELIPUERTO,HIE,INITE,GUERRERO,ACAPULCO DE JUÁREZ,DIURNO,SERVICIO PARTICULAR,SUPERFICIE,H-1,"INITE, A.C.",24.00,WGS 84,16,49,42.80,99,54,51.90,,,,,,18/06/2012,180 DÍAS,18/12/2012,DIC,2012,NO,INOPERATIVO,"AEROPUERTO INTERNACIONAL DE ACAPULCO, GUERRERO",,,,,,
HP 1542,HELIPUERTO,HHX,HOSPITAL ISSSTE MORELIA,MICHOACÁN,MORELIA,DIURNO,SERVICIO PARTICULAR,ELEVADO,H-1,INSTITUTO DE SEGURIDAD Y SERVICIOS SOCIALES DE LOS TRABAJADORES DEL ESTADO (ISSSTE),"1,888.00",WGS 84,19,44,0.33,101,6,19.04,,,,,,26/11/2013,30 AÑOS,26/11/2043,NOV,2043,SI,VIGENTE,"AEROPUERTO DE MORELIA, MICHOACAN",,,,,,
SP 1543,AERÓDROMO,CHB,CHICORRABIAS,SINALOA,GUASAVE,DIURNO,SERVICIO PARTICULAR,TERRESTRE,1-A,LUIS JORGE VALDEZ MORENO,10.00,WGS 84,25,32,36.58,108,34,13.34,2,20,650.00,10.00,TERRACERÍA,28/10/2016,15 AÑOS,28/10/2031,OCT,2031,SI,VIGENTE,"AEROPUERTO INTERNACIONAL DE LOS MOCHIS, SINALOA",,,,,,
SP 1544,AERÓDROMO,CES,LA CIENEGA,DURANGO,SANTIAGO PAPASQUIARO,DIURNO,SERVICIO PARTICULAR,TERRESTRE,1-A,COMUNIDAD RINCÓN DE HUAJUPA,NO DISPONIBLE,WGS 84,24,51,45.00,106,36,10.00,NO APLICA,NO APLICA,,,,26/04/2006,180 DÍAS,26/10/2006,OCT,2006,NO,INOPERATIVO,"AEROPUERTO INTERNACIONAL DE DURANGO, DURANGO",,,,,,
HP 1545,HELIPUERTO,HOV,VILLA ANGELES I,CIUDAD DE MÉXICO,ALVARO OBREGON,DIURNO,SERVICIO PARTICULAR,ELEVADO,H-1,OLEGARIO VAZQUEZ RAÑA,"2,392.00",WGS 84,19,18,52.70,99,12,20.09,,,,,,13/12/2018,15 AÑOS,13/12/2033,DIC,2033,SI,VIGENTE ,"AEROPUERTO INTERNACIONAL DE LA CIUDAD DE MEXICO, CIUDAD DE MEXICO",,,,,,
SP 1546,AERÓDROMO,SAN,SAN ANTÓNIO,SINALOA,CULIACAN,DIURNO,SERVICIO PARTICULAR,TERRESTRE,1-A,MARIA DE JESÚS ACOSTA MORENO,32.00,WGS 84,24,57,44.00,107,38,31.00,10,28,550.00,20.00,TERRACERÍA,05/11/2014,15 AÑOS,05/11/2029,NOV,2029,SI,VIGENTE,"AEROPUERTO INTERNACIONAL DE CULIACAN, SINALOA",,,,,,
HP 1547,HELIPUERTO,HVO,VILLA ANGELES II,GUERRERO,ACAPULCO DE JUÁREZ,DIURNO,SERVICIO PARTICULAR,SUPERFICIE,H-1,CORPORACION AERO ANGELES S.A de C.V.,3.00,,16,49,56.87,99,51,51.59,,,,,,SIN AUTORIZACIÓN,,SIN AUTORIZACIÓN,ENE,2008,NO,INOPERATIVO,"AEROPUERTO INTERNACIONAL DE ACAPULCO, GUERRERO",,,,,,
SP 1548,AERÓDROMO,ABT,ALBATROS RESIDENCIAL AEREO,MORELOS,JOJUTLA,DIURNO,SERVICIO PARTICULAR,TERRESTRE,1-A,"ALBATROS RESIDENCIAL AÉREO, S.A. DE C.V.",970.00,WGS 84,18,35,30.70,99,15,37.70,1,19,743.00,23.00,ASFALTO / TERRACERIA,20/07/2018,15 AÑOS ,20/07/2033,JUL,2033,SI ,VIGENTE ,"AEROPUERTO INTERNACIONAL DE CUERNAVACA, MORELOS",,,,,,
HP 1549,HELIPUERTO,HFM,FIESTA AMERICANA,VERACRUZ,BOCA DEL RIO,DIURNO,SERVICIO PARTICULAR,ELEVADO,H-1,"COSTA DE ORO MOCAMBO, S. A. DE C.V..",7.00,WGS 84,19,8,58.00,96,5,40.00,,,,,,19/07/2017,15 AÑOS,19/07/2032,JUL,2032,SI,VIGENTE,"AEROPUERTO INTERNACIONAL DE VERACRUZ, VERACRUZ",,,,,,
SP 1550,AERÓDROMO,UGA,URSULO GALVAN,SONORA,EMPALME,DIURNO,SERVICIO PARTICULAR,TERRESTRE,2-A,SOC. DE PROD. RURAL DE R.L. SANTA INES.,48.00,,28,4,5.76,110,37,23.46,NO APLICA,NO APLICA,950.00,20.00,,05/04/2006,180 DÍAS,05/10/2006,OCT,2006,NO,INOPERATIVO,"AEROPUERTO INTERNACIONAL DE HERMOSILLO, SONORA",,,,,,
SP 1551,AERÓDROMO,BAJ,EL BAJÍO,DURANGO,SANTIAGO PAPASQUIARO,DIURNO,SERVICIO PARTICULAR,TERRESTRE,1-A,COMUNIDAD DE RINCÓN DE HUAJUPA.,NO DISPONIBLE,WGS 84,24,55,46.00,106,37,30.00,NO APLICA,NO APLICA,,,,03/05/2006,180 DÍAS,03/11/2006,NOV,2006,NO,INOPERATIVO,"AEROPUERTO INTERNACIONAL DE DURANGO, DURANGO",,,,,,
SP 1552,AERÓDROMO,TGS,TIGRE,SONORA,CAJEME,DIURNO,SERVICIO PARTICULAR,TERRESTRE,1-A,ERNESTO RAFAEL GUZMAN MENDOZA,29.00,NAD 27,27,24,15.20,109,57,46.20,18,36,500.00,15.00,TERRACERÍA,05/11/2018,15 AÑOS,05/11/2033,NOV,2033,SI,VIGENTE,"AEROPUERTO INTERNACIONAL DE CIUDAD OBREGON, SONORA",,,,,,
SP 1553,AERÓDROMO,ALQ,LAS CARTUCHERAS,CHIHUAHUA,NAMIQUIPA,DIURNO,SERVICIO PARTICULAR,TERRESTRE,1-A,"RANCHO LOS COLORADOS, S.P.R. DE R.L.","2,036.00",,29,8,34.80,107,6,22.30,NO APLICA,NO APLICA,300.00,20.00,TERRACERÍA,03/05/2007,180 DÍAS,03/11/2007,NOV,2007,NO,INOPERATIVO,"AEROPUERTO INTERNACIONAL DE CHIHUAHUA, CHIHUAHUA",,,,,,
SP 1554,AERÓDROMO,ALW,LOS OJUELOS,MORELOS,TEPOZTLAN,DIURNO,SERVICIO PARTICULAR,TERRESTRE,1-A,ING. ALEJANDRO VON WUTHENAU CATINELLI,"2,350.00",WGS 84,18,57,17.00,99,5,55.00,NO APLICA,NO APLICA,178.00,20.00,TERRACERÍA,19/08/2009,180 DÍAS,19/02/2010,FEB,2010,NO,INOPERATIVO,"AEROPUERTO INTERNACIONAL DE CUERNAVACA, MORELOS",,,,,,
SP 1555,AERÓDROMO,ZKA,ZACACOYUCA,GUERRERO,IGUALA DE LA INDEPENDENCIA,DIURNO,SERVICIO PARTICULAR,TERRESTRE,1-A,COMISION DE INFRAESTRUCTURA CARRETERA Y AEROPORTUARIA DEL GOBIERNO DEL ESTADO DE GUERRERO,865.00,NAD 27,18,16,10.00,99,30,40.00,9,27,"1,710.00",30.00,ASFALTO,09/11/2017,180 DÍAS,09/05/2018,MAY,2018,NO,EN TRAMITE,"AEROPUERTO INTERNACIONAL DE ACAPULCO, GUERRERO",,,,,,
HP 1556,BARCO-HELIPUERTO,HXG,MARIA GUADALUPE,SINALOA,MAZATLÁN,DIURNO,SERVICIO PARTICULAR,HELIPUERTO MIXTO,H-1,"PESQUERA MARBEA, S.A. DE C.V.",0.00,NO APLICA,NO APLICA,NO APLICA,NO APLICA,NO APLICA,NO APLICA,NO APLICA,,,,,,03/09/2020,15 AÑOS,03/09/2030,SEP,2030,SI,VIGENTE,"AEROPUERTO INTERNACIONAL DE MAZATLAN, SINALOA",,,,,,
HP 1557,HELIPUERTO,HXY,HOSPITAL GENERAL DE VERACRUZ,VERACRUZ,VERACRUZ,DIURNO,SERVICIO PARTICULAR,ELEVADO,H-1,GOBIERNO DEL ESTADO DE VERACRUZ,30.00,NAD 27,19,11,5.10,96,7,52.80,,,,,,13/10/2006,180 DÍAS,13/04/2007,ABR,2007,NO,INOPERATIVO,"AEROPUERTO INTERNACIONAL DE VERACRUZ, VERACRUZ",,,,,,
SP 1558,AERÓDROMO,RMZ, LA MEZQUITOSA,COAHUILA,JUÁREZ,DIURNO,SERVICIO PARTICULAR,TERRESTRE,1-A,HUGO ROLANDO LEAL GARZA,269.00,WGS 84,27,39,10.40,100,31,51.30,18,36,940,60,TERRACERÍA Y PASTO,24/05/2019,180 DIAS ,24/11/2019,NOV,2019,NO,INOPERATIVO,"AEROPUERTO INTERNACIONAL DE MONCLOVA, COAHUILA",,,,,,
SP 1559,AERÓDROMO,RTO,EL RETOÑO,TAMAULIPAS,SOTO LA MARINA,DIURNO,SERVICIO PARTICULAR,TERRESTRE,1-A,"GRUPO AGRO INDUSTRIAL ARIAS, S.A. DE C.V.",264.00,WSG 84,23,41,28.00,98,22,17.00,NO APLICA,NO APLICA,885.00,20.00,TERRACERÍA,23/03/2012,180 DÍAS,23/09/2012,SEP,2012,NO,INOPERATIVO,"AEROPUERTO DE CIUDAD VICTORIA, TAMAULIPAS",,,,,,
SP 1560,AERÓDROMO,MST,MESA TORTUGAS,DURANGO,OTAEZ,DIURNO,SERVICIO PARTICULAR Y A TERCEROS,TERRESTRE,3-C,"MINERA SISA,S.A. DE C.V.","1,883.00",,24,44,26.30,106,10,0.68,NO APLICA,NO APLICA,,,,04/06/2021,15 AÑOS ,04/06/2036,JUN,2036,SI ,VIGENTE,"AEROPUERTO INTERNACIONAL DE DURANGO, DURANGO",,,,,,
HP 1561,HELIPUERTO,HGH,HOSPITAL ANGELES DEL CARMEN,JALISCO,GUADALAJARA,DIURNO,SERVICIO PARTICULAR,ELEVADO,H-1,HOSPITAL ANGELS DEL CARMEN,"1,605.00",WGS 84,20,40,51.23,103,23,56.22,,,,,,27/07/2006,5 AÑOS,27/07/2011,JUL,2011,NO,INOPERATIVO,"AEROPUERTO INTERNACIONAL DE GUADALAJARA, JALISCO",,,,,,
HP 1562,HELIPUERTO,HGB,CUARTEL GENERAL,CHIAPAS,TUXTLA GUTIERREZ,DIURNO,SERVICIO PARTICULAR,SUPERFICIE,H-1,GOBIERNO DEL ESTADO DE CHIAPAS,700.00,WGS 84,16,44,89.00,93,4,40.00,,,,,,27/11/2006,5 AÑOS,27/11/2011,NOV,2011,NO,INOPERATIVO,"AEROPUERTO DE TUXTLA GUTIERREZ, CHIAPAS",,,,,,
HP 1563,HELIPUERTO,HHR,CAMINO REAL MÉXICO,CIUDAD DE MÉXICO,MIGUEL HIDALGO,DIURNO,SERVICIO PARTICULAR,ELEVADO,H-1,"HOTEL CAMINO REAL DE MÉXICO, S.A. DE C.V.","2,282.00",WGS 84,19,25,44.20,99,10,43.80,,,,,,05/10/2015,15 AÑOS,05/10/2030,OCT,2030,SI,VIGENTE,"AEROPUERTO INTERNACIONAL DE LA CIUDAD DE MEXICO, CIUDAD DE MEXICO",,,,,,
SP 1564,AERÓDROMO,CEC,CERROS COLORADOS,DURANGO,SAN PEDRO DEL GALLO,DIURNO,SERVICIO PARTICULAR,TERRESTRE,2-B,JESUS HERNÁNDEZ BARRERA,"1,790.00",WGS 84,25,47,26.00,104,20,0.00,14,32,,,,30/06/2005,180 DÍAS,30/12/2005,DIC,2005,NO,INOPERATIVO,"AEROPUERTO INTERNACIONAL DE DURANGO, DURANGO",,,,,,
SP 1565,AERÓDROMO,LGE,LLANO GRANDE,DURANGO,MEZQUITAL,DIURNO,SERVICIO PARTICULAR,TERRESTRE,1-A,H. AYUNTAMIENTO DEL MEZQUITAL,"2,264.00",,22,51,49.00,104,31,27.00,NO APLICA,NO APLICA,,,,18/07/2005,180 DÍAS,18/01/2006,ENE,2006,NO,INOPERATIVO,"AEROPUERTO INTERNACIONAL DE DURANGO, DURANGO",,,,,,
SP 1566,AERÓDROMO,TAX,TAXICARINGA,DURANGO,MEZQUITAL,DIURNO,SERVICIO PARTICULAR,TERRESTRE,1-A,H. AYUNTAMIENTO DEL MEZQUITAL,"1,830.00",,23,14,0.00,104,45,0.00,NO APLICA,NO APLICA,,,,18/07/2005,180 DÍAS,18/01/2006,ENE,2006,NO,INOPERATIVO,"AEROPUERTO INTERNACIONAL DE DURANGO, DURANGO",,,,,,
SP 1567,AERÓDROMO,MZL,MEZQUITAL,DURANGO,MEZQUITAL,DIURNO,SERVICIO PARTICULAR,TERRESTRE,1-A,H. AYUNTAMIENTO DEL MEZQUITAL,NO DISPONIBLE,,23,38,7.00,104,23,27.00,NO APLICA,NO APLICA,,,,18/07/2005,180 DÍAS,13/01/2006,ENE,2006,NO,INOPERATIVO,"AEROPUERTO INTERNACIONAL DE DURANGO, DURANGO",,,,,,
SP 1568,AERÓDROMO,SXI,SAN PEDRO XICORAS,DURANGO,MEZQUITAL,DIURNO,SERVICIO PARTICULAR,TERRESTRE,1-A,H. AYUNTAMIENTO DEL MEZQUITAL,"1,100.00",,22,42,7.00,104,37,30.00,NO APLICA,NO APLICA,,,,07/01/2009,180 DÍAS,07/07/2009,JUL,2009,NO,INOPERATIVO,"AEROPUERTO INTERNACIONAL DE DURANGO, DURANGO",,,,,,
HP 1569,HELIPUERTO,HEG,EMPAQUES NOVEDOSOS,JALISCO,EL SALTO,DIURNO,SERVICIO PARTICULAR,SUPERFICIE,H-1,"EMPAQUES MODERNOS DE GUADALAJARA, S.A. DE C.V.","1,524.00",,20,32,16.30,103,15,37.40,,,,,,SIN AUTORIZACIÓN,,SIN AUTORIZACIÓN,ENE,2008,NO,INOPERATIVO,"AEROPUERTO INTERNACIONAL DE GUADALAJARA, JALISCO",,,,,,
SP 1570,AERÓDROMO,JGT,EL CUERVO,NUEVO LEÓN,ANAHUAC,DIURNO,SERVICIO PARTICULAR,TERRESTRE,2-A,EL RINCON DEL CUERVO S. A. DE C. V.,235.00,WGS 84,27,34,18.77,100,17,52.58,18,36,"1,400.00",18.00,TERRACERÍA,27/10/2016,15 AÑOS,27/10/2031,OCT,2031,SI,VIGENTE,"AEROPUERTO INTERNACIONAL DEL NORTE, NUEVO LEON",,,,,,
SP 1571,AERÓDROMO,LMS,LA MISERIA,SINALOA,CULIACAN,DIURNO,SERVICIO PARTICULAR,TERRESTRE,1-A,JOSÉ FELIPE PONCE DE LEÒN LÓPEZ,71.00,WGS 84,24,57,31.86,107,36,24.42,17,35,750.00,20.00,TERRACERÍA,09/06/2022,11 AÑOS,01/04/2033,ABR,2033,SI,VIGENTE,"AEROPUERTO INTERNACIONAL DE CULIACAN, SINALOA",,,,,,
HP 1572,HELIPUERTO,HRA,GLORIETA INSURGENTES 20 ANTES REFORMA 211-213,CIUDAD DE MÉXICO,CUAUHTÉMOC,DIURNO,SERVICIO PARTICULAR,SUPERFICIE,H-1,CORORATIVO REDONDEL S.A DE C.V.,"2,233.00",WGS 84,19,25,24.22,99,9,44.48,,,,,,SIN AUTORIZACIÓN,,SIN AUTORIZACIÓN,,2010,NO,INOPERATIVO,"AEROPUERTO INTERNACIONAL DE LA CIUDAD DE MEXICO, CIUDAD DE MEXICO",,,,,,
SP 1573,AERÓDROMO,LPN,LOS PINITOS,SINALOA,GUASAVE,DIURNO,SERVICIO PARTICULAR,TERRESTRE,1-A,JOSE MARIO CASTRO MENCHACA,25.00,WGS 84,25,39,53.10,108,30,47.64,8,26,900.00,10.00,TERRACERÍA,21/04/2016,7 AÑOS,01/04/2023,ABR,2023,NO,EN TRAMITE,"AEROPUERTO INTERNACIONAL DE LOS MOCHIS, SINALOA",,,,,,
SP 1574,AERÓDROMO,RDU,RANCHO DE LUNA,SINALOA,BADIRAGUATO,DIURNO,SERVICIO PARTICULAR,TERRESTRE,1-A,EJIDO POTRERO DE BEJARANO,"1,500.00",NAD 27,26,4,9.23,107,19,0.19,NO APLICA,NO APLICA,500.00,10.00,,19/02/2008,5 AÑOS,19/02/2013,FEB,2013,NO,INOPERATIVO,"AEROPUERTO INTERNACIONAL DE LOS MOCHIS, SINALOA",,,,,,
SP 1575,AERÓDROMO,MBQ,MUBARQUI,NUEVO LEÓN,MONTEMORELOS,DIURNO,SERVICIO PARTICULAR,TERRESTRE,1-A,RUBEN LEAL MUBARQUI,357.00,WGS 84,25,14,2702.00,99,45,13.10,18,36,700.00,12.00,TERRACERÍA,14/12/2011,180 DÍAS,14/06/2012,JUN,2012,NO,INOPERATIVO,"AEROPUERTO INTERNACIONAL DE MONTERREY, NUEVO LEON",,,,,,
HP 1576,HELIPUERTO,HWI,I.M.S.S.,CIUDAD DE MÉXICO,BENITO JUÁREZ,DIURNO,SERVICIO PARTICULAR,ELEVADO,H-1,INSTITUTO MEXICANO DEL SEGURO SOCIAL IMSS,NO DISPONIBLE,,19,25,23.90,99,10,26.28,,,,,,SIN AUTORIZACIÓN,,SIN AUTORIZACIÓN,ENE,2004,NO,INOPERATIVO,"AEROPUERTO INTERNACIONAL DE LA CIUDAD DE MEXICO, CIUDAD DE MEXICO",,,,,,
SP 1577,AERÓDROMO,DLA,RANCHO DE LAURO,CHIHUAHUA,GUADALUPE Y CALVO,DIURNO,SERVICIO PARTICULAR,TERRESTRE,1-A,EJIDO REDONDEADOS Y SUS ANEXOS.,"1,860.00",NAD 27,25,45,37.13,107,3,25.97,NO APLICA,NO APLICA,600.00,18.00,,29/09/2006,5 AÑOS,29/09/2011,SEP,2011,NO,INOPERATIVO,"AEROPUERTO INTERNACIONAL DE CHIHUAHUA, CHIHUAHUA",,,,,,
HP 1578,HELIPUERTO,HDD,HOSPITAL CIMA,CHIHUAHUA,CHIHUAHUA,DIURNO,SERVICIO PARTICULAR,ELEVADO,H-1,"SERVICIOS HOSPITALARIOS DE MÉXICO, S.A. DE C.V.","1,550.00",WGS 84,28,37,47.30,106,7,29.20,,,,,,12/03/2007,5 AÑOS,12/03/2012,MAR,2012,NO,INOPERATIVO,"AEROPUERTO INTERNACIONAL DE CHIHUAHUA, CHIHUAHUA",,,,,,
HP 1579,HELIPUERTO,HIF,INTERLOMAS MOTORS,ESTADO DE MEXICO,HUIXQUILUCAN,DIURNO,SERVICIO PARTICULAR,ELEVADO,H-1,INTERLOMAS MOTORS S.A. DE C.V.,"2,503.00",WGS 84,19,24,1.03,99,16,21.87,,,,,,26/03/2012,5 AÑOS,26/03/2017,MAR,2017,NO,EN TRAMITE,"AEROPUERTO INTERNACIONAL DE LA CIUDAD DE MEXICO, CIUDAD DE MEXICO",,,,,,
SP 1580,AERÓDROMO,LZB,LORENZOS DE BAJA,BAJA CALIFORNIA,ENSENADA,DIURNO,SERVICIO PARTICULAR,TERRESTRE,1-A,"LORENZOS DE BAJA, S.A. DE C.V.",5.00,WGS 84,30,29,22.20,115,58,40.10,10,28,700.00,12.00,TERRACERÍA,26/05/2017,15 AÑOS,26/05/2032,MAY,2032,SI,VIGENTE,"AEROPUERTO INTERNACIONAL DE TIJUANA, BAJA CALIFORNIA",,,,,,
HP 1581,HELIPUERTO,HHI,HOLIDAY INN EXPRESS PUEBLA,PUEBLA,PUEBLA,DIURNO,SERVICIO PARTICULAR,ELEVADO,H-1,HOLIDAY INN EXPRESS PUEBLA,"2,176.00",,19,3,30.00,98,13,11.38,,,,,,18/11/2011,180 DÍAS,18/05/2012,MAY,2012,NO,INOPERATIVO,"AEROPUERTO INTERNACIONAL ""HERMANOS SERDÁN"" DE HUEJOTZINGO, PUE.",,,,,,
HP 1582,HELIPUERTO,HVB,VILLA ANGELES,GUERRERO,ACAPULCO DE JUÁREZ,DIURNO,SERVICIO PARTICULAR,ELEVADO,H-1,MARIA DE LOS ANGELES ALDIR DARRIBA,12.00,WGS 84,16,49,55.25,99,51,51.92,,,,,,10/10/2019,15 AÑOS,10/10/2034,OCT,2034,SI,VIGENTE,"AEROPUERTO INTERNACIONAL DE ACAPULCO, GUERRERO",,,,,,
SP 1583,AERÓDROMO,AAT,ALISITOS DE OLIVAS,CHIHUAHUA,GUADALUPE Y CALVO,DIURNO,SERVICIO PARTICULAR,TERRESTRE,1-A,PRESIDENCIA SECCIONAL DE SAN SIMÓN.,"1,075.00",WGS 84,26,11,5.94,107,16,47.65,13,31,480.00,15.00,TERRACERÍA,01/06/2016,15 AÑOS,01/06/2031,JUN,2031,SI,VIGENTE,"AEROPUERTO INTERNACIONAL DE CHIHUAHUA, CHIHUAHUA",,,,,,
SP 1584,AERÓDROMO,ATO,TIGRITO,CHIHUAHUA,GUADALUPE Y CALVO,DIURNO,SERVICIO PARTICULAR,TERRESTRE,1-A,PRESIDENCIA SECCIONAL DE SAN SIMÓN.,"1,250.00",WGS 84,26,7,36.00,107,16,20.00,NO APLICA,NO APLICA,400.00,21.00,TERRACERÍA,04/12/2007,5 AÑOS,04/12/2012,DIC,2012,NO,INOPERATIVO,"AEROPUERTO INTERNACIONAL DE CHIHUAHUA, CHIHUAHUA",,,,,,
HP 1586,HELIPUERTO,HDR,DAMIAN CARMONA,SAN LUIS POTOSÍ,SAN LUIS POTOSI,DIURNO,SERVICIO PARTICULAR,SUPERFICIE,H-2,"PROCURADURIA GENERAL DE LA REPUBLICA, DELEGACIÓN ESTATAL DE SAN LUIS POTOSI, PGR",NO DISPONIBLE,NAD 27,22,6,35.02,100,57,10.57,,,,,,24/09/2007,180 DÍAS,24/03/2007,MAR,2007,NO,INOPERATIVO,"AEROPUERTO INTERNACIONAL DE TAMPICO, TAMAULIPAS",,,,,,
SP 1587,AERÓDROMO,CIM,LA CIENEGA,SINALOA,BADIRAGUATO,DIURNO,SERVICIO PARTICULAR,TERRESTRE,1-A,C. FEDERICO SERRANO ABITIA,NO DISPONIBLE,,25,46,5.09,107,25,3.05,NO APLICA,NO APLICA,500.00,20.00,,15/02/2007,180 DÍAS,15/08/2007,AGO,2007,NO,INOPERATIVO,"AEROPUERTO INTERNACIONAL DE MAZATLAN, SINALOA",,,,,,
SP 1588,AERÓDROMO,CDY,CADEREYTA,QUERETARO,CADEREYTA DE MONTES,DIURNO,SERVICIO PARTICULAR,TERRESTRE,1-A,C.P.A. PAVEL ARTURO LIMÓN ANAYA,"2,100.00",WSG 84,20,43,46.84,99,46,41.55,12,30,"1,200.00",12.00,TEPETATE COMPACTADO,19/12/2017,13 AÑOS,01/03/2030,MAR,2030,SI,VIGENTE,AEROPUERTO INTERCONTINENTAL DE QUERÉTARO.,,,,,,
HP 1589,HELIPUERTO,HTA,TORRE ACUARIO,CIUDAD DE MÉXICO,CUAJIMALPA,DIURNO,SERVICIO PARTICULAR,ELEVADO,H-1,"BTI ACUARIO MÉXICO, S. DE R. L. DE C.V.","2,559.00",WGS 84,19,21,51.70,99,15,39.40,,,,,,19/04/2016,15 AÑOS,16/04/2031,ABR,2031,SI,VIGENTE,"AEROPUERTO INTERNACIONAL DE LA CIUDAD DE MEXICO, CIUDAD DE MEXICO",,,,,,
SP 1590,AERÓDROMO,CNB,CIENEGA DE LOS BELTRÁN,DURANGO,TAMAZULA,DIURNO,SERVICIO PARTICULAR,TERRESTRE,1-A,C. LORENZO BELTRÁN CARRERA.,NO DISPONIBLE,,24,36,40.00,106,17,47.00,NO APLICA,NO APLICA,,,TERRACERÍA,19/02/2007,180 DÍAS,19/08/2007,AGO,2007,NO,INOPERATIVO,"AEROPUERTO INTERNACIONAL DE CULIACAN, SINALOA",,,,,,
HP 1591,HELIPUERTO,HHB,HOSPITAL ANGELES DE TIJUANA,BAJA CALIFORNIA,TIJUANA,DIURNO,SERVICIO PARTICULAR,ELEVADO,H-1,"HOSPITAL ANGELES DE TIJUANA, S.A.",35.00,WGS 84,32,31,5.00,117,0,30.00,,,,,,10/03/2006,5 AÑOS,10/03/2011,MAR,2011,NO,INOPERATIVO,"AEROPUERTO INTERNACIONAL DE TIJUANA, BAJA CALIFORNIA",,,,,,
SP 1592,AERÓDROMO,YTN,YUCATAN,BAJA CALIFORNIA,MEXICALI,DIURNO,SERVICIO PARTICULAR,TERRESTRE,1-A,HILDA GAETA CRUZ,15.00,WGS 84,32,36,50.00,115,5,0.00,8,26,700.00,17.00,TERRACERÍA,14/04/2016,15 AÑOS,14/04/2031,ABR,2031,SI,VIGENTE,"AEROPUERTO INTERNACIONAL DE MEXICALI, BAJA CALIFORNIA",,,,,,
HP 1593,HELIPUERTO,HIT,HSBC,CIUDAD DE MÉXICO,CUAUHTÉMOC,DIURNO,SERVICIO PARTICULAR,ELEVADO,H-1,"HSBC MÉXICO, S.A. INSTITUCIÓN DE BANCA MÚLTIPLE GRUPO FINANCIERO HSBC","2,390.00",WGS 84,19,25,40.01,99,10,6.70,,,,,,16/10/2014,15 AÑOS,16/10/2029,OCT,2029,SI,VIGENTE,"AEROPUERTO INTERNACIONAL DE LA CIUDAD DE MEXICO, CIUDAD DE MEXICO",,,,,,
HP 1594,HELIPUERTO,HTG,UNITEC GUADALAJARA,JALISCO,GUADALAJARA,DIURNO,SERVICIO PARTICULAR,SUPERFICIE,H-1,UNITEC,NO DISPONIBLE,,20,40,41.20,103,27,22.30,,,,,,SIN AUTORIZACIÓN,,SIN AUTORIZACIÓN,ENE,2005,NO,INOPERATIVO,"AEROPUERTO INTERNACIONAL DE GUADALAJARA, JALISCO",,,,,,
HP 1595,HELIPUERTO,HAY,UNITEC ACAPULCO,GUERRERO,ACAPULCO DE JUÁREZ,DIURNO,SERVICIO PARTICULAR,SUPERFICIE,H-1,UNITEC,52.00,,16,50,49.80,99,54,51.70,,,,,,SIN AUTORIZACIÓN,,SIN AUTORIZACIÓN,ENE,2005,NO,INOPERATIVO,"AEROPUERTO INTERNACIONAL DE ACAPULCO, GUERRERO",,,,,,
HP 1596,HELIPUERTO,HFC,PUNTA SANTA FE,CIUDAD DE MÉXICO,ALVARO OBREGON,DIURNO,SERVICIO PARTICULAR,ELEVADO,H-1,"CABI SANTA FÉ, S.A. DE C.V.","2,576.00",WGS 84,19,21,51.50,99,15,59.50,,,,,,09/02/2007,180 DÍAS,09/08/2007,AGO,2007,NO,INOPERATIVO,"AEROPUERTO INTERNACIONAL DE LA CIUDAD DE MEXICO, CIUDAD DE MEXICO",,,,,,
SP 1597,AERÓDROMO,CRR,EL CORRAL FALSO,SINALOA,SINALOA DE LEYVA,DIURNO,SERVICIO PARTICULAR,TERRESTRE,1-A,C. MIGUEL ANGEL BARRA LOPEZ,"1,450.00",WGS 84,25,50,55.80,107,37,18.18,NO APLICA,NO APLICA,600.00,18.00,,12/01/2006,180 DÍAS,12/07/2006,JUL,2006,NO,INOPERATIVO,"AEROPUERTO INTERNACIONAL DE CULIACAN, SINALOA",,,,,,
SP 1598,AERÓDROMO,AMV,GENERAL MIGUEL ALEMAN,VERACRUZ,COSAMALOAPAN,DIURNO,SERVICIO PARTICULAR,TERRESTRE,2-A,GOBIERNO DEL ESTADO DE VERACRUZ ,29.00,NAD 27,18,12,30.00,96,5,30.00,NO APLICA,NO APLICA,"1,207.30",28.00,ASFALTO,05/02/2008,180 DÍAS,05/08/2008,DIC,2010,NO,EN TRAMITE,"AEROPUERTO INTERNACIONAL DE VERACRUZ, VERACRUZ",,,,,,
SP 1599,AERÓDROMO,MSC,MAZFLY S.C.,SINALOA,MAZATLÁN,DIURNO,SERVICIO PARTICULAR,TERRESTRE,1-A,MAZFLY S.C.,18.00,WGS 84,23,15,18.81,106,12,53.98,15,33,600.00,12.00,TERRACERÍA,10/05/2019,15 AÑOS ,10/05/2034,MAY,2034,SI,VIGENTE,"AEROPUERTO INTERNACIONAL DE MAZATLAN, SINALOA",,,,,,
HP 1600,HELIPUERTO,HAE,ANGELES ESPINOSA YGLESIAS,PUEBLA,ZACATLAN,DIURNO,SERVICIO PARTICULAR,SUPERFICIE,H-1,C. ANGELES ESPINOSA YGLESIAS,"2,604.00",WGS 84,19,57,21.00,98,3,48.00,,,,,,27/12/2005,180 DÍAS,27/06/2006,JUN,2006,NO,INOPERATIVO,"AEROPUERTO INTERNACIONAL ""HERMANOS SERDÁN"" DE HUEJOTZINGO, PUE.",,,,,,
SP 1601,AERÓDROMO,LGG,LA CIENEGA DEL OJITO,SINALOA,BADIRAGUATO,DIURNO,SERVICIO PARTICULAR,TERRESTRE,1-A,EJIDO POTRERO DE BEJARANO,"1,200.00",NAD 27,26,2,3.64,107,22,2.34,NO APLICA,NO APLICA,400.00,14.00,TERRACERÍA,19/02/2008,5 AÑOS,19/02/2013,FEB,2013,NO,INOPERATIVO,"AEROPUERTO INTERNACIONAL DE LOS MOCHIS, SINALOA",,,,,,
HP 1602,HELIPUERTO,HHS,HOSPITAL SAN JOSÉ,JALISCO,ZAPOPAN,DIURNO,SERVICIO PARTICULAR,ELEVADO,H-1,"GRUPO JIMALTA, S. DE R.L. DE C.V.","1,644.00",WGS 84,20,40,21.00,103,24,33.00,,,,,,02/10/2020,15 AÑOS,02/10/2035,OCT,2035,SI,VIGENTE,"AEROPUERTO INTERNACIONAL DE GUADALAJARA, JALISCO",,,,,,
HP 1603,HELIPUERTO,,TORO VIEJO,JALISCO,ZAPOPAN,DIURNO,SERVICIO PARTICULAR,SUPERFICIE,H-1,C. GUILLERMO AGUIRRE MEZA,"1,617.00",NAD 27,20,45,9.00,103,25,36.40,,,,,,23/01/2006,180 DÍAS,23/07/2006,JUL,2006,NO,INOPERATIVO,"AEROPUERTO INTERNACIONAL DE GUADALAJARA, JALISCO",,,,,,
HP 1604,HELIPUERTO,HMB,TORRE BANORTE,CIUDAD DE MÉXICO,CUAJIMALPA,DIURNO Y NOCTURNO,SERVICIO PARTICULAR Y A TERCEROS,ELEVADO,H-1,"BANCO MERCANTIL DEL NORTE, S.A., INSTITUCIÓN DE BANCA MÚLTIPLE GRUPO FINANCIERO BANORTE","2,728.90",WGS 84,19,21,28.92,99,16,27.92,,,,,,15/09/2014,15 AÑOS,15/09/2029,SEP,2029,SI,VIGENTE,"AEROPUERTO INTERNACIONAL DE LA CIUDAD DE MEXICO, CIUDAD DE MEXICO",,,,,,
HP 1605,HELIPUERTO,HIY,TLATELOLCO II,CIUDAD DE MÉXICO,CUAUHTÉMOC,DIURNO,SERVICIO PARTICULAR,ELEVADO,H-1,SECRETARÍA DE RELACIONES EXTERIORES SER,"2,350.00",WGS 84,19,25,58.71,99,8,38.08,,,,,,12/08/2013,13 AÑOS,12/08/2026,AGO,2026,SI,VIGENTE,"AEROPUERTO INTERNACIONAL DE LA CIUDAD DE MEXICO, CIUDAD DE MEXICO",,,,,,
HP 1606,HELIPUERTO,HAQ,TRIANGULO LAS ANIMAS,PUEBLA,PUEBLA,DIURNO,SERVICIO PARTICULAR Y A TERCEROS,SUPERFICIE,H-1,"PROYECTOS NUEVO SIGLO, S.A. DE C.V.","2,185.60",WGS 84,19,2,35.46,98,14,3.12,,,,,,18/07/2014,15 AÑOS,18/07/2029,JUL,2029,SI,VIGENTE,"AEROPUERTO INTERNACIONAL ""HERMANOS SERDÁN"" DE HUEJOTZINGO, PUE.",,,,,,
HP 1607,HELIPUERTO,HBI,VGI HELIPUERTO,GUANAJUATO,LEÓN,DIURNO,SERVICIO PARTICULAR,SUPERFICIE,H-1,"INMUEBLES INTEGRALES DEL BAJÍO, S.A. DE C.V.","1,821.00",NAD 27,21,7,24.60,101,37,46.40,,,,,,11/08/2006,180 DÍAS,11/02/2007,FEB,2007,NO,INOPERATIVO,"AEROPUERTO INTERNACIONAL DE GUANAJUATO, GUANAJUATO",,,,,,
HT 1608,HELIPUERTO,HDH,HERMOD,CAMPECHE,CIUDAD DEL CARMEN,DIURNO,SERVICIO PARTICULAR,SUPERFICIE,H-1,"HEREMA SHIPPING HOLDING, B.V.",20.00,NAD 27,18,55,38.00,92,40,18.00,,,,,,31/01/2006,180 DÍAS,31/07/2006,JUL,2006,NO,INOPERATIVO,"AEROPUERTO INTERNACIONAL DE CIUDAD DEL CARMEN, CAMPECHE",,,,,,
HP 1609,HELIPUERTO,HXS,SCORPIO,BAJA CALIFORNIA,MEXICALI,DIURNO,SERVICIO PARTICULAR,ELEVADO,H-1,PODER EJECUTIVO DEL GOBIERNO DEL ESTADO DE BAJA CALIFORNIA,0.00,,32,38,39.90,115,28.00,18.70,,,,,,SIN AUTORIZACIÓN,,SIN AUTORIZACIÓN,ENE,2006,NO,INOPERATIVO,"AEROPUERTO INTERNACIONAL DE MEXICALI, BAJA CALIFORNIA",,,,,,
SP 1610,AERÓDROMO,SFO,SAN FRANCISCO,CHIHUAHUA,GUADALUPE Y CALVO,DIURNO,SERVICIO PARTICULAR,TERRESTRE,1-A,HERMINIO SALGUEIRO NAVARRETE,"1,407.00",WGS 84,25,56,32.71,107,8,34.74,4,22,,,TERRACERÍA,31/07/2018,15 AÑOS,15/07/2033,JUL,2033,SI ,VIGENTE ,"AEROPUERTO INTERNACIONAL DE CHIHUAHUA, CHIHUAHUA",,,,,,
HP 1611,HELIPUERTO,HXR,SENADO DE LA REPUBLICA,CIUDAD DE MÉXICO,CUAUHTÉMOC,DIURNO,SERVICIO PARTICULAR,ELEVADO,H-2,SENADO DE LA REPUBLICA,"2,362.00",,19,26,11.86,99,8,56.18,,,,,,PROYECTO,,SIN AUTORIZACIÓN,OCT,2006,NO,INOPERATIVO,"AEROPUERTO INTERNACIONAL DE LA CIUDAD DE MEXICO, CIUDAD DE MEXICO",,,,,,
SP 1612,AERÓDROMO,BHA,BAHÍA,SONORA,CABORCA,DIURNO,SERVICIO PARTICULAR,TERRESTRE,1-A,GUILLERMO BLAND ANGULO,NO DISPONIBLE,,30,36,8.00,112,58,58.30,NO APLICA,NO APLICA,,,TERRACERÍA,SIN AUTORIZACIÓN,,SIN AUTORIZACIÓN,ENE,2005,NO,INOPERATIVO,"AEROPUERTO INTERNACIONAL DE NOGALES, SONORA",,,,,,
SP 1613,AERÓDROMO,VAS,LAS VARAS,NAYARIT,COMPOSTELA,DIURNO,SERVICIO PARTICULAR,TERRESTRE,1-A,C. ABRAHAM TORRES VERDUZCO,17.00,WGS 84,21,11,22.41,105,8,59.36,6,24,500.00,8.00,TERRACERÍA,03/08/2015,15 AÑOS,03/08/2030,AGO,2030,SI,VIGENTE,"AEROPUERTO DE TEPIC, NAYARIT",,,,,,
SP 1614,AERÓDROMO,PTO,EL PUERTO,CHIHUAHUA,GUADALUPE Y CALVO,DIURNO,SERVICIO PARTICULAR,TERRESTRE,1-A,GUILLERMO SALGUEIRO NEVAREZ,NO DISPONIBLE,WGS 84,25,56,2.71,107,9,4.16,NO APLICA,NO APLICA,,,TERRACERÍA,SIN AUTORIZACIÓN,,SIN AUTORIZACIÓN,NOV,2006,NO,INOPERATIVO,"AEROPUERTO INTERNACIONAL DE CHIHUAHUA, CHIHUAHUA",,,,,,
SP 1615,AERÓDROMO ACUÁTICO,PDZ,PAREDES,SONORA,PUERTO PEÑASCO,DIURNO,SERVICIO PARTICULAR,ACUATICO,1-A,CAP. P.A. OSCAR PAREDES MORENO,0.00,WGS 84,31,18,39.60,113,33,8.40,NO APLICA,NO APLICA,800.00,20.00,AGUA,12/12/2007,90 DÍAS,12/03/2008,MAR,2008,NO,INOPERATIVO,"AEROPUERTO INTERNACIONAL DEL MAR DE CORTES, SONORA",,,,,,
HP 1616,HELIPUERTO,HNF,COMISIÓN NACIONAL DEL AGUA,CIUDAD DE MÉXICO,COYOACÁN,DIURNO,SERVICIO PARTICULAR,ELEVADO,H-1,COMISIÓN NACIONAL DEL AGUA CNA,"2,323.60",WGS 84,19,20,14.76,99,11,22.62,,,,,,29/01/2014,30 AÑOS,29/01/2044,MAR,2044,SI,VIGENTE,"AEROPUERTO INTERNACIONAL DE LA CIUDAD DE MEXICO, CIUDAD DE MEXICO",,,,,,
SP 1617,AERÓDROMO,BHK,BAHIA KINO,SONORA,HERMOSILLO,DIURNO,SERVICIO PARTICULAR,TERRESTRE,1-A,GOBIERNO DEL ESTADO DE SONORA,NO DISPONIBLE,,28,52,0.00,112,0,0.00,NO APLICA,NO APLICA,1200,30,TERRACERÍA,SIN AUTORIZACIÓN,,SIN AUTORIZACIÓN,,,NO,INOPERATIVO,"AEROPUERTO INTERNACIONAL DE HERMOSILLO, SONORA",,,,,,
SP 1618,AERÓDROMO,CMM,CEMETAM,TAMAULIPAS,GÜEMES,DIURNO,SERVICIO PARTICULAR,TERRESTRE,1-A,COMITÉ ESTATAL DE SANIDAD VEGETAL DE TAMAULIPAS,80.00,WGS 84,22,56,12.10,99,6,6.30,NO APLICA,NO APLICA,800.00,15.00,TERRACERÍA,27/09/2007,5 AÑOS,27/09/2012,SEP,2012,NO,INOPERATIVO,"AEROPUERTO DE CIUDAD VICTORIA, TAMAULIPAS",,,,,,
SP 1619,AERÓDROMO,STN,SANTO NIÑO,CHIHUAHUA,ROSALES,DIURNO,SERVICIO PARTICULAR,TERRESTRE,1-A,C. ROSALIO ORTEGA RUEDA.,"1,166.00",NAD 27,28,15,49.40,105,31,49.30,NO APLICA,NO APLICA,600.00,15.00,,25/04/2006,180 DÍAS,25/10/2006,OCT,2006,NO,INOPERATIVO,"AEROPUERTO INTERNACIONAL DE CHIHUAHUA, CHIHUAHUA",,,,,,
SP 1620,AERÓDROMO,SGL,SAN GABRIEL ,SINALOA,SINALOA DE LEYVA,DIURNO,SERVICIO PARTICULAR,TERRESTRE,1-A,C. MARIA DE LA PAZ MORALES ÁLVAREZ,NO DISPONIBLE,,23,43,10.00,106,43.00,0.00,NO APLICA,NO APLICA,,,TERRACERÍA,SIN AUTORIZACIÓN,,SIN AUTORIZACIÓN,SEP,2010,NO,INOPERATIVO,"AEROPUERTO INTERNACIONAL DE LOS MOCHIS, SINALOA",,,,,,
SP 1621,AERÓDROMO,COJ,COSTA ALEGRE,JALISCO,TOMATLÁN,DIURNO,SERVICIO PARTICULAR,TERRESTRE,3-B,GOBIERNO DEL ESTADO DEL ESTADO DE JALISCO,14.00,WGS 84,19,43,8.00,105,13,57.73,14,32,"1,800.00",45.00,ASFALTO, ,180 DÍAS,07/07/2013,JUL,2013,NO,INOPERATIVO,"AEROPUERTO INTERNACIONAL DE PUERTO VALLARTA, JALISCO",,,,,,
SP 1622,AERÓDROMO,MDN,MESA DEL HURACÁN,CHIHUAHUA,MADERA,DIURNO,SERVICIO PARTICULAR,TERRESTRE,1-A,JOSÉ ALFREDO VÁZQUEZ FERNÁNDEZ,NO DISPONIBLE,,29,40,71.00,108,15,0.00,NO APLICA,NO APLICA,,,TERRACERÍA,SIN AUTORIZACIÓN,,SIN AUTORIZACIÓN,ENE,2006,NO,INOPERATIVO,"AEROPUERTO INTERNACIONAL DE CHIHUAHUA, CHIHUAHUA",,,,,,
SP 1623,AERÓDROMO,PAW,PISTA AÉREA TON,BAJA CALIFORNIA SUR,COMONDÚ,DIURNO,SERVICIO PARTICULAR,TERRESTRE,1-C,C. JOSE ALONSO DÍAZ LÓPEZ,27.00,WGS 84,25,27,24.00,111,53,53.00,NO APLICA,NO APLICA,700.00,30.00,TERRACERÍA,29/07/2009,180 DÍAS,29/01/2010,ENE,2010,NO,INOPERATIVO,"AEROPUERTO INTERNACIONAL DE LA PAZ, BAJA CALIFORNIA SUR",,,,,,
SP 1624,AERÓDROMO,LNL,AEROFUMIGACIONES LA NANCHI,SINALOA,CULIACAN,DIURNO,SERVICIO PARTICULAR,TERRESTRE,1-A,C. JOEL MARTÍN LEYVA CERVANTES,65.00,WGS 84,24,56,20.70,107,20,21.70,NO APLICA,NO APLICA,700.00,10.00,TERRACERÍA,04/03/2015,15 AÑOS,04/03/2030,MAR,2030,SI,VIGENTE,"AEROPUERTO INTERNACIONAL DE CULIACAN, SINALOA",,,,,,
HP 1625,HELIPUERTO,HBT,ANGELES DE TORREÓN,COAHUILA,TORREON,DIURNO,SERVICIO PARTICULAR,ELEVADO,H-1,"HOSPITAL ANGELES, S.A. DE C.V.","1,124.10",WGS 84,25,31,1.10,103,23,42.94,,,,,,06/06/2007,5 AÑOS,06/06/2012,JUN,2012,NO,INOPERATIVO,"AEROPUERTO INTERNACIONAL DE TORREON, COAHUILA",,,,,,
HP 1626,HELIPUERTO,HCL,TORRE CHIAPAS,CHIAPAS,TUXTLA GUTIERREZ,DIURNO,SERVICIO PARTICULAR,ELEVADO,H-1,GOBIERNO DEL ESTADO DE CHIAPAS ,507.00,WGS 84,16,45,17.30,93,4,51.50,,,,,,05/09/2025,180 DÍAS,05/03/2026,MAR,2026,NO,EN TRAMITE,"AEROPUERTO INTERNACIONAL DE TUXTLA GUTIERREZ, CHIAPAS",,,,,,
HP 1627,BARCO-HELIPUERTO,HJI,JEANNINE,BAJA CALIFORNIA,ENSENADA,DIURNO,SERVICIO PARTICULAR,HELIPUERTO MIXTO,H-1,"BAJA AQUA FARMS, S.A. DE C.V.",0.00,NO APLICA,NO APLICA,NO APLICA,NO APLICA,NO APLICA,NO APLICA,NO APLICA,NO APLICA,NO APLICA,,,,23/05/2006,180 DÍAS,23/11/2006,NOV,2006,NO,INOPERATIVO,"AEROPUERTO INTERNACIONAL DE ENSENADA, BAJA CALIFORNIA",,,,,,
SP 1628,AERÓDROMO,DDD,GANADERIA 21 DE ENERO,TAMAULIPAS,VILLAGRÁN,DIURNO,SERVICIO PARTICULAR,TERRESTRE,1-A,"GANADERÍA 21 DE ENERO, S.A. DE C.V.",323.00,WGS 84,24,41,3.90,99,24,3.90,22,4,950.00,32.00,TERRACERÍA,02/06/2015,15 AÑOS,02/06/2030,JUN,2030,SI,VIGENTE,"AEROPUERTO INTERNACIONAL DEL NORTE, NUEVO LEON",,,,,,
SP 1629,AERÓDROMO,AGY,EL GUAYABO,SINALOA,BADIRAGUATO,DIURNO,SERVICIO PARTICULAR,TERRESTRE,1-C,C. ABEL CASTAÑEDA BURGOS.,"1,215.00",,25,49,16.30,107,16,22.22,NO APLICA,NO APLICA,420.00,30.00,,21/02/2007,180 DÍAS,21/08/2007,AGO,2007,NO,INOPERATIVO,"AEROPUERTO INTERNACIONAL DE CULIACAN, SINALOA",,,,,,
SP 1630,AERÓDROMO,YLK,YALCOK,CHIAPAS,MARGARITAS,DIURNO,SERVICIO PARTICULAR,TERRESTRE,1-A,"SERVICIOS AEREOS SAN CRISTOBAL, S. A. DE C. V.","1,578.00",WGS 84,16,20,40.76,91,59,40.62,NO APLICA,NO APLICA,920.00,18.00,TERRACERÍA,27/11/2014,180 DÍAS,27/05/2015,MAY,2015,NO,INOPERATIVO,AEROPUERTO INTERNACIONAL DE  TUXTLA GUTIERREZ CHIAPAS,,,,,,
HP 1631,HELIPUERTO,HVS,VARIEDADES,VERACRUZ,XALAPA,DIURNO,SERVICIO PARTICULAR,ELEVADO,H-1,"SELFI GRUPO OPERADOR DE ESTACIONAMIENTOS, S.A. DE C.V.","1,390.00",WGS 84,19,31,35.70,96,55,19.60,,,,,,SIN AUTORIZACIÓN,,SIN AUTORIZACIÓN,ENE,2006,NO,INOPERATIVO,"AEROPUERTO INTERNACIONAL DE VERACRUZ, VERACRUZ",,,,,,
HP 1632,HELIPUERTO,HVG,CASA MARLIN,GUERRERO,ACAPULCO DE JUÁREZ,DIURNO,SERVICIO PARTICULAR,ELEVADO,H-1,FRACCIONAMIENTO EL FRAILE S.A. DE C.V.,40.00,WGS 84,16,48,32.36,99,50,24.90,,,,,,30/04/2010,180 DÍAS,30/10/2010,OCT,2010,NO,INOPERATIVO,"AEROPUERTO INTERNACIONAL DE ACAPULCO, GUERRERO",,,,,,
SP 1633,AERÓDROMO,CUC,CONSTITUCIONALISTA,COAHUILA,CUATRO CIENEGAS DE CARRANZA,DIURNO,SERVICIO PARTICULAR Y A TERCEROS,TERRESTRE,2-A,"ADMINISTRADORA COAHUILENSE DE INFRAESTRUCTURA Y TRANSPORTE AÉREO, S.A. DE C.V.",733.00,WGS 84,26,59,25.00,102,1,58.40,7,25,"1,200.00",20.00,ASFALTO,14/10/2025,180 DÍAS,14/04/2026,ABR,2026,NO,EN TRAMITE DE UN PERMISO DE SERV. PARTICULAR Y A TERCEROS,"AEROPUERTO INTERNACIONAL DE MONCLOVA, COAHUILA",,,,,,
HP 1634,BARCO-HELIPUERTO,HQL,CLIPPERTON,SINALOA,MAZATLÁN,DIURNO,SERVICIO PARTICULAR,HELIPUERTO MIXTO,H-1,"PESCA AZTECA, S.A. DE C.V.",0.00,NO APLICA,NO APLICA,NO APLICA,NO APLICA,NO APLICA,NO APLICA,NO APLICA,NO APLICA,NO APLICA,,,,18/04/2018,15 AÑOS ,18/04/2033,ABR,2033,SI,VIGENTE,"AEROPUERTO INTERNACIONAL DE MAZATLAN, SINALOA",,,,,,
SP 1635,AERÓDROMO,RMN,ROGMAN,SONORA,SAN LUIS RIO COLORADO,DIURNO,SERVICIO PARTICULAR,TERRESTRE,1-A,S.P.R. DE R.L. RICHARD'S DE SONORA,NO DISPONIBLE,WGS 84,32,9,23.40,114,58,51.00,NO APLICA,NO APLICA,,,TERRACERÍA,SIN AUTORIZACIÓN,,SIN AUTORIZACIÓN,ENE,2006,NO,INOPERATIVO,"AEROPUERTO INTERNACIONAL DE MEXICALI, BAJA CALIFORNIA",,,,,,
HP 1636,HELIPUERTO,HGF,"HOSPITAL GENERAL DE 120 CAMAS
(Proyecto)",CIUDAD DE MÉXICO,ALVARO OBREGON,DIURNO,SERVICIO PARTICULAR,ELEVADO,H-1,"SECRETARÍA DE SALUD, GOBIERNO DEL DISTRITO FEDERAL","2,371.00",WGS 84,19,21,33.71,99,13,19.99,,,,,,PROYECTO,,SIN AUTORIZACIÓN,ENE,2006,NO,INOPERATIVO,"AEROPUERTO INTERNACIONAL DE LA CIUDAD DE MEXICO, CIUDAD DE MEXICO",,,,,,
SP 1637,AERÓDROMO,AMT,AERO CLUB MANITOBA,CHIHUAHUA,CUAUHTÉMOC,DIURNO,SERVICIO PARTICULAR,TERRESTRE,1-A,AERO CLUB MATITOVA S.A DE C.V.,"1,990.00",WGS 84,28,39,21.00,106,54,32.00,9,27,"1,680.00",15.00,ASFALTO,16/01/2018,15 AÑOS,16/01/2032,ENE,2032,SI,VIGENTE,"AEROPUERTO INTERNACIONAL DE CHIHUAHUA, CHIHUAHUA",,,,,,
HP 1638,HELIPUERTO,HZO,HOSPITAL CRISTUS MUGUERZA,NUEVO LEÓN,MONTERREY,DIURNO,SERVICIO PARTICULAR,ELEVADO,H-1,"HOSPITAL CHRISTUS MUGUERZA MONTERREY, S.A. DE C.V.",NO DISPONIBLE,WGS 84,25,35,11.94,100,15,20.57,,,,,,SIN AUTORIZACIÓN,,SIN AUTORIZACIÓN,ENE,2006,NO,INOPERATIVO,"AEROPUERTO INTERNACIONAL DEL NORTE, NUEVO LEON",,,,,,
SP 1639,AERÓDROMO,ALK,LA PAZ SKY PARK,BAJA CALIFORNIA SUR,LA PAZ,DIURNO,SERVICIO PARTICULAR,TERRESTRE,1-A,C. GONZALO GUADALUPE THEUREL CARRILLO,55.00,WGS 84,24,9,59.00,110,34,9.99,NO APLICA,NO APLICA,"1,200.00",30.00,TERRACERÍA,16/01/2012,180 DÍAS,16/07/2012,JUL,2012,NO,INOPERATIVO,"AEROPUERTO INTERNACIONAL DE LA PAZ, BAJA CALIFORNIA SUR",,,,,,
HP 1640,HELIPUERTO,HZR,LIC. ADOLFO RUIZ CORTINEZ,VERACRUZ,BOCA DEL RIO,DIURNO,SERVICIO PARTICULAR,SUPERFICIE,H-1,GOBIERNO DEL ESTADO DE VERACRUZ,6.00,WGS 84,19,8,56.00,96,6,28.00,,,,,,SIN AUTORIZACIÓN,,SIN AUTORIZACIÓN,MAR,2006,NO,INOPERATIVO,"AEROPUERTO INTERNACIONAL DE VERACRUZ, VERACRUZ",,,,,,
SP 1641,AERÓDROMO,SPY,SAN PEDRO,TAMAULIPAS,ANTIGUO MORELOS,DIURNO,SERVICIO PARTICULAR,TERRESTRE,1-A,BIOL. JOSE ANTONIO RÍOS GRANADOS,294.00,,22,39,9.00,99,10,31.00,NO APLICA,NO APLICA,700.00,30.00,,07/02/2007,5 AÑOS,07/02/2012,FEB,2012,NO,INOPERATIVO,"AEROPUERTO INTERNACIONAL DE TAMPICO, TAMAULIPAS",,,,,,
SP 1642,AERÓDROMO,RRZ,RANCHO CORRALES,CHIHUAHUA,CASAS GRANDES,DIURNO,SERVICIO PARTICULAR,TERRESTRE,1-C,C. JESÚS MANUEL ALVAREZ ROSALES,"1,941.00",NAD 27,30,3,43.00,108,20,39.00,NO APLICA,NO APLICA,800.00,25.00,,26/06/2007,180 DÍAS,26/12/2007,DIC,2007,NO,INOPERATIVO,"AEROPUERTO INTERNACIONAL DE CIUDAD JUAREZ, CHIHUAHUA",,,,,,
SP 1643,AERÓDROMO,SDL,SAN JOSÉ DE LOS LEONES,TAMAULIPAS,SOTO LA MARINA,DIURNO,SERVICIO PARTICULAR,TERRESTRE,1-A,LIC. ADRIÁN JOSÉ BENAVIDES.,7.00,WGS 84,24,16,18.77,97,47,23.75,16,34,910.00,20.00,TERRACERÍA,03/11/2017,15 AÑOS,03/11/2032,DIC,2032,SI,VIGENTE,"AEROPUERTO INTERNACIONAL DE CD. VICTORIA, TAMAULIPAS",,,,,,
SP 1644,AERÓDROMO,AEJ,EL JEFE,TAMAULIPAS,LLERA,DIURNO,SERVICIO PARTICULAR,TERRESTRE,2-B,LIC. ADRIÁN JOSÉ BENAVIDES,181.00,WGS 84,23,12,55.90,98,50,34.10,NO APLICA,NO APLICA,"1,100.00",40.00,TERRACERÍA,21/02/2007,180 DÍAS,21/08/2007,AGO,2007,NO,INOPERATIVO,"AEROPUERTO INTERNACIONAL DE TAMPICO, TAMAULIPAS",,,,,,
SP 1645,AERÓDROMO,APT,AEROPISTA DEPORTIVA TAPALPA,JALISCO,AMACUECA,DIURNO,SERVICIO PARTICULAR,TERRESTRE,1-A,JUAN FELIPE KAM PARTIDA,NO DISPONIBLE,,19,56,50.00,103,39,25.00,NO APLICA,NO APLICA,,,TERRACERÍA,SIN AUTORIZACIÓN,,SIN AUTORIZACIÓN,ENE,2006,NO,INOPERATIVO,"AEROPUERTO INTERNACIONAL DE GUADALAJARA, JALISCO",,,,,,
HP 1646,HELIPUERTO,HOY,HOTEL CENTRO HISTÓRICO,CIUDAD DE MÉXICO,CUAUHTÉMOC,DIURNO,SERVICIO PARTICULAR,ELEVADO,H-1,"HOTEL CENTRO HISTÓRICO, S. DE R.L. DE C.V.","2,300.00",NAD 27,19,26,3.90,99,8,47.45,,,,,,07/12/2006,5 AÑOS,07/12/2011,DIC,2011,NO,INOPERATIVO,"AEROPUERTO INTERNACIONAL DE LA CIUDAD DE MEXICO, CIUDAD DE MEXICO",,,,,,
HP 1647,HELIPUERTO,HBM,BICENTENARIO MUNICIPIO DE AGUASCALIENTES,AGUASCALIENTES,AGUASCALIENTES,DIURNO,SERVICIO PARTICULAR,SUPERFICIE,H-1,MUNICIPIO DE AGUASCALIENTES,"1,884.00",WGS 84,21,50,12.87,102,17,10.61,,,,,,17/10/2014,15 AÑOS,17/10/2029,OCT,2029,SI,VIGENTE,"AEROPUERTO INTERNACIONAL DE AGUASCALIENTES, AGUASCALIENTES",,,,,,
SP 1648,AERÓDROMO,ASO,RANCHO EL CASCO,TAMAULIPAS,GONZALEZ,DIURNO,SERVICIO PARTICULAR,TERRESTRE,1-A,"BORDERS MELON, S.P.R. DE R.L.",51.00,,22,43,30.90,98,32,43.00,NO APLICA,NO APLICA,910.00,20.00,,27/02/2007,180 DÍAS,27/08/2007,AGO,2007,NO,INOPERATIVO,"AEROPUERTO INTERNACIONAL DE TAMPICO, TAMAULIPAS",,,,,,
SP 1649,AERÓDROMO,NDO,PISTA SAN FERNANDO,TABASCO,TEAPA,DIURNO,SERVICIO PARTICULAR,TERRESTRE,1-A,C. FERNANDO CANO ALFARO,16.00,WGS 84,17,36,41.70,92,59,92.00,NO APLICA,NO APLICA,618.00,10.00,,04/10/2006,180 DÍAS,04/04/2007,ABR,2007,NO,INOPERATIVO,"AEROPUERTO INTERNACIONAL DE VILLAHERMOSA, TABASCO",,,,,,
SP 1650,AERÓDROMO,TAG,RANCHO EL GATO,NUEVO LEÓN,GENERAL BRAVO,DIURNO,SERVICIO PARTICULAR,TERRESTRE,1-A,C. GILBERTO PÉREZ ALEJO,105.00,WGS 84,25,52,9.30,98,36,26.40,14,32,600.00,7.00,TERRACERÍA,23/05/2017,15 AÑOS,23/05/2032,MAY,2032,SI,VIGENTE,"AEROPUERTO INTERNACIONAL DE REYNOSA, TAMAULIPAS",,,,,,
HP 1651,HELIPUERTO,HNM,YAUTEPEC NIETO,MORELOS,YAUTEPEC,DIURNO,SERVICIO PARTICULAR,SUPERFICIE,H-1,GAS EXPRESS NIETO DE MÉXICO,"1,080.00",,18,48,52.30,99,5.00,41.70,,,,,,15/06/2011,180 DÍAS,15/12/2011,DIC,2011,NO,INOPERATIVO,"AEROPUERTO INTERNACIONAL DE CUERNAVACA, MORELOS",,,,,,
HP 1652,BARCO-HELIPUERTO,HFZ,FRANZ,SINALOA,MAZATLÁN,DIURNO,SERVICIO PARTICULAR,SUPERFICIE,H-1,"PESCA AZTECA, S.A. DE C.V.",0.00,NO APLICA,NO APLICA,NO APLICA,NO APLICA,NO APLICA,NO APLICA,NO APLICA,,,,,,24/02/2016,15 AÑOS,24/02/2031,FEB,2031,SI,VIGENTE,"AEROPUERTO INTERNACIONAL DE MAZATLAN, SINALOA",,,,,,
SP 1653,AERÓDROMO,PXA,PALMA SOLA,VERACRUZ,ALTO LUCERO,DIURNO,SERVICIO PARTICULAR,TERRESTRE,1-A,GOBIERNO DEL ESTADO DE VERACRUZ,78.00,WGS 84,19,17,8.00,96,25,39.00,15,33,850.00,18.00,ASFALTO,13/07/2007,180 DÍAS,13/01/2008,ENE,2008,NO,INOPERATIVO,"AEROPUERTO INTERNACIONAL DE VERACRUZ, VERACRUZ",,,,,,
HP 1654,HELIPUERTO,HRQ,REFORMA 115,CIUDAD DE MÉXICO,MIGUEL HIDALGO,DIURNO Y NOCTURNO,SERVICIO PARTICULAR,ELEVADO,H-1,"REFORMA 115, S. DE R.L. DE C.V.","2,390.00",WGS 84,19,25,40.72,99,12,14.79,,,,,,06/04/2015,15 AÑOS,06/04/2030,ABR,2030,SI,VIGENTE,"AEROPUERTO INTERNACIONAL DE LA CIUDAD DE MEXICO, CIUDAD DE MEXICO",,,,,,
SP 1655,AERÓDROMO,RLC,RANCHO LOS CHIRRIONES,SONORA,AGUA PRIETA,DIURNO,SERVICIO PARTICULAR,TERRESTRE,1-A,C. ADÁN RASCÓN IBARRA.,"1,060.00",WGS 84,27,24,25.40,109,55,39.20,NO APLICA,NO APLICA,"1,400.00",25.00,TERRACERÍA,12/03/2009,5 AÑOS,12/03/2014,MAR,2014,NO,INOPERATIVO,"AEROPUERTO INTERNACIONAL DE NOGALES, SONORA",,,,,,
SP 1656,AERÓDROMO,CCQ,CAMPO CUATRO,SINALOA,EL FUERTE,DIURNO,SERVICIO PARTICULAR,TERRESTRE,1-A,RAÚL IBARRA OLIVAS,30.00,WGS 84,25,53,7.40,108,53,44.90,NO APLICA,NO APLICA,860.00,10.00,TERRACERÍA,05/12/2007,180 DÍAS,05/06/2008,JUN,2008,NO,INOPERATIVO,"AEROPUERTO INTERNACIONAL DE MAZATLAN, SINALOA",,,,,,
SP 1657,AERÓDROMO,CHL,LA CHOLLA,SONORA,PUERTO PEÑASCO,DIURNO,SERVICIO PARTICULAR,TERRESTRE,1-A,"INMOBILIARIA PLAYA EN SUEÑO, S.A. DE C.V.",9.00,WGS 84,31,20,7.45,113,36,54.78,15,33,430.00,19.00,TERRACERÍA,16/10/2015,15 AÑOS,16/10/2030,OCT,2030,SI,VIGENTE,"AEROPUERTO INTERNACIONAL DEL MAR DE CORTES, SONORA",,,,,,
HP 1658,HELIPUERTO,HWP,WORLD PLAZA,CIUDAD DE MÉXICO,CUAJIMALPA,DIURNO,SERVICIO PARTICULAR,ELEVADO,H-1,"ADMINISTRADORA WORLD PLAZA, S.C.","2,726.00",WGS 84,19,21,35.11,99,16,16.50,,,,,,23/05/2017,14 AÑOS,31/12/2030,DIC,2030,SI,VIGENTE,"AEROPUERTO INTERNACIONAL DE LA CIUDAD DE MEXICO, CIUDAD DE MEXICO",,,,,,
SP 1659,AERÓDROMO,CWP,CAMPO SAN PABLO,SONORA,EMPALME,DIURNO,SERVICIO PARTICULAR,TERRESTRE,1-A,C. JOSE MUDECI ESTRELLA,59.00,WGS 84,28,0,57.34,110,39,31.20,NO APLICA,NO APLICA,750.00,18.00,TERRACERÍA,28/11/2006,180 DÍAS,28/05/2007,MAY,2007,NO,INOPERATIVO,"AEROPUERTO INTERNACIONAL DE HERMOSILLO, SONORA",,,,,,
HP 1660,HELIPUERTO,HDE,DESTILADERAS CABO ESTE,BAJA CALIFORNIA SUR,LOS CABOS,DIURNO,SERVICIO PARTICULAR,SUPERFICIE,H-1,"DESTILADERAS CABO ESTE, S. DE R.L. DE C.V.",33.18,WGS 84,23,9,48.25,109,29,29.63,,,,,,29/05/2019,15 AÑOS,29/05/2034,MAY,2034,SI ,VIGENTE,"AEROPUERTO INTERNACIONAL DE SAN JOSÉ DEL CABO, B.C.S.",,,,,,
SP 1661,AERÓDROMO,SVL,SAN VICENTE,MICHOACÁN,COAHUAYANA,DIURNO,SERVICIO PARTICULAR,TERRESTRE,1-A,C. ROEL TORRES VERDUZCO,20.00,WGS 84,18,42,54.00,103,39,20.00,NO APLICA,NO APLICA,600.00,30.00,TERRACERÍA,12/03/2009,180 DÍAS,12/09/2009,SEP,2009,NO,INOPERATIVO,"AEROPUERTO DE LAZARO CARDENAS, MICHOACAN",,,,,,
HP 1662,HELIPUERTO,HIQ,INDUSTRIA DEL HIERRO,QUERETARO,QUERETARO,DIURNO,SERVICIO PARTICULAR,SUPERFICIE,H-1,"TELÉFONOS DE MÉXICO, S.A. DE C.V.","1,852.00",WGS 84,20,36,45.01,100,23,47.90,,,,,,15/11/2017,15 AÑOS,15/11/2032,NOV,2032,SI,VIGENTE,AEROPUERTO INTERCONTINENTAL DE QUERÉTARO.,,,,,,
SP 1663,AERÓDROMO,MDT,MESA DE LOS TOROS,DURANGO,TEPEHUANES,DIURNO,SERVICIO PARTICULAR,TERRESTRE,1-A,"H. AYUNTAMIENTO DE TEPEHUANES, DGO.","1,840.00",,25,24,40.00,106,38,10.00,NO APLICA,NO APLICA,351.00,14.88,TERRACERÍA,29/06/2007,180 DÍAS,29/12/2007,DIC,2007,NO,INOPERATIVO,"AEROPUERTO INTERNACIONAL DE DURANGO, DURANGO",,,,,,
HP 1664,HELIPUERTO,HGD,CENTRO MEDICO DEL POTOSI,SAN LUIS POTOSÍ,SAN LUIS POTOSI,DIURNO,SERVICIO PARTICULAR,ELEVADO,H-1,"CENTRO MEDICO DEL POTOSI, S.A. DE C.V.","1,839.00",WGS 84,22,9,6.31,101,1,17.80,,,,,,29/07/2025,180 DÍAS,29/01/2026,ENE,2026,NO,EN TRAMITE,"AEROPUERTO INTERNACIONAL DE LA CIUDAD DE MEXICO, CIUDAD DE MEXICO",,,,,,
HP 1665,HELIPUERTO,HUR,INMOBILIARIA MONTES URALES 770,CIUDAD DE MÉXICO,MIGUEL HIDALGO,DIURNO Y NOCTURNO,SERVICIO PARTICULAR,ELEVADO,H-1,"INMOBILIARIA MONTES URALES 770, S. DE R.L. DE C.V.","2,281.00",WGS 84,19,25,26.50,99,12,14.90,,,,,,06/04/2015,15 AÑOS,06/04/2030,ABR,2030,SI,VIGENTE,"AEROPUERTO INTERNACIONAL DE LA CIUDAD DE MEXICO, CIUDAD DE MEXICO",,,,,,
SP 1666,AERÓDROMO,UDD,ULTRALIGEROS DEL DESIERTO,SONORA,PUERTO PEÑASCO,DIURNO,SERVICIO PARTICULAR,TERRESTRE,1-A,ALFREDO GUDIÑO MOLINAR,20.00,WGS 84,31,23,28.92,113,32,13.46,17,35,200,20,TERRACERÍA,18/07/2019,15 AÑOS,18/07/2034,JUL,2034,SI ,VIGENTE,"AEROPUERTO INTERNACIONAL DEL MAR DE CORTES, SONORA",,,,,,
HP 1667,HELIPUERTO,HRB,EL ROBLE,TAMAULIPAS,CIUDAD VICTORIA,DIURNO,SERVICIO PARTICULAR,ELEVADO,H-1,ABELARDO OSUNA MORALES,301.00,WGS 84,23,45,44.20,99,8.00,36.20,,,,,,11/08/2015,15 AÑOS,11/08/2030,AGO,2030,SI,VIGENTE,"AEROPUERTO DE CIUDAD VICTORIA, TAMAULIPAS",,,,,,
SP 1668,AERÓDROMO,LTX,REGIONAL DE LOS TUXTLAS,VERACRUZ,SAN ANDRES TUXTLA,DIURNO,SERVICIO PARTICULAR,TERRESTRE,1-A,OPERADORA AEREA DE LOS TUXTLAS S.A.DE C.V,215.00,WGS 84,18,24,0.42,95,13,21.35,1,19,800.00,15.00,TERRACERÍA,20/06/2014,180 DÍAS,20/12/2014,DIC,2014,NO,INOPERATIVO,"AEROPUERTO INTERNACIONAL DE VERACRUZ, VERACRUZ",,,,,,
SP 1669,AERÓDROMO,ACF,CARNEROS,CHIHUAHUA,CHIHUAHUA,DIURNO,SERVICIO PARTICULAR,TERRESTRE,1-A,ING. EDUARDO BAEZA LOPEZ,"1,400.00",WGS 84,29,30,37.67,106,7,43.98,NO APLICA,NO APLICA,800.00,20.00,TERRACERÍA,06/03/2014,15 AÑOS,06/03/2029,MAR,2029,SI,VIGENTE,"AEROPUERTO INTERNACIONAL DE CHIHUAHUA, CHIHUAHUA",,,,,,
HP 1670,HELIPUERTO,HUY,HELIPUERTO ROYAL,CIUDAD DE MÉXICO,ALVARO OBREGON,DIURNO,SERVICIO PARTICULAR,ELEVADO,H-1,"SERVICIOS ADMINISTRATIVOS COSTAMEX, S.A. DE C.V.","2,248.00",WGS 84,19,21,2.70,99,11,13.00,,,,,,13/03/2007,5 AÑOS,13/03/2012,MAR,2012,NO,INOPERATIVO,"AEROPUERTO INTERNACIONAL DE LA CIUDAD DE MEXICO, CIUDAD DE MEXICO",,,,,,
SP 1671,AERÓDROMO,LCW,LAS CUEVAS,COAHUILA,GUERRERO,DIURNO,SERVICIO PARTICULAR,TERRESTRE,2-B,ING. ARMANDO LÓPEZ RECIO,266.00,WGS 84,28,4,22.80,100,23,30.80,14,32,"1,380.00",30.00,TERRACERÍA,22/03/2016,15 AÑOS,22/03/2031,MAR,2031,SI,VIGENTE,"AEROPUERTO INTERNACIONAL DE PIEDRAS NEGRAS, COAHUILA",,,,,,
HP 1672,BARCO-HELIPUERTO,HQN,HANNA,SINALOA,MAZATLÁN,DIURNO,SERVICIO PARTICULAR,HELIPUERTO MIXTO,H-1,"PESCA AZTECA, S.A. DE C.V.",0.00,NO APLICA,NO APLICA,NO APLICA,NO APLICA,NO APLICA,NO APLICA,NO APLICA,NO APLICA,NO APLICA,,,,19/09/2018,15 AÑOS,19/09/2033,SEP,2033,SI,VIGENTE,"AEROPUERTO INTERNACIONAL DE MAZATLAN, SINALOA",,,,,,
SP 1673,AERÓDROMO,EKP,EL CAPITAN,SINALOA,SINALOA DE LEYVA,DIURNO,SERVICIO PARTICULAR,TERRESTRE,1-B,C. PEDRO ALONSO LÓPEZ ROJO,28.00,WGS 84,25,42,47.77,108,35,52.42,NO APLICA,NO APLICA,641.35,20.00,TERRACERÍA,03/11/2009,5 AÑOS,03/11/2014,NOV,2014,NO,INOPERATIVO,"AEROPUERTO INTERNACIONAL DE LOS MOCHIS, SINALOA",,,,,,
SP 1674,AERÓDROMO,FRL,FARALLON,SINALOA,AHOME,DIURNO,SERVICIO PARTICULAR,TERRESTRE,1-A,"ESCUELA DE AVIACIÓN ESPECIALIZADA, S.A. DE C.V.",10.00,WGS 84,25,44,11.90,108,55,40.30,2,20,774.00,15.00,TERRACERÍA,17/04/2023,15 AÑOS,17/04/2038,ABR,2038,SI,VIGENTE,"AEROPUERTO INTERNACIONAL DE LOS MOCHIS, SINALOA",,,,,,
SP 1675,AERÓDROMO,ACN,COL. ALAMILLO,CHIHUAHUA,MEDERA,DIURNO,SERVICIO PARTICULAR,TERRESTRE,1-A,COLONIA ALAMILLO,"1,250.00",NAD 27,29,26,30.00,107,54,42.00,NO APLICA,NO APLICA,"1,000.00",50.00,TERRACERÍA,11/12/2006,180 DÍAS,11/06/2007,JUN,2007,NO,INOPERATIVO,"AEROPUERTO INTERNACIONAL DE CHIHUAHUA, CHIHUAHUA",,,,,,
SP 1676,AERÓDROMO,GGH,HUALUL,SAN LUIS POTOSÍ,TAMUIN,DIURNO,SERVICIO PARTICULAR,TERRESTRE,1-A,"GRUPO GUSI, S. DE P.R. DE R.L.",21.00,WGS 84,21,54,43.33,98,43,48.10,4,22,860.00,14.00,ASFALTO,09/04/2021,15 AÑOS,09/04/2036,ABR,2036,SI,VIGENTE,"AEROPUERTO INTERNACIONAL DE TAMPICO, TAMAULIPAS",,,,,,
SP 1677,AERÓDROMO,EEG,LA ENSENADA,SAN LUIS POTOSÍ,SAN VICENTE TANCUAYALAB,DIURNO,SERVICIO PARTICULAR,TERRESTRE,1-A,"GRUPO GUSI, S. DE P.R. DE R.L.",21.00,WGS 84,21,56,17.10,98,30,54.20,1,19,700.00,10.00,TERRACERÍA,09/02/2010,5 AÑOS,09/02/2015,FEB,2015,NO,INOPERATIVO,"AEROPUERTO INTERNACIONAL DE TAMPICO, TAMAULIPAS",,,,,,
HP 1678,HELIPUERTO,HFJ,MAIZ TRANSFORMA,NUEVO LEÓN,SAN PEDRO GARZA GARCIA,DIURNO,SERVICIO PARTICULAR,SUPERFICIE,H-1,"MAIZ TRANSFORMA, S.A. DE C.V.",637.00,WGS 84,25,39,24.00,100,23,16.00,,                                                                                                                                                                                                                                                                    ,,,,12/02/2007,180 DÍAS,12/08/2007,AGO,2007,NO,INOPERATIVO,"AEROPUERTO INTERNACIONAL DEL NORTE, NUEVO LEON",,,,,,
SP 1679,AERÓDROMO,ERP,EL PARAISO,TAMAULIPAS,M. ALDAMA,DIURNO,SERVICIO PARTICULAR,TERRESTRE,2-A,EL PARAISO DESARROLLO TURISTICO CAMPESTRE,43.00,WGS 84,23,3,9.30,97,49,31.24,NO APLICA,NO APLICA,"1,200.00",30.00,ASFALTO,SIN AUTORIZACIÓN,,SIN AUTORIZACIÓN,ENE,2007,NO,INOPERATIVO,"AEROPUERTO INTERNACIONAL DE TAMPICO, TAMAULIPAS",,,,,,
HP 1680,HELIPUERTO,HOD,AGUA DULCE,TAMAULIPAS,CIUDAD MADERO,DIURNO,SERVICIO PARTICULAR,SUPERFICIE,H-1,"OSGOR CONSTRUCCIONES, S.A. DE C.V.",21.00,WGS 84,22,15,22.90,97,51,33.70,NO APLICA,NO APLICA,,,,14/12/2011,180 DÍAS,14/06/2012,JUN,2012,NO,INOPERATIVO,"AEROPUERTO INTERNACIONAL DE TAMPICO, TAMAULIPAS",,,,,,
SP 1681,AERÓDROMO,PDM,PROMESA,TAMAULIPAS,GONZALEZ,DIURNO,SERVICIO PARTICULAR,TERRESTRE,1-A,"PROMESA DE MÉXICO, S.A. DE C.V.",41.00,WGS 84,22,46,57.73,98,41,30.86,18,36,"1,350.00",12.00,TERRACERÍA,13/06/2023,15 AÑOS,13/06/2038,JUN,2038,SI,VIGENTE,"AEROPUERTO DE CIUDAD VICTORIA, TAMAULIPAS",,,,,,
HP 1682,HELIPUERTO,HGI,HOSPITAL REGIONAL DE ALTA ESPECIALIDAD DEL BAJÍO ,GUANAJUATO,LEÓN,DIURNO,SERVICIO PARTICULAR,ELEVADO,H-1,HOSPITAL DEL BAJIO S.A. DE C.V.,"1,830.00",WGS 84,21,3,44.40,101,34,39.90,NO APLICA,NO APLICA,,,,25/06/2007,5 AÑOS,25/06/2012,JUN,2012,NO,INOPERATIVO,"AEROPUERTO INTERNACIONAL DE GUANAJUATO, GUANAJUATO",,,,,,
SP 1683,AERÓDROMO,FLI,FINCA LA ISLA,VERACRUZ,PAPANTLA,DIURNO,SERVICIO PARTICULAR,TERRESTRE,1-A,FINCA LA ISLA S.P.R. DE R.L.,50.00,WGS 84,20,21,7.82,97,14,6.88,NO APLICA,NO APLICA,800.00,40.00,TERRACERÍA,16/02/2007,180 DÍAS,16/08/2007,AGO,2007,NO,INOPERATIVO,"AEROPUERTO INTERNACIONAL DE VERACRUZ, VERACRUZ",,,,,,
SP 1684,AERÓDROMO,MNG,MELING,BAJA CALIFORNIA,ENSENADA,DIURNO,SERVICIO PARTICULAR,TERRESTRE,1-A,C. SANDRA LUZ MELING POMPA,643.00,WGS 84,30,58,28.12,115,44,18.76,NO APLICA,NO APLICA,870.00,18.00,TERRACERÍA,05/06/2008,180 DÍAS,05/12/2008,DIC,2008,NO,INOPERATIVO,"AEROPUERTO INTERNACIONAL DE ENSENADA, BAJA CALIFORNIA",,,,,,
HP 1685,HELIPUERTO,HCO,CAR ONE,NUEVO LEÓN,MONTERREY,DIURNO,SERVICIO PARTICULAR,SUPERFICIE,H-1,ABELARDO OSUNA MORALES,584.00,WGS 84,25,37,59.30,100,18,4.00,NO APLICA,NO APLICA,,,,16/01/2012,180 DÍAS,16/07/2012,JUL,2012,NO,INOPERATIVO,"AEROPUERTO INTERNACIONAL DE MONTERREY, NUEVO LEON",,,,,,
SP 1686,AERÓDROMO,MTV,MONTERREY,TABASCO,TEAPA,DIURNO,SERVICIO PARTICULAR,TERRESTRE,1-A,"TÉCNICO AGRÍCOLA INTEGRAL, S.A. DE C.V.",18.00,WGS 84,17,39,44.30,92,59,10.70,3,21,700.00,10.00,ASFALTO,01/10/2015,15 AÑOS,01/10/2030,OCT,2030,SI,VIGENTE,"AEROPUERTO INTERNACIONAL DE VILLAHERMOSA, TABASCO",,,,,,
HP 1687,HELIPUERTO,HNL,EL ENCINAL,OAXACA,SAN JUAN BAUTISTA TUXTEPEC,DIURNO,SERVICIO PARTICULAR,SUPERFICIE,H-1,"HELIFUMIGACIONES DEL GOLFO, S.C.",40.00,WGS 84,18,2,5.28,96,9,23.88,NO APLICA,NO APLICA,,,,11/12/2017,15 AÑOS,11/12/2032,DIC,2032,SI,VIGENTE,"AEROPUERTO INTERNACIONAL DE VERACRUZ, VERACRUZ",,,,,,
SP 1688,AERÓDROMO,FNY,EL FENIX,MICHOACÁN,PARÁCUARO,DIURNO,SERVICIO PARTICULAR,TERRESTRE,1-A,C. DANIEL DÍAZ VIVEROS,316.00,WGS 84,19,1,10.33,102,17,3.50,4,22,593.00,6.00,ASFALTO,28/12/2018,15 AÑOS,28/12/2033,DIC,2033,SI ,VIGENTE,"AEROPUERTO DE URUAPAN, MICHOACAN",,,,,,
SP 1689,AERÓDROMO,CLD,LA COLONIA,JALISCO,CASIMIRO CASTILLO,DIURNO,SERVICIO PARTICULAR,TERRESTRE,1-A,ROGELIO CHÁVEZ VELÁSQUEZ,"1,568.00",WGS 84,19,37,1.00,104,26,51.00,NO APLICA,NO APLICA,785.00,15.00,TERRACERÍA,25/06/2009,5 AÑOS,25/06/2014,JUN,2014,NO,INOPERATIVO,"AEROPUERTO INTERNACIONAL DE GUADALAJARA, JALISCO",,,,,,
SP 1690,AERÓDROMO,NLB,"NUEVA LAGUNA BLANCA, S.A. DE C.V.",CAMPECHE,PALIZADA,DIURNO,SERVICIO PARTICULAR,TERRESTRE,1-A,ING. JORGE ATILANO AYALA MÉNDEZ,NO DISPONIBLE,WGS 84,18,8,2.00,91,46,0.00,NO APLICA,NO APLICA,800.00,12.00,,23/03/2007,180 DÍAS,23/09/2007,SEP,2007,NO,INOPERATIVO,"AEROPUERTO INTERNACIONAL DE CAMPECHE, CAMPECHE",,,,,,
SP 1691,AERÓDROMO,CNA,CANANEA,SONORA,CANANEA,DIURNO,SERVICIO PARTICULAR,TERRESTRE,3-C,"BUENAVISTA DEL COBRE, S.A. DE C.V.","1,514.00",WGS 84,31,3,57.60,110,5,48.50,18,36,"1,900.00",30.00,ASFALTO,10/09/2021,15 AÑOS,10/09/2036,SEP,2036,SI ,VIGENTE,"AEROPUERTO INTERNACIONAL DE NOGALES, SONORA",,,,,,
SP 1692,AERÓDROMO,CTO,EL CENTENARIO,NUEVO LEÓN,ANAHUAC,DIURNO,SERVICIO PARTICULAR,TERRESTRE,1-A,"EL BUEN CENTENARIO, S. P. R. DE R. L.",142.00,WGS 84,26,56,53.20,99,51,59.00,17,35,945.00,10.00,TERRACERÍA,01/09/2014,15 AÑOS,01/09/2029,SEP,2029,SI,VIGENTE,"AEROPUERTO INTERNACIONAL DEL NORTE, NUEVO LEON",,,,,,
HP 1693,HELIPUERTO,HTT,TRANSPAIS,TAMAULIPAS,CIUDAD VICTORIA,DIURNO,SERVICIO PARTICULAR,SUPERFICIE,H-1,"TRANSPAIS AUTOTRANSPORTES, S.A. DE C.V.",290.00,WGS 84,23,43,12.70,99,4,54.00,NO APLICA,NO APLICA,,,,10/04/2008,180 DÍAS,10/10/2008,OCT,2008,NO,INOPERATIVO,"AEROPUERTO DE CIUDAD VICTORIA, TAMAULIPAS",,,,,,
SP 1694,AERÓDROMO,AFE,AERO FUMIGACIONES CESSNA,SINALOA,GUASAVE,DIURNO,SERVICIO PARTICULAR,TERRESTRE,1-A,C. GUILLERMO R. ALVAREZ HERRERO,6.00,WGS 84,25,32,0.00,108,35,12.00,NO APLICA,NO APLICA,500.00,20.00,,02/04/2007,180 DÍAS,02/10/2007,OCT,2007,NO,INOPERATIVO,"AEROPUERTO INTERNACIONAL DE LOS MOCHIS, SINALOA",,,,,,
SP 1695,AERÓDROMO,CHR,CAHUISORI,CHIHUAHUA,OCAMPO,DIURNO,SERVICIO PARTICULAR Y A TERCEROS,TERRESTRE,1-A,"AGNICO EAGLE MEXICO, S.A DE C.V","2,092.00",WGS 84,28,14,47.20,108,16,21.14,14,32,960.00,25.00,TERRACERÍA,10/02/2017,15 AÑOS,10/02/2032,FEB,2032,SI,VIGENTE,"AEROPUERTO INTERNACIONAL DE CHIHUAHUA, CHIHUAHUA",,,,,,
HP 1696,HELIPUERTO,HFR,MAGNOCENTRO 26,ESTADO DE MEXICO,HUIXQUILUCAN,DIURNO,SERVICIO PARTICULAR,ELEVADO,H-2,CONTROL Y OPERACIÓN DE INMUEBLES S.A. DE C.V.,"2,510.00",WGS 84,19,24,24.90,99,16,18.84,,,,,,22/01/2020,06 AÑOS,31/10/2026,OCT,2026,SI,VIGENTE,"AEROPUERTO INTERNACIONAL DE TOLUCA, ESTADO DE MEXICO",,,,,,
HP 1697,HELIPUERTO,HIX,HOSPITAL REGIONAL DE IXTAPALUCA,ESTADO DE MEXICO,IXTAPALUCA,DIURNO,SERVICIO PARTICULAR,ELEVADO,H-1,"DESARROLLO Y OPERACIÓN DE INFRAESTRUCTURA HOPITALARIA DE IXTAPALUCA, S.A.P.I, DE C.V.","2,300.00",WGS 84,19,19,5.54,98,51,19.86,,,,,,15/03/2017,30 AÑOS,15/03/2047,MAR,2047,SI,VIGENTE,"AEROPUERTO INTERNACIONAL DE LA CIUDAD DE MEXICO, CIUDAD DE MEXICO",,,,,,
SP 1698,AERÓDROMO,CHA,CHAROLE,BAJA CALIFORNIA SUR,COMONDÚ,DIURNO,SERVICIO PARTICULAR,TERRESTRE,1-A,"AEROTAXIS DOS MIL, S.A. DE C.V.",20.00,WGS 84,26,31,40.90,111,27,55.40,NO APLICA,NO APLICA,770.00,18.00,TERRACERÍA,14/02/2014,7 AÑOS,15/05/2021,MAY,2021,NO,EN TRAMITE,"AEROPUERTO INTERNACIONAL DE LORETO, BAJA CALIFORNIA SUR",,,,,,
SP 1699,AERÓDROMO,MAB,MESA BONITA,CHIHUAHUA,CASAS GRANDES,DIURNO,SERVICIO PARTICULAR,TERRESTRE,1-A,C. ARTURO BEJARANO OLIVAS,"1,980.00",WGS 84,30,6,90.00,108,32,54.00,NO APLICA,NO APLICA,600.00,30.00,TERRACERÍA,27/04/2007,180 DÍAS,27/10/2007,OCT,2007,NO,INOPERATIVO,"AEROPUERTO INTERNACIONAL DE CHIHUAHUA, CHIHUAHUA",,,,,,
HP 1700,HELIPUERTO,HDJ,HOSPITAL ANGELES DE CIUDAD JUAREZ,CHIHUAHUA,CIUDAD JUAREZ,DIURNO,SERVICIO PARTICULAR,ELEVADO,H-1,"HOSPITAL ANGELES DE CIUDAD JUÁREZ, S.A. DE C.V","1,800.00",WGS 84,31,42,52.00,106,23,39.00,,,,,,06/05/2008,5 AÑOS,06/05/2013,MAY,2013,NO,INOPERATIVO,"AEROPUERTO INTERNACIONAL DE CHIHUAHUA, CHIHUAHUA",,,,,,
SP 1701,AERÓDROMO,EDD,EL DORADO,SINALOA,CULIACAN,DIURNO,SERVICIO PARTICULAR,TERRESTRE,1-A,C. FRANCISCO JAVIER BATIZ TORRES.,6.00,WGS 84,24,19,17.33,107,23,55.06,9,27,660.00,10.00,TERRACERÍA,27/07/2015,180 DÍAS,27/01/2016,ENE,2016,NO,INOPERATIVO,"AEROPUERTO INTERNACIONAL DE CULIACAN, SINALOA",,,,,,
HP 1702,HELIPUERTO,HTJ,TRIBUNAL SUPERIOR DE JUSTICIA,CIUDAD DE MÉXICO,CUAUHTÉMOC,DIURNO,SERVICIO PARTICULAR,ELEVADO,H-1,TRIBUNAL SUPERIOR DE JUSTICIA,"2,326.00",WGS 84,19,26,2.10,99,8,36.60,NO APLICA,NO APLICA,,,,SIN AUTORIZACIÓN,,SIN AUTORIZACIÓN,DIC,2007,NO,INOPERATIVO,"AEROPUERTO INTERNACIONAL DE LA CIUDAD DE MEXICO, CIUDAD DE MEXICO",,,,,,
SP 1703,AERÓDROMO,CET,CAP. EDUARDO A. TOLEDO,QUINTANA ROO,COZUMEL,DIURNO,SERVICIO PARTICULAR Y A TERCEROS,TERRESTRE,1-A,"CLUB DE PILOTOS ISLA COZUMEL, S.A. DE C.V.",10.00,WGS 84,20,25,23.50,86,59,46.80,11,29,800.00,30.00,ASFALTO,02/08/2013,30 AÑOS,02/08/2043,AGO,2043,SI,VIGENTE,"AEROPUERTO INTERNACIONAL DE COZUMEL, QUINTANA ROO",,,,,,
SP 1704,AERÓDROMO,AZK,EL ZOPILOTE,VERACRUZ,CARLOS CARRILLO,DIURNO,SERVICIO PARTICULAR,TERRESTRE,1-A,CAP. P.A. ROMÁN GRANADOS MATÍNEZ,NO DISPONIBLE,WGS 84,18,14,49.40,95,43,14.80,NO APLICA,NO APLICA,480.00,18.00,TERRACERÍA,SIN AUTORIZACIÓN,,SIN AUTORIZACIÓN,MAY,2007,NO,INOPERATIVO,"AEROPUERTO INTERNACIONAL DE VERACRUZ, VERACRUZ",,,,,,
HP 1705,HELIPUERTO,HSR,SELDER,CIUDAD DE MÉXICO,CUAUHTÉMOC,DIURNO,SERVICIO PARTICULAR,ELEVADO,H-1,SELDER,"2,276.00",WGS 84,19,21,11.80,99,11,18.10,NO APLICA,NO APLICA,,,,SIN AUTORIZACIÓN,,SIN AUTORIZACIÓN,ENE,2008,NO,INOPERATIVO,"AEROPUERTO INTERNACIONAL DE LA CIUDAD DE MEXICO, CIUDAD DE MEXICO",,,,,,
SP 1706,AERÓDROMO,OFS,SAN CARLOS,TABASCO,TACOTALPA,DIURNO,SERVICIO PARTICULAR,TERRESTRE,1-A,"OPERADORA FRUTÍCOLA DEL SURESTE, S.A. DE C.V.",24.00,WGS 84,17,35,3.43,92,49,15.37,14,32,730.00,10.00,TERRACERÍA,22/01/2008,5 AÑOS,22/01/2013,ENE,2013,NO,INOPERATIVO,"AEROPUERTO INTERNACIONAL DE VILLAHERMOSA, TABASCO",,,,,,
SP 1707,AERÓDROMO,ONE,SANTA PATRICIA,SONORA,CIUDAD OBREGON,DIURNO,SERVICIO PARTICULAR,TERRESTRE,2-A,PATRICIA GUADALUPE BARRAGÁN LÓPEZ.,22.00,WGS 84,27,28,16.50,110,4,57.20,9,27,"1,000.00",20.00,TERRACERÍA,20/04/2017,14 AÑOS,29/10/2031,OCT,2031,SI,VIGENTE,"AEROPUERTO INTERNACIONAL DE CIUDAD OBREGON, SONORA",,,,,,
SP 1708,AERÓDROMO,FBJ,FAMILIA BALDENEBRO JAIMES,SONORA,CIUDAD OBREGON,DIURNO,SERVICIO PARTICULAR,TERRESTRE,1-A,JOSÉ BALDENEBRO ARREDONDO,39.00,WGS 84,27,22,29.20,109,55,59.60,8,26,830.00,15.00,TERRACERÍA,24/06/2019,15 AÑOS,24/06/2034,JUN,2034,SI ,VIGENTE,"AEROPUERTO INTERNACIONAL DE CIUDAD OBREGON, SONORA",,,,,,
HP 1709,HELIPUERTO,HHN,"SECRETARÍA DE MARINA
Abierto a la operación Civil en Emergencia",CIUDAD DE MÉXICO,COYOACÁN,DIURNO Y NOCTURNO,SERVICIO PARTICULAR,ELEVADO,H-1,SECRETARÍA DE MARINA (SEMAR),"2,267.00",WGS 84,19,19,23.20,99,7,32.60,,,,,,13/08/2010,5 AÑOS,13/08/2015,AGO,2015,NO,INOPERATIVO,"AEROPUERTO INTERNACIONAL DE LA CIUDAD DE MEXICO, CIUDAD DE MEXICO",,,,,,
HP 1710,HELIPUERTO,HIM,MUNDO INFANTIL,MORELOS,CUERNAVACA,DIURNO,SERVICIO PARTICULAR,SUPERFICIE,H-1,MUNDO INFANTIL S.A. DE C.V.,"1,540.00",WGS 84,18,56,21.70,99,11,41.70,,,,,,30/04/2009,180 DÍAS,30/10/2009,OCT,2009,NO,INOPERATIVO,"AEROPUERTO INTERNACIONAL DE CUERNAVACA, MORELOS",,,,,,
HP 1711,HELIPUERTO,HGY,GRANJA EL ANGEL,MORELOS,YAUTEPEC,DIURNO,SERVICIO PARTICULAR,SUPERFICIE,H-1,GUILLERMO JENKINS ANSTEAD,"1,285.00",WGS 84,18,53,37.48,99,0,18.69,,,,,,09/01/2013,5 AÑOS,09/01/2018,ENE,2018,NO,INOPERATIVO,"AEROPUERTO INTERNACIONAL DE CUERNAVACA, MORELOS",,,,,,
HP 1712,HELIPUERTO,HMA,GPM AEROSERVICIO,QUINTANA ROO,PUERTO MORELOS,DIURNO,SERVICIO PARTICULAR,SUPERFICIE,H-1,GPM AEROSERVICIO S.A. DE C.V.,5.00,WGS 84,20,49,20.70,86,55,16.16,,,,,,02/03/2023,15 AÑOS,20/05/2036,MAY,2036,SI,VIGENTE,"AEROPUERTO INTERNACIONAL DE CANCUN, QUINTANA ROO",,,,,,
SP 1713,AERÓDROMO,SFN,SAN FERNANDO ,CHIHUAHUA,GUADALUPE Y CALVO,DIURNO,SERVICIO PARTICULAR,TERRESTRE,1-A,EJIDO SANTA RITA Y SUS ANEXO,"2,171.00",WGS 84,26,13,23.38,107,13,43.40,13,30,550.00,20.00,TERRACERÍA,16/10/2017,15 AÑOS,16/10/2032,OCT,2032,SI,VIGENTE,"AEROPUERTO INTERNACIONAL DE CHIHUAHUA, CHIHUAHUA",,,,,,
SP 1714,AERÓDROMO,PUR,PUREPECHA,MICHOACÁN,PATZCUARO,DIURNO,SERVICIO PARTICULAR,TERRESTRE,1-A,COMPAÑÍA ECOLOGICA DE AVIACION S. DE RL DE CV,NO DISPONIBLE,,19,32,15.00,101,34,9.00,NO APLICA,NO APLICA,"1,100.00",12.00,TERRACERÍA,27/06/2012,5 AÑOS,27/06/2017,JUN,2017,NO,INOPERATIVO,"AEROPUERTO DE MORELIA, MICHOACAN",,,,,,
SP 1715,AERÓDROMO,PGT,EL PURGATORIO,DURANGO,TEPEHUANES,DIURNO,SERVICIO PARTICULAR,TERRESTRE,1-A,COMUNIDAD DE LA BUFA,"1,570.00",WGS 84,25,29,7.00,106,36,51.00,,,550.00,15.00,TERRACERÍA,30/09/2008,5 AÑOS,30/09/2013,SEP,2013,NO,INOPERATIVO,"AEROPUERTO INTERNACIONAL DE DURANGO, DURANGO",,,,,,
SP 1716,AERÓDROMO,TUN,LA TUNA,SINALOA,BADIRAGUATO,DIURNO,SERVICIO PARTICULAR,TERRESTRE,1-A,GILBERTO CHAVIRA AGUIRRE,NO DISPONIBLE,,25,45,35.90,107,8,19.40,NO APLICA,NO APLICA,,,TERRACERÍA,SIN AUTORIZACIÓN,,SIN AUTORIZACIÓN,ENE,2004,NO,INOPERATIVO,"AEROPUERTO INTERNACIONAL DE MAZATLAN, SINALOA",,,,,,
SP 1717,AERÓDROMO,MVE,MONTEVERDE,COAHUILA,PROGRESO,DIURNO,SERVICIO PARTICULAR,TERRESTRE,2-B,"GAS GLOBAL CORPORATIVO, S.A. DE C.V.",305.00,WGS 84,27,21,19.21,100,41,4.00,13,31,1000 ASFALTO/ 150 TERRACERIA  ,10 ASFALTO / 5 TERRACERIA , MIXTA: ASFALTO / TERRACERÍA,14/08/2014,15 AÑOS,14/08/2029,AGO,2029,SI,VIGENTE,"AEROPUERTO INTERNACIONAL DE MONCLOVA, COAHUILA",,,,,,
SP 1718,AERÓDROMO,GYE,GUAYPARIME II,SINALOA,AHOME,DIURNO,SERVICIO PARTICULAR,TERRESTRE,1-A,"BEES CONSTRUCCIONES, S.A. DE C.A.V",10.00,WGS 84,25,44,32.90,108,57,26.10,NO APLICA,NO APLICA,700.00,10.00,TERRACERÍA,10/08/2021,15 AÑOS,10/08/2036,AGO,2036,SI,VIGENTE,"AEROPUERTO INTERNACIONAL DE LOS MOCHIS, SINALOA",,,,,,
SP 1719,AERÓDROMO,ICA,ICARUS,MICHOACÁN,MORELIA,DIURNO,SERVICIO PARTICULAR,TERRESTRE,1-A,ICARUS AVIONES ULTRALIGEROS SA DE CV,"2,004.00",,19,36,43.80,101,16,45.66,NO APLICA,NO APLICA,,,TERRACERÍA,SIN AUTORIZACIÓN,,SIN AUTORIZACIÓN,,2010,NO,INOPERATIVO,"AEROPUERTO DE MORELIA, MICHOACAN",,,,,,
HP 1720,HELIPUERTO,HGL,RANCHO BUENA SUERTE,BAJA CALIFORNIA SUR,LA PAZ,DIURNO,SERVICIO PARTICULAR,SUPERFICIE,H-1,BEATRIZ ALICIA MARTINEZ TIARDO,NO DISPONIBLE,,23,41,49.94,110,14,6.64,,,,,,28/08/2007,180 DÍAS,28/02/2008,FEB,2008,NO,INOPERATIVO,"AEROPUERTO INTERNACIONAL DE LA PAZ, BAJA CALIFORNIA SUR",,,,,,
HP 1721,HELIPUERTO,HLH,LEGARIA II,CIUDAD DE MÉXICO,MIGUEL HIDALGO,DIURNO Y NOCTURNO,SERVICIO PARTICULAR,ELEVADO,H-1,"MGI FUSION, S.A. DE C.V.","2,297.00",WGS 84,19,26,53.00,99,12,26.50,,,,,,06/01/2017,15 AÑOS,06/01/2032,ENE,2032,SI,VIGENTE,"AEROPUERTO INTERNACIONAL DE LA CIUDAD DE MEXICO, CIUDAD DE MEXICO",,,,,,
SP 1722,AERÓDROMO,BRB,EL BARBECHITO,SONORA,QUIRIEGO,DIURNO,SERVICIO PARTICULAR,TERRESTRE,1-A,ALFONSO RAMOS SALAZAR,323.00,WGS 84,27,37,16.50,110,4,57.20,NO APLICA,NO APLICA,540.00,20.00,TERRACERÍA,05/10/2009,5 AÑOS,05/10/2014,OCT,2014,NO,INOPERATIVO,"AEROPUERTO INTERNACIONAL DE CIUDAD OBREGON, SONORA",,,,,,
SP 1723,AERÓDROMO,EXL,EL CARRIZAL,SINALOA,CULIACAN,DIURNO,SERVICIO PARTICULAR,TERRESTRE,1-A,RAMÓN GUEVARA LIZARRAGA.,70.00,,24,35,41.82,107,15,50.28,NO APLICA,NO APLICA,600.00,25.00,TERRACERÍA,09/10/2007,180 DÍAS,09/04/2008,ABR,2008,NO,INOPERATIVO,"AEROPUERTO INTERNACIONAL DE CULIACAN, SINALOA",,,,,,
SP 1724,AERÓDROMO,BAC,BACADEHUACHI,SONORA,BACADEHUACHI,DIURNO,SERVICIO PARTICULAR,TERRESTRE,2-A,"H. AYUNTAMIENTO DE BACADEHUACHI, SONORA",714.00,WGS 84,29,49,23.21,109,8,51.00,NO APLICA,NO APLICA,"1,500.00",15.00,TERRACERÍA,SIN AUTORIZACIÓN,,SIN AUTORIZACIÓN,AGO,2010,NO,INOPERATIVO,"AEROPUERTO INTERNACIONAL DE HERMOSILLO, SONORA",,,,,,
SP 1725,AERÓDROMO,CMP,CUMPAS,SONORA,CUMPAS,DIURNO,SERVICIO PARTICULAR,TERRESTRE,3-B,H. AYUNTAMIENTO DE CUMPAS,NO DISPONIBLE,,30,6,11.00,109,38,6.00,NO APLICA,NO APLICA,"1,200.00",30.00,TERRACERÍA,SIN AUTORIZACIÓN,,SIN AUTORIZACIÓN,ENE,2007,NO,INOPERATIVO,"AEROPUERTO INTERNACIONAL DE HERMOSILLO, SONORA",,,,,,
SP 1726,AERÓDROMO,NAC,NACORI CHICO,SONORA,NACORI CHICO,DIURNO,SERVICIO PARTICULAR,TERRESTRE,1-A,"H. AYUNTAMIENTO DE NACORI CHICO, SONORA",824.00,WGS 84,29,40,50.94,108,58,55.81,NO APLICA,NO APLICA,600.00,20.00,TERRACERÍA,SIN AUTORIZACIÓN,,SIN AUTORIZACIÓN,ENE,2006,NO,EN TRAMITE,"AEROPUERTO INTERNACIONAL DE HERMOSILLO, SONORA",,,,,,
SP 1727,AERÓDROMO,YEC,YECORA,SONORA,YECORA,DIURNO,SERVICIO PARTICULAR,TERRESTRE,3-A,H. AYUNTAMIENTO DE YECORA,NO DISPONIBLE,,28,21,18.00,108,55,32.00,NO APLICA,NO APLICA,"1,595.00",25.00,TERRACERÍA,SIN AUTORIZACIÓN,,SIN AUTORIZACIÓN,ENE,2008,NO,INOPERATIVO,"AEROPUERTO INTERNACIONAL DE HERMOSILLO, SONORA",,,,,,
SP 1728,AERÓDROMO,GRA,GRANADOS,SONORA,GRANADO,DIURNO,SERVICIO PARTICULAR,TERRESTRE,1-A,H. AYUNTAMIENTO DE GRANADOS,NO DISPONIBLE,,29,51,35.00,109,19,4.00,NO APLICA,NO APLICA,850.00,30.00,TERRACERÍA,SIN AUTORIZACIÓN,,SIN AUTORIZACIÓN,ENE,2006,NO,INOPERATIVO,"AEROPUERTO INTERNACIONAL DE HERMOSILLO, SONORA",,,,,,
SP 1729,AERÓDROMO,EPT,EL POTRERO,SINALOA,LLANO GRANDE,DIURNO,SERVICIO PARTICULAR,TERRESTRE,1-A,ING. JESÙS TORRES ACEVEDO,NO DISPONIBLE,,25,48,11.00,108,18,6.00,NO APLICA,NO APLICA,"1,200.00",30.00,TERRACERÍA,SIN AUTORIZACIÓN,,SIN AUTORIZACIÓN,ENE,2007,NO,INOPERATIVO,"AEROPUERTO INTERNACIONAL DE LOS MOCHIS, SINALOA",,,,,,
HP 1730,HELIPUERTO,HFY,FISCALÍA DEL ESTADO DE CHIAPAS,CHIAPAS,TUXTLA GUTIERREZ,DIURNO,SERVICIO PARTICULAR,SUPERFICIE,H-1,GOBIERNO DEL ESTADO DE CHIAPAS,510.00,WGS 84,16,45,47.40,93,5,26.40,NO APLICA,NO APLICA,,,,SIN AUTORIZACIÓN,,SIN AUTORIZACIÓN,ENE,2007,NO,INOPERATIVO,"AEROPUERTO DE TUXTLA GUTIERREZ, CHIAPAS",,,,,,
HP 1731,HELIPUERTO,HOA,OLAS ALTAS,BAJA CALIFORNIA SUR,LA PAZ,DIURNO,SERVICIO PARTICULAR,SUPERFICIE,H-2,COMISIÓN FEDERAL DE ELECTRICIDAD CFE,40.00,WGS 84,24,2,3.40,110,20,9.00,NO APLICA,NO APLICA,,,,30/06/2011,180 DÍAS,30/12/2011,DIC,2011,NO,INOPERATIVO,"AEROPUERTO INTERNACIONAL DE LA PAZ, BAJA CALIFORNIA SUR",,,,,,
SP 1732,AERÓDROMO,TOT,"TORTUGAS
(Proyecto)",DURANGO,MEZQUITAL,DIURNO,SERVICIO PARTICULAR,TERRESTRE,1-A,"MINERA SISA, S.A. DE C.V.",PENDIENTE,WGS 84,PENDIENTE,PENDIENTE,PENDIENTE,PENDIENTE,PENDIENTE,PENDIENTE,NO APLICA,NO APLICA,PENDIENTE,PENDIENTE,TERRACERÍA,PROYECTO,,PROYECTO,DIC,2009,NO,INOPERATIVO,"AEROPUERTO INTERNACIONAL DE DURANGO, DURANGO",,,,,,
SP 1733,AERÓDROMO,MAD,MAGDALENA,SONORA,MAGDALENA,DIURNO,SERVICIO PARTICULAR,TERRESTRE,2-B,H. AYUNTAMIENTO DE MAGDALENA,NO DISPONIBLE,,30,4,30.00,110,56,0.00,NO APLICA,NO APLICA,"1,500.00",25.00,ASFALTO,SIN AUTORIZACIÓN,,SIN AUTORIZACIÓN,ENE,2006,NO,INOPERATIVO,"AEROPUERTO INTERNACIONAL DE HERMOSILLO, SONORA",,,,,,
SP 1734,AERÓDROMO,MOC,MOCTEZUMA,SONORA,MOCTEZUMA,DIURNO,SERVICIO PARTICULAR,TERRESTRE,3-B,H. AYUNTAMIENTO DE MOCTEZUMA ,NO DISPONIBLE,,29,48,11.00,109,98,6.00,NO APLICA,NO APLICA,"1,200.00",30.00,TERRACERÍA,SIN AUTORIZACIÓN,,SIN AUTORIZACIÓN,ENE,2007,NO,INOPERATIVO,"AEROPUERTO INTERNACIONAL DE HERMOSILLO, SONORA",,,,,,
HP 1735,HELIPUERTO,HST,ANTAIR,COAHUILA,MONCLOVA,DIURNO,SERVICIO PARTICULAR,ELEVADO,H-1,"ANTAIR, S.A. DE C.V.",628.00,WGS 84,26,52,56.60,101,26,45.10,,,,,,09/05/2016,15 AÑOS ,22/05/2029,MAY,2029,SI ,VIGENTE ,"AEROPUERTO INTERNACIONAL DE MONCLOVA, COAHUILA",,,,,,
SP 1736,AERÓDROMO,PAP,PAPAYOS ,SINALOA,CULIACAN,DIURNO,SERVICIO PARTICULAR,TERRESTRE,1-A,C. JORGE TORRES ARREOLA.,10.00,WGS 84,24,37,45.50,107,28,49.19,17,35,700.00,12.00,TERRACERÍA,02/04/2019,15 AÑOS,02/04/2034,ABR,2034,SI ,VIGENTE,"AEROPUERTO INTERNACIONAL DE CULIACAN, SINALOA",,,,,,
HP 1737,HELIPUERTO,HZC,HELIMAZ,SINALOA,MAZATLÁN,DIURNO,SERVICIO PARTICULAR,SUPERFICIE,H-1,"HELIMAZ, S. A. DE C. V.",13.00,WGS 84,23,11,29.30,106,20,17.00,,,,,,20/11/2019,14 AÑOS,15/06/2033,JUN,2033,SI,VIGENTE,"AEROPUERTO INTERNACIONAL DE MAZATLAN, SINALOA",,,,,,
HP 1738,HELIPUERTO,HGQ,HELIPUERTO TANGO,VERACRUZ,COATZINTLA,DIURNO,SERVICIO PARTICULAR,SUPERFICIE,H-1,"COMERIALIZADORA INDUSTRIAL DEL GOLFO, S.A. DE C.V.",NO DISPONIBLE,WGS 84,20,29,11.00,97,30,46.00,,,,,,13/02/2008,5 AÑOS,13/02/2013,FEB,2013,NO,INOPERATIVO,"AEROPUERTO INTERNACIONAL DE VERACRUZ, VERACRUZ",,,,,,
HP 1739,BARCO-HELIPUERTO,HOO,MAZPESCA 2,SINALOA,MAZATLÁN,DIURNO,SERVICIO PARTICULAR,HELIPUERTO MIXTO,H-1,"MAZPESCA, S.A. DE C.V.",0.00,NO APLICA,NO APLICA,NO APLICA,NO APLICA,NO APLICA,NO APLICA,NO APLICA,,,,,,21/04/2016,15 AÑOS,21/04/2031,ABR,2031,SI,VIGENTE,"AEROPUERTO INTERNACIONAL DE MAZATLAN, SINALOA",,,,,,
SP 1740,AERÓDROMO,PMA,PLAYA DE MAGDALENA,BAJA CALIFORNIA SUR,COMONDÚ,DIURNO,SERVICIO PARTICULAR,TERRESTRE,3-B,MAGDALENA BEACH DEVELOPMENTS S. DE R.L. DE C.V.,NO DISPONIBLE,,24,22,42.00,111,27,48.12,NO APLICA,NO APLICA,,,TERRACERÍA,SIN AUTORIZACIÓN,,SIN AUTORIZACIÓN,ENE,2007,NO,INOPERATIVO,"AEROPUERTO INTERNACIONAL DE LORETO, BAJA CALIFORNIA SUR",,,,,,
HP 1741,HELIPUERTO,HHQ,HOSPITAL GENERAL DE 24 CAMAS,BAJA CALIFORNIA SUR,LOS CABOS,DIURNO,SERVICIO PARTICULAR,ELEVADO,H-1,SECRETARIA DE SALUD DEL ESTADO DE BAJA CALIFORNIA SUR,53.00,WGS 84,22,54,11.39,109,55,31.49,,,,,,18/01/2008,5 AÑOS,18/01/2013,ENE,2013,NO,INOPERATIVO,"AEROPUERTO INTERNACIONAL DE SAN JOSÉ DEL CABO, B.C.S.",,,,,,
SP 1742,AERÓDROMO,MSA,MIRADOR SANTA ROSA,MORELOS,YAUTEPEC,DIURNO,SERVICIO PARTICULAR,TERRESTRE,1-A,"AERODYNAMICS DE MÉXICO, S.A. DE C.V.","1,400.00",,18,54,53.00,98,58,14.00,NO APLICA,NO APLICA,170.00,20.00,TERRACERÍA,30/11/2007,180 DÍAS,30/05/2008,MAY,2008,NO,INOPERATIVO,"AEROPUERTO INTERNACIONAL DE CUERNAVACA, MORELOS",,,,,,
SP 1743,AERÓDROMO,ALD,RANCHO LAS BORREGAS,COAHUILA,JUÁREZ,DIURNO,SERVICIO PARTICULAR,TERRESTRE,1-A,LIC. GILBERTO MARCOS HANDAL,322.00,WGS 84,27,43,5.40,100,52,6.20,11,29,935.00,20.00,TERRACERÍA,13/04/2016,15 AÑOS,13/04/2031,ABR,2031,SI,VIGENTE,"AEROPUERTO INTERNACIONAL DE MONCLOVA, COAHUILA",,,,,,
HP 1744,HELIPUERTO,,CRUZ AZUL,CIUDAD DE MÉXICO,COYOACÁN,DIURNO,SERVICIO PARTICULAR,SUPERFICIE,H-1,COOPERATIVA LA CRUZ AZUL S.C.L.,"2,236.00",WGS 84,19,18,18.00,99,9,51.00,,,,,,20/11/2007,5 AÑOS,20/11/2012,NOV,2012,NO,INOPERATIVO,"AEROPUERTO INTERNACIONAL DE LA CIUDAD DE MEXICO, CIUDAD DE MEXICO",,,,,,
HP 1745,HELIPUERTO,HCT,"TORRE CITADEL
(Proyecto)",JALISCO,ZAPOPAN,DIURNO,SERVICIO PARTICULAR,ELEVADO,H-1,"DESARROLLO ARQUITECTONICO FORTIA, S.A. DE C.V.",NO DISPONIBLE,WGS 84,NO DISPONIBLE,NO DISPONIBLE,NO DISPONIBLE,NO DISPONIBLE,NO DISPONIBLE,NO DISPONIBLE,,,,,,PROYECTO,,PROYECTO,ENE,2008,NO,INOPERATIVO,"AEROPUERTO INTERNACIONAL DE GUADALAJARA, JALISCO",,,,,,
HP 1746,HELIPUERTO,HRX,REFORMA 222,CIUDAD DE MÉXICO,CUAUHTÉMOC,DIURNO,SERVICIO PARTICULAR,ELEVADO,H-1,"REFORMA 222, S.A. DE C.V.","2,310.00",WGS 84,19,25,43.70,99,9,43.70,,,,,,23/05/2008,180 DÍAS,23/11/2008,DIC,2010,NO,INOPERATIVO,"AEROPUERTO INTERNACIONAL DE LA CIUDAD DE MEXICO, CIUDAD DE MEXICO",,,,,,
SP 1747,AERÓDROMO,SIR,SIANORI II,DURANGO,TOPIA,DIURNO,SERVICIO PARTICULAR,TERRESTRE,1-A,JUAN FRANCISCO REYES RODRIGUEZ,762.00,WGS 84,25,15,47.30,106,48,12.30,NO APLICA,NO APLICA,350.00,12.00,TERRACERÍA,13/12/2007,180 DÍAS,13/06/2008,JUN,2008,NO,INOPERATIVO,"AEROPUERTO INTERNACIONAL DE DURANGO, DURANGO",,,,,,
SP 1748,AERÓDROMO,ETS,LOS EUCALIPTOS,SINALOA,GUASAVE,DIURNO,SERVICIO PARTICULAR,TERRESTRE,1-A,CELEDONIO CASTRO PEÑUELAS,17.00,WGS 84,25,38,0.32,108,36,54.91,NO APLICA,NO APLICA,640.00,15.00,TERRACERÍA,16/01/2008,180 DÍAS,16/07/2008,JUL,2008,NO,INOPERATIVO,"AEROPUERTO INTERNACIONAL DE LOS MOCHIS, SINALOA",,,,,,
SP 1749,AERÓDROMO,AFR,FERTIFUM,CHIHUAHUA,CUAUHTÉMOC,DIURNO,SERVICIO PARTICULAR,TERRESTRE,1-A,"FERTIFUM, S.A. DE C.V.","2,008.00",WGS 84,28,42,52.00,106,54,42.00,NO APLICA,NO APLICA,800.00,10.00,TERRACERÍA,19/12/2008,5 AÑOS,19/12/2013,DIC,2013,NO,INOPERATIVO,"AEROPUERTO INTERNACIONAL DE CHIHUAHUA, CHIHUAHUA",,,,,,
SP 1750,AERÓDROMO,AER,AEROLANDIA,TLAXCALA,TLAXCO,DIURNO,SERVICIO PARTICULAR,TERRESTRE,1-A,"AERO CORPORATIVO MÉXICO, S.A. DE C.V.","2,650.00",WGS 84,19,35,9.00,98,5,21.00,NO APLICA,NO APLICA,370.00,20.00,TERRACERÍA,05/02/2008,180 DÍAS,05/08/2008,AGO,2008,NO,INOPERATIVO,"AEROPUERTO INTERNACIONAL ""HERMANOS SERDÁN"" DE HUEJOTZINGO, PUE.",,,,,,
HP 1751,HELIPUERTO,HCP,CINEPOLIS,MICHOACÁN,MORELIA,DIURNO,SERVICIO PARTICULAR,SUPERFICIE,H-1,C. JOSE ERNESTO OCHOA HURTADO,"2,099.00",WGS 84,19,42,54.82,101,7,7.00,,,,,,SIN AUTORIZACIÓN,,SIN AUTORIZACIÓN,,2009,NO,INOPERATIVO,"AEROPUERTO DE MORELIA, MICHOACAN",,,,,,
SP 1752,AERÓDROMO,MDK,MESA DE CALERA,SINALOA,MOCORITO,DIURNO,SERVICIO PARTICULAR,TERRESTRE,1-A,MATIAS BEJARANO NAVARRETE,257.50,WGS 84,25,4,42.10,107,34,55.50,NO APLICA,NO APLICA,560.00,15.00,TERRACERÍA,28/01/2008,90 DÍAS,28/04/2008,ABR,2008,NO,INOPERATIVO,"AEROPUERTO INTERNACIONAL DE CULIACAN, SINALOA",,,,,,
SP 1753,AERÓDROMO,CJT,EL CARACOL,TAMAULIPAS,JIMÉNEZ,DIURNO,SERVICIO PARTICULAR,TERRESTRE,1-A,GEORGINA MARIA ROCHA ANZURES,225.00,WGS 84,23,58,43.20,98,31,8.40,13,31,620.00,15.00,TERRACERÍA,26/03/2018,180 DÍAS,26/09/2018,SEP,2018,NO,INOPERATIVO,"AEROPUERTO DE CIUDAD VICTORIA, TAMAULIPAS",,,,,,
SP 1754,AERÓDROMO,AZU,EL AZULEJO,COAHUILA,GUERRERO,DIURNO,SERVICIO PARTICULAR,TERRESTRE,2-A,JUAN CARLOS GONZALEZ VIEJO,260.00,WGS 84,27,58,54.00,100,22,18.30,NO APLICA,NO APLICA,"1,000.00",20.00,TERRACERÍA,12/02/2008,180 DÍAS,12/08/2008,AGO,2008,NO,INOPERATIVO,"AEROPUERTO INTERNACIONAL ""PLAN DE GUADALUPE"" DE RAMOS ARIZPE, COAH.",,,,,,
SP 1755,AERÓDROMO,LGA,LA GLORIA DE COAHUILA,COAHUILA,GUERRERO,DIURNO,SERVICIO PARTICULAR,TERRESTRE,1-A,"NORTE DE COAHUILA, S DE P.R. DE R.L.",300.00,WGS 84,28,3,44.39,100,29.00,43.92,NO APLICA,NO APLICA,"1,200.00",20.00,TERRACERÍA,29/01/2015,15 AÑOS,29/01/2030,ENE,2030,SI,VIGENTE,"AEROPUERTO INTERNACIONAL ""PLAN DE GUADALUPE"" DE RAMOS ARIZPE, COAH.",,,,,,
SP 1756,AERÓDROMO,PVW,VIENTO DE LA VEGA,JALISCO,TEUCHITLAN,DIURNO,SERVICIO PARTICULAR,TERRESTRE,2-A,VIENTO DE LA VEGA S.A. DE C.V.,"1,273.00",WGS 84,20,36,16.50,103,50,16.44,8,26,"1,150.00",12.00,ASFALTO,14/12/2018,180 DIAS ,14/06/2019,JUN,2019,NO,INOPERATIVO,"AEROPUERTO INTERNACIONAL DE GUADALAJARA, JALISCO",,,,,,
HP 1757,HELIPUERTO,HCN,HELIPUERTO MONTEMAYOR,NUEVO LEÓN,SAN PEDRO GARZA GARCIA,DIURNO,SERVICIO PARTICULAR,SUPERFICIE,H-2,CARLOS MARTIN MONTEMAYOR DIRNBAUER,606.00,WGS 84,25,40,13.74,100,23,24.84,NO APLICA,NO APLICA,,,,20/05/2013,180 DÍAS,20/11/2013,NOV,2013,NO,INOPERATIVO,"AEROPUERTO INTERNACIONAL DEL NORTE, NUEVO LEON",,,,,,
SP 1758,AERÓDROMO,PHU,PISTA HUACHINERA,SONORA,HUACHINERA,DIURNO,SERVICIO PARTICULAR,TERRESTRE,PENDIENTE,H. AYUNTAMIENTO CONSTITUCIONAL DE HUACHINERA,"1,128.00",WGS 84,30,12,38.00,108,57,1.73,18,36,920.00,20.00,TERRACERÍA,SIN AUTORIZACIÓN,,SIN AUTORIZACIÓN,,2010,NO,INOPERATIVO,"AEROPUERTO INTERNACIONAL DE HERMOSILLO, SONORA",,,,,,
HP 1759,HELIPUERTO,HDM,DIRECCIÓN DE SEGURIDAD PÚBLICA MUNICIPAL,BAJA CALIFORNIA,MEXICALI,DIURNO,SERVICIO PARTICULAR,SUPERFICIE,H-1,"XIX H. AYUNTAMIENTO DE MEXICALI, B.C.",NO DISPONIBLE,NAD 27,32,36,34.00,115,28,39.00,NO APLICA,NO APLICA,,,,14/12/2011,180 DÍAS,14/06/2012,JUN,2012,NO,INOPERATIVO,"AEROPUERTO INTERNACIONAL DE MEXICALI, BAJA CALIFORNIA",,,,,,
HP 1760,HELIPUERTO,HEQ,COMPAÑÍA PERIODISTICA ESTO,GUERRERO,ACAPULCO DE JUÁREZ,DIURNO,SERVICIO PARTICULAR,ELEVADO,H-1,"COMPAÑÍA PERIODISTICA ESTO, S.A. DE C.V.",67.70,WGS 84,16,51,6.60,99,51,21.10,NO APLICA,NO APLICA,,,,31/07/2019,15 AÑOS,31/07/2034,JUL,2034,SI ,VIGENTE ,"AEROPUERTO INTERNACIONAL DE ACAPULCO, GUERRERO",,,,,,
HP 1761,HELIPUERTO,HJR,JUAN MARÍA DE SALVATIERRA,BAJA CALIFORNIA SUR,LA PAZ,DIURNO,SERVICIO PARTICULAR,SUPERFICIE,H-1,INSTITUTO DE SERVICIOS DE SALUD DE BAJA CALIFORNIA SUR,18.55,WGS 84,24,6,31.80,110,19,11.29,NO APLICA,NO APLICA,,,,SIN AUTORIZACIÓN,,SIN AUTORIZACIÓN,,2010,NO,INOPERATIVO,"AEROPUERTO INTERNACIONAL DE LA PAZ, BAJA CALIFORNIA SUR",,,,,,
SP 1762,AERÓDROMO,FSA,FRANCISCO SARABIA,DURANGO,DURANGO,DIURNO,SERVICIO PARTICULAR,TERRESTRE,1-A,"CLUB AERODEPORTES ALBATROS DE DURANGO, A.C.","1,900.00",WGS 84,23,55,47.10,104,34,48.90,NO APLICA,NO APLICA,306.00,10.00,ASFALTO,SIN AUTORIZACIÓN,,SIN AUTORIZACIÓN,NOV,2010,NO,INOPERATIVO,"AEROPUERTO INTERNACIONAL DE DURANGO, DURANGO",,,,,,
SP 1763,AERÓDROMO,RZZ,RODRÍGUEZ,SINALOA,AHOME,DIURNO,SERVICIO PARTICULAR,TERRESTRE,1-A,ROBERTO RODRÍGUEZ BAÑUELOS,18.00,WGS 84,26,19,4.35,109,1.00,46.30,1,19,600.00,12.00,TERRACERÍA,01/10/2015,15 AÑOS,01/10/2030,OCT,2030,SI,VIGENTE,"AEROPUERTO INTERNACIONAL DE LOS MOCHIS, SINALOA",,,,,,
SP 1764,AERÓDROMO,LCV,LAS CUEVAS,OAXACA,SANTIAGO AMOLTEPEC,DIURNO,SERVICIO PARTICULAR,TERRESTRE,1-A,H. AYUNTAMIENTO DE SANTIAGO AMOLTEPEC,"1,246.00",WGS 84,16,38,9.60,97,34.00,26.40,6,24,350.00,15.00,TERRACERÍA,PROYECTO,,PROYECTO,MAY,2011,NO,INOPERATIVO,"AEROPUERTO INTERNACIONAL DE OAXACA, OAXACA",,,,,,
SP 1765,AERÓDROMO,BAH,BARRANCA HONDA,OAXACA,SANTIAGO AMOLTEPEC,DIURNO,SERVICIO PARTICULAR,TERRESTRE,1-A,H. AYUNTAMIENTO DE SANTIAGO AMOLTEPEC,"1,620.00",WGS 84,16,40,3.60,97,28.00,8.40,2,20,425.00,21.00,TERRACERÍA,03/11/2010,180 DÍAS,03/05/2011,MAY,2011,NO,EN TRAMITE,"AEROPUERTO INTERNACIONAL DE OAXACA, OAXACA",,,,,,
SP 1766,AERÓDROMO,PDC,PISTA DEL CENTRO,OAXACA,SANTIAGO AMOLTEPEC,DIURNO,SERVICIO PARTICULAR,TERRESTRE,1-A,H. AYUNTAMIENTO DE SANTIAGO AMOLTEPEC,"1,630.00",,16,38,37.53,97,29.00,31.42,,,409.00,24.00,TERRACERÍA,22/08/2011,180 DÍAS,22/02/2012,FEB,2012,NO,EN TRAMITE,"AEROPUERTO INTERNACIONAL DE OAXACA, OAXACA",,,,,,
SP 1767,AERÓDROMO,LLG,LA LAGUNA,OAXACA,SANTA CRUZ ZENZONTEPEC,DIURNO,SERVICIO PARTICULAR,TERRESTRE,1-A,H. AYUNTAMIENTO DE SANTA CRUZ ZENZONTEPEC,"3,650.00",,16,32,33.60,97,28.00,52.80,NO APLICA,NO APLICA,,,TERRACERÍA,08/05/2012,180 DÍAS,08/11/2012,NOV,2012,NO,INOPERATIVO,"AEROPUERTO INTERNACIONAL DE OAXACA, OAXACA",,,,,,
SP 1768,AERÓDROMO,SMY,SAN MATEO YUCUTINDOO,OAXACA,ZAPOTITLAN DEL RIO,DIURNO,SERVICIO PARTICULAR,TERRESTRE,1-A,H. AYUNTAMIENTO DE ZAPOTITLAN DEL RIO,"3,900.00",,16,44,6.00,97,29.00,29.00,NO APLICA,NO APLICA,,,TERRACERÍA,22/08/2011,180 DÍAS,22/02/2012,FEB,2012,NO,EN TRAMITE,"AEROPUERTO INTERNACIONAL DE OAXACA, OAXACA",,,,,,
SP 1769,AERÓDROMO,CRZ,EL CARRIZAL,OAXACA,SANTA CRUZ ZENZONTEPEC,DIURNO,SERVICIO PARTICULAR,TERRESTRE,1-A,H. AYUNTAMIENTO DE SANTA CRUZ ZENZONTEPEC,"3,950.00",,16,31,20.90,97,26.00,0.00,NO APLICA,NO APLICA,,,TERRACERÍA,22/08/2011,180 DÍAS,22/02/2012,FEB,2012,NO,EN TRAMITE,"AEROPUERTO INTERNACIONAL DE OAXACA, OAXACA",,,,,,
SP 1770,AERÓDROMO,SJT,SAN JACINTO TLACOTEPEC,OAXACA,SAN JACINTO TLACOTEPEC,DIURNO,SERVICIO PARTICULAR,TERRESTRE,1-A,H. AYUNTAMIENTO DE SAN JACINTO TLACOTEPEC,"3,700.00",,16,31,13.20,97,23.00,13.20,NO APLICA,NO APLICA,,,TERRACERÍA,08/05/2012,180 DÍAS,08/11/2012,NOV,2012,NO,INOPERATIVO,"AEROPUERTO INTERNACIONAL DE OAXACA, OAXACA",,,,,,
HP 1771,PLATAFORMA-HELIPUERTO,HBN,PLATAFORMA AUTOELEVABLE GRIJALVA,CAMPECHE,ZONDA DE CAMPECHE,DIURNO,SERVICIO PARTICULAR,ELEVADO,H-1,PERFORADORA CENTRAL S.A. DE C.V.,0.00,WGS-84,19,2,26.71,92,14,47.60,NO APLICA,NO APLICA,,,,SIN AUTORIZACIÓN,,SIN AUTORIZACIÓN,,2011,NO,INOPERATIVO,"AEROPUERTO INTERNACIONAL DE CIUDAD DEL CARMEN, CAMPECHE",,,,,,
HP 1772,PLATAFORMA-HELIPUERTO,HBO,PLATAFORMA AUTOELEVABLE TONALA,CAMPECHE,ZONDA DE CAMPECHE,DIURNO,SERVICIO PARTICULAR,ELEVADO,H-1,PERFORADORA CENTRAL S.A. DE C.V.,0.00,WGS-84,19,26,27.59,92,5,34.07,NO APLICA,NO APLICA,,,,SIN AUTORIZACIÓN,,SIN AUTORIZACIÓN,,2011,NO,INOPERATIVO,"AEROPUERTO INTERNACIONAL DE CIUDAD DEL CARMEN, CAMPECHE",,,,,,
HP 1773,PLATAFORMA-HELIPUERTO,HBP,PLATAFORMA AUTOELEVABLE PANUCO,CAMPECHE,ZONDA DE CAMPECHE,DIURNO,SERVICIO PARTICULAR,ELEVADO,H-1,PERFORADORA CENTRAL S.A. DE C.V.,0.00,WGS-84,19,22,27.32,92,20,1.62,NO APLICA,NO APLICA,,,,SIN AUTORIZACIÓN,,SIN AUTORIZACIÓN,,2011,NO,INOPERATIVO,"AEROPUERTO INTERNACIONAL DE CIUDAD DEL CARMEN, CAMPECHE",,,,,,
HP 1774,PLATAFORMA-HELIPUERTO,HBQ,PLATAFORMA AUTOELEVABLE TUXPAN,CAMPECHE,ZONDA DE CAMPECHE,DIURNO,SERVICIO PARTICULAR,ELEVADO,H-1,PERFORADORA CENTRAL S.A. DE C.V.,0.00,WGS-84,19,30,23.59,92,0,0.36,NO APLICA,NO APLICA,,,,SIN AUTORIZACIÓN,,SIN AUTORIZACIÓN,,2011,NO,INOPERATIVO,"AEROPUERTO INTERNACIONAL DE CIUDAD DEL CARMEN, CAMPECHE",,,,,,
HP 1775,HELIPUERTO,HKY,EDIFICIO TELCEL,CIUDAD DE MÉXICO,MIGUEL HIDALGO,DIURNO,SERVICIO PARTICULAR,ELEVADO,H-1,INMUEBLES GENERAL S.A. DE C.V.,"2,360.00",WGS 84,19,26,29.35,99,12,12.50,,,,,,01/08/2013,15 AÑOS,01/08/2028,AGO,2028,SI,VIGENTE,"AEROPUERTO INTERNACIONAL DE LA CIUDAD DE MEXICO, CIUDAD DE MEXICO",,,,,,
HP 1776,HELIPUERTO,HKX,EDIFICIO FALCON,CIUDAD DE MÉXICO,MIGUEL HIDALGO,DIURNO,SERVICIO PARTICULAR,ELEVADO,H-1,INMUEBLES GENERAL S.A. DE C.V.,"2,319.00",WGS 84,19,26,30.12,99,12,16.55,,,,,,01/08/2013,15 AÑOS,01/08/2028,AGO,2028,SI,VIGENTE,"AEROPUERTO INTERNACIONAL DE LA CIUDAD DE MEXICO, CIUDAD DE MEXICO",,,,,,
HP 1777,HELIPUERTO,HKW,EDIFICIO VIVIENDAS 1 Y 2,CIUDAD DE MÉXICO,MIGUEL HIDALGO,DIURNO,SERVICIO PARTICULAR,ELEVADO,H-1,INMUEBLES GENERAL S.A. DE C.V.,PENDIENTE,WGS 84,PENDIENTE,PENDIENTE,PENDIENTE,PENDIENTE,PENDIENTE,PENDIENTE,,,,,,PROYECTO,,PROYECTO,ENE,2011,NO,INOPERATIVO,"AEROPUERTO INTERNACIONAL DE LA CIUDAD DE MEXICO, CIUDAD DE MEXICO",,,,,,
HP 1778,HELIPUERTO,HKZ,EDIFICIO ZURICH,CIUDAD DE MÉXICO,MIGUEL HIDALGO,DIURNO,SERVICIO PARTICULAR,ELEVADO,H-1,INMUEBLES GENERAL S.A. DE C.V.,PENDIENTE,WGS 84,PENDIENTE,PENDIENTE,PENDIENTE,PENDIENTE,PENDIENTE,PENDIENTE,,,,,,PROYECTO,,PROYECTO,ENE,2011,NO,INOPERATIVO,"AEROPUERTO INTERNACIONAL DE LA CIUDAD DE MEXICO, CIUDAD DE MEXICO",,,,,,
HP 1779,HELIPUERTO,HHJ,TORRE EQUSS SUR,NUEVO LEÓN,MONTERREY,DIURNO,SERVICIO PARTICULAR,ELEVADO,H-1,PEDRO VALENZUELA GARIBAY,629.00,WGS84,25,38,48.30,100,21,13.77,,,,,,10/11/2017,15 AÑOS,10/11/2032,NOV,2032,SI,VIGENTE,"AEROPUERTO INTERNACIONAL DE MONTERREY, NUEVO LEON",,,,,,
HP 1780,HELIPUERTO,HHK,TORRE EQUSS NORTE,NUEVO LEÓN,MONTERREY,DIURNO,SERVICIO PARTICULAR,ELEVADO,H-1,PEDRO VALENZUELA GARIBAY,710.00,WGS84,25,38,50.52,100,21,13.76,,,,,,10/11/2017,15 AÑOS,10/11/2032,NOV,2032,SI,VIGENTE,"AEROPUERTO INTERNACIONAL DE MONTERREY, NUEVO LEON",,,,,,
HP 1781,HELIPUERTO,HMX,TORRE MOTOMEX,NUEVO LEÓN,MONTERREY,DIURNO,SERVICIO PARTICULAR,ELEVADO,H-1,"PROMOTO INMUEBLES, S.A. DE C.V.",610.00,WGS84,25,40,57.56,100,19,8.11,,,,,,SIN AUTORIZACIÓN,,SIN AUTORIZACIÓN,,,NO,EN TRAMITE,"AEROPUERTO INTERNACIONAL DEL NORTE, NUEVO LEON",,,,,,
SP 1782,AERÓDROMO,LCT,LOS CUATES,NUEVO LEÓN,LAMPAZOS,DIURNO,SERVICIO PARTICULAR,TERRESTRE,1-A,EDUARDO GARCIA ALANIS,223.00,WGS 84,26,52,33.88,100,6,40.83,18,36,"1,000.00",20.00,TERRACERÍA,19/09/2014,15 AÑOS,19/09/2029,SEP,2029,SI,VIGENTE,"AEROPUERTO INTERNACIONAL DEL NORTE, NUEVO LEON",,,,,,
HP 1783,HELIPUERTO,HAH,HOSPITAL GENERAL AJUSCO MEDIO,CIUDAD DE MÉXICO,TLALPAN,DIURNO,SERVICIO PARTICULAR,ELEVADO,H-1,"SECRETARÍA DE SALUD, GOBIERNO DEL DISTRITO FEDERAL","2,619.00",WGS 84,19,16,20.60,99,12,27.70,,,,,,SIN AUTORIZACIÓN,,SIN AUTORIZACIÓN,JUL,2011,NO,INOPERATIVO,"AEROPUERTO INTERNACIONAL DE LA CIUDAD DE MEXICO, CIUDAD DE MEXICO",,,,,,
HP 1784,HELIPUERTO,HLB,GENERAL RAFAEL BUELNA TENORIO (ANTERIOR  MARIO LOPEZ VALDEZ),SINALOA,MOCORITO,DIURNO,SERVICIO PARTICULAR,SUPERFICIE,H-2,"LA HUERTA DEL ABUELO, S.P.R. DE R.L.",78.00,WGS 84,25,29,9.55,107,55,34.20,,,,,,31/03/2016,15 AÑOS,31/03/2031,MAR,2031,SI,VIGENTE,"AEROPUERTO INTERNACIONAL DE CULIACAN, SINALOA",,,,,,
HP 1785,HELIPUERTO,HHG,CORPORATIVO 261,CIUDAD DE MÉXICO,ALVARO OBREGON,DIURNO,SERVICIO PARTICULAR,ELEVADO,H-1,ING. JOSE CHACALO COHEN,"2,580.00",WGS 84,19,21,26.75,99,11,51.50,,,,,,06/05/2014,15 AÑOS,06/05/2029,MAY,2029,SI,VIGENTE,"AEROPUERTO INTERNACIONAL DE LA CIUDAD DE MEXICO, CIUDAD DE MEXICO",,,,,,
SP 1786,AERÓDROMO,AHC,HUERTA CAIMANERO,SINALOA,NAVOLATO,DIURNO,SERVICIO PARTICULAR,TERRESTRE,1-A,"HUERTA CAIMANERO, S.P.R. DE R.L.",9.00,WGS 84,24,38,57.68,107,33,34.52,1,19,600.00,15.00,TERRACERÍA,31/07/2015,15 AÑOS,31/07/2030,JUL,2030,SI,VIGENTE,"AEROPUERTO INTERNACIONAL DE CULIACAN, SINALOA",,,,,,
HP 1787,HELIPUERTO,HGZ,CAR ONE GONZALITOS,NUEVO LEÓN,MONTERREY,DIURNO,SERVICIO PARTICULAR,ELEVADO,H-1,ING. ABELARDO OSUNA MORALES,589.00,WGS 84,25,40,27.50,100,21,14.40,,,,,,29/03/2016,15 AÑOS,29/03/2031,MAR,2031,SI,VIGENTE,"AEROPUERTO INTERNACIONAL DE MONTERREY, NUEVO LEON",,,,,,
SP 1788,AERÓDROMO,TAR,TARACHI,SONORA,ARIVECHI,DIURNO,SERVICIO PARTICULAR Y A TERCEROS,TERRESTRE,1-A,"AGNICO SONORA, S.A. DE C.V.","1,223.00",WGS 84,28,48,24.90,108,55,48.00,7,25,700.00,40.00,TERRACERÍA,22/11/2019,15 AÑOS,09/08/2034,AGO,2034,SI,VIGENTE,"AEROPUERTO INTERNACIONAL DE HERMOSILLO, SONORA",,,,,,
SP 1789,AERÓDROMO,SAC,SAN ANTONIO,TABASCO,CUNDUACAN,DIURNO,SERVICIO PARTICULAR,TERRESTRE,1-A,"PRODUCCIONES AGROPECUARIAS Y SERVICIOS DE LA CHONTALPA, S.A. DE C.V.",16.30,WGS 84,17,58,34.62,93,13,53.32,17,35,700.00,10.00,TERRACERÍA,12/04/2018,15 AÑOS,12/04/2033,ABR,2033,SI,VIGENTE,"AEROPUERTO INTERNACIONAL DE VILLAHERMOSA, TABASCO",,,,,,
SP 1790,AERÓDROMO,SRC,SANTA ROSALIA,TABASCO,CANANEA,DIURNO,SERVICIO PARTICULAR,TERRESTRE,1-A,SONIA ANGELICA ESTRADA ROCHA,167.00,WGS 84,18,6,38.74,93,21,23.49,4,22,11.50,7.50,TERRACERÍA,21/08/2012,180 DÍAS,21/02/2013,FEB,2013,NO,INOPERATIVO,"AEROPUERTO INTERNACIONAL DE VILLAHERMOSA, TABASCO",,,,,,
SP 1791,AERÓDROMO,LHG,LA HUERTA GODOY,SINALOA,NAVOLATO,DIURNO,SERVICIO PARTICULAR,TERRESTRE,1-A,JAVIER GODOY ANGULO,6.00,WGS 84,24,43,29.40,107,47,5.60,18,36,763.00,23.40,TERRACERÍA,08/10/2015,15 AÑOS,08/10/2030,OCT,2030,SI,VIGENTE,"AEROPUERTO INTERNACIONAL DE CULIACAN, SINALOA",,,,,,
HP 1792,PLATAFORMA-HELIPUERTO,HIP,INDEPENDENCIA I,CAMPECHE,CIUDAD DEL CARMEN,DIURNO,SERVICIO PARTICULAR,ELEVADO,H-2,OPERADORA CICSA S.A. DE C.V.,0.00,WGS-84,19,41,0.00,95,47,7.00,,,22.00,22.00,METÁLICA,12/11/2013,15 AÑOS,12/11/2028,NOV,2028,SI,VIGENTE,"AEROPUERTO DE POZA RICA, VERACRUZ",,,,,,
SP 1793,AERÓDROMO,PCU,PUCTE,QUINTANA ROO,OTHON POMPEYO BLANCO,DIURNO,SERVICIO PARTICULAR,TERRESTRE,1-A,ABRAHAM MORFIN CARRILLO,36.00,WGS 84,18,16,3.12,88,41,48.48,11,29,700,20,TERRACERÍA,28/08/2012,180 DÍAS,28/02/2013,FEB,2013,NO,INOPERATIVO,"AEROPUERTO INTERNACIONAL DE CHETUMAL, QUINTANA ROO",,,,,,
SP 1794,AERÓDROMO,FIL,LOS FILOS,GUERRERO,EDUARDO NERI,DIURNO,SERVICIO PARTICULAR,TERRESTRE,2-B,"DESARROLLOS MINEROS SAN LUIS, S.A. DE C.V.","1,450.00",WGS 84,17,53,23.90,99,40,8.40,14,32,"1,400.00",23.00,ASFALTO,16/04/2019,15 AÑOS,16/04/2034,ABR,2034,SI,VIGENTE,"AEROPUERTO INTERNACIONAL DE ACAPULCO, GUERRERO",,,,,,
SP 1795,AERÓDROMO,GLR,LA GLORIA III,JALISCO,TOMATLÁN,DIURNO,SERVICIO PARTICULAR,TERRESTRE,1-A,LEOBARDO GARCÍA PACHECO,42.00,WGS 84,19,53,49.00,105,17,41.00,16,34,500.00,15.00,TERRACERÍA,25/10/2013,15 AÑOS,25/10/2028,OCT,2028,SI,VIGENTE,"AEROPUERTO INTERNACIONAL DE PUERTO VALLARTA, JALISCO",,,,,,
HP 1796,HELIPUERTO,HOH,BATERIA COSTERO,TABASCO,CONDUACAN,DIURNO,SERVICIO PARTICULAR,SUPERFICIE,H-1,PEMEX PRODUCCIÓN Y EXPLORACION,NO DISPONIBLE,WGS 84,NO DISPONIBLE,NO DISPONIBLE,NO DISPONIBLE,NO DISPONIBLE,NO DISPONIBLE,NO DISPONIBLE,,,,,,PROYECTO,,PROYECTO,,,NO,INOPERATIVO,"AEROPUERTO INTERNACIONAL DE VILLAHERMOSA, TABASCO",,,,,,
HP 1797,HELIPUERTO,HOI,ESTACION DE COMPRESION,TABASCO,CONDUACAN,DIURNO,SERVICIO PARTICULAR,SUPERFICIE,H-1,PEMEX PRODUCCIÓN Y EXPLORACION,NO DISPONIBLE,WGS 84,NO DISPONIBLE,NO DISPONIBLE,NO DISPONIBLE,NO DISPONIBLE,NO DISPONIBLE,NO DISPONIBLE,,,,,,PROYECTO,,PROYECTO,,,NO,INOPERATIVO,"AEROPUERTO INTERNACIONAL DE VILLAHERMOSA, TABASCO",,,,,,
HP 1798,HELIPUERTO,HHO,DOCTORS HOSPITAL,NUEVO LEÓN,MONTERREY,DIURNO,SERVICIO PARTICULAR,ELEVADO,H-2,"HOSPITAL Y CLÍNICA OCA, S.A. DE C.V.",619.00,WGS 84,25,41.00,2.82,100,21.00,21.39,,,,,,06/04/2016,27 AÑOS,31/12/2043,DIC,2043,SI,VIGENTE,"AEROPUERTO INTERNACIONAL DEL NORTE, NUEVO LEON",,,,,,
SP 1799,AERÓDROMO,SJQ,SAN JORGE,CAMPECHE,CHAMPOTON,DIURNO,SERVICIO PARTICULAR,SUPERFICIE,1-A,JOHN HENRY JEFFRIES FLORES,18.00,WG84,19,17,8.00,90,18,0.00,,,800.00,7.00,TERRACERÍA,04/11/2013,15 AÑOS,04/11/2028,NOV,2028,SI,VIGENTE,"AEROPUERTO INTERNACIONAL DE CAMPECHE, CAMPECHE",,,,,,
HP 1800,HELIPUERTO,HCJ,CABO REAL,BAJA CALIFORNIA SUR,LOS CABOS,DIURNO,SERVICIO PARTICULAR,SUPERFICIE,H-1,"AEROCORPORATIVOS, S.A. DE C.V.",92.00,WGS 84,29,19,5.54,109,46,11.25,,,,,,16/06/2009,5 AÑOS,16/06/2014,JUN,2014,NO,INOPERATIVO,"AEROPUERTO INTERNACIONAL DE SAN JOSÉ DEL CABO, B.C.S.",,,,,,
HP 1801,HELIPUERTO,HAN,SANTA GENOVEVA,CAMPECHE,CAMPECHE,DIURNO,SERVICIO PARTICULAR,SUPERFICIE,H-1,AGROPECUARIA SANTA GENOVEVA S.A.P.I. DE C.V.,88.00,WGS 84,19,33,4.00,90,1,14.00,,,,,,SIN AUTORIZACIÓN,,SIN AUTORIZACIÓN,,2012,NO,INOPERATIVO,"AEROPUERTO INTERNACIONAL DE CAMPECHE, CAMPECHE",,,,,,
SP 1802,AERÓDROMO,ETO,EL MITO,COAHUILA,CANDELA,DIURNO,SERVICIO PARTICULAR,TERRESTRE,2-A,"VIEL INMOBILIARIA, S.A. DE C.V.",836.00,WGS 84,26,37,14.16,100,59,11.89,4,22,"1,040.00",20.00,TERRACERÍA,28/02/2014,180 DÍAS,28/09/2014,SEP,2014,NO,INOPERATIVO,"AEROPUERTO INTERNACIONAL DEL NORTE, NUEVO LEON",,,,,,
SP 1803,AERÓDROMO,ARC,ARCELIA,GUERRERO,ARCELIA,DIURNO,SERVICIO PARTICULAR,TERRESTRE,1-A,"ASOCIACIÓN VOSEAN, A.C. ",NO DISPONIBLE,WGS 84,NO DISPONIBLE,NO DISPONIBLE,NO DISPONIBLE,NO DISPONIBLE,NO DISPONIBLE,NO DISPONIBLE,,,,,TERRACERÍA,PROYECTO,,PROYECTO,,,NO,INOPERATIVO,"AEROPUERTO INTERNACIONAL DE ACAPULCO, GUERRERO",,,,,,
HP 1804,HELIPUERTO,HGC,TORRE PRISMA,CIUDAD DE MÉXICO,BENITO JUÁREZ,DIURNO Y NOCTURNO,SERVICIO PARTICULAR,ELEVADO,H-1,PRISMA BARRANCA ,"2,357.00",WGS 84,19,21,45.52,99,10,59.60,,,,,,26/08/2013,7 AÑOS,23/11/2020,NOV,2020,NO,EN TRAMITE,"AEROPUERTO INTERNACIONAL DE LA CIUDAD DE MEXICO, CIUDAD DE MEXICO",,,,,,
HP 1805,HELIPUERTO,HEC,AIRBUS HELICOPTERS MÉXICO,QUERETARO,COLON,DIURNO,SERVICIO PARTICULAR,SUPERFICIE,H-1,"AIRBUS HELICOPTERS MÉXICO, S.A. DE C.V.","1,908.00",WGS 84,20,37,24.88,100,10,14.57,,,,,,17/04/2015,15 AÑOS,17/04/2030,ABR,2030,NO,INOPERATIVO (RENUNCIA DEL TITULAR),AEROPUERTO INTERCONTINENTAL DE QUERÉTARO.,,,,,,
HP 1806,HELIPUERTO,HQU,GOBIERNO DEL ESTADO DE QUERETARO,QUERETARO,QUERETARO,DIURNO,SERVICIO PARTICULAR,SUPERFICIE,H-1,GOBIERNO DEL ESTADO DE QUERETARO,"1,978.15",WGS 84,20,37,29.95,100,22,4.78,,,,,,08/03/2016,30 AÑOS,08/03/2046,MAR,2046,SI,VIGENTE,AEROPUERTO INTERCONTINENTAL DE QUERÉTARO.,,,,,,
HP 1807,HELIPUERTO,HQO,CENTRO DE CONGRESOS QUERETARO,QUERETARO,QUERETARO,DIURNO,SERVICIO PARTICULAR,ELEVADO,H-1,GOBIERNO DEL ESTADO DE QUERETARO,"2,016.00",WGS 84,20,34,40.15,100,20,40.53,,,,,,09/04/2014,180 DÍAS,09/10/2014,OCT,2014,NO,INOPERATIVO,AEROPUERTO INTERCONTINENTAL DE QUERÉTARO.,,,,,,
HP-1808,HELIPUERTO,HWE,WESTIN,JALISCO,ZAPOPAN,DIURNO,SERVICIO PARTICULAR,ELEVADO,H-1,HOTEL EXPO S.A. DE C.V.,"1,640.00",WGS 84,20,39,10.25,103,23,20.76,,,,,,SIN AUTORIZACIÓN,,SIN AUTORIZACIÓN,DIC,2012,NO,INOPERATIVO,"AEROPUERTO INTERNACIONAL DE GUADALAJARA, JALISCO",,,,,,
SP 1809,AERÓDROMO,PCC,PACANA,JALISCO,SAN MARTÍN DE HIDALGO,DIURNO,SERVICIO PARTICULAR,TERRESTRE,1-A,"EDIFICACIONES Y REMODELACIONES DE OCCIDENTE, S.A. DE C.V.","1,640.00",WGS 84,20,36,40.25,103,49,8.60,6,24,850,10,TERRACERÍA,06/08/2013,10 AÑOS,17/01/2023,ENE,2023,NO,EN TRAMITE,"AEROPUERTO INTERNACIONAL DE GUADALAJARA, JALISCO",,,,,,
HP 1810,HELIPUERTO,HPH,HOTEL PALMAS,PUEBLA,SAN ANDRES CHOLULA,DIURNO,SERVICIO PARTICULAR,ELEVADO,H-1,"PALMAS LIFE STYLE CENTER, S.A. DE C.V.","2,146.00",WGS 84,19,1,37.74,98,13,46.98,,,,,,29/09/2019,15 AÑOS,29/09/2034,SEP,2034,SI,VIGENTE,"AEROPUERTO INTERNACIONAL ""HERMANOS SERDÁN"" DE HUEJOTZINGO, PUE.",,,,,,
HP 1811,HELIPUERTO,HJB,INVERSIONES MINERAS LA SORPRESA,DURANGO,SANTIAGO PAPASQUIARO,DIURNO,SERVICIO PARTICULAR,SUPERFICIE,H-1,"INVERSIONES MINERAS LA SROPRESA, S.A. DE C.V.","2,170.00",WGS 84,24,56,43.00,106,15,15.33,,,,,,SIN AUTORIZACIÓN,,SIN AUTORIZACIÓN,FEB,2013,NO,INOPERATIVO,"AEROPUERTO INTERNACIONAL DE DURANGO, DURANGO",,,,,,
SP 1812,AERÓDROMO,STO,SOTOLAR,NUEVO LEÓN,LINARES,DIURNO,SERVICIO PARTICULAR,TERRESTRE,1-A,JESÚS MARÍA RODRIGUEZ QUINTERO,381.00,WGS 84,24,57,0.58,99,37,0.03,14,28,900,40.00,TERRACERÍA,18/02/2015,15 AÑOS,18/02/2030,FEB,2030,SI,VIGENTE,"AEROPUERTO INTERNACIONAL DE MONTERREY, NUEVO LEON",,,,,,
SP 1813,AERÓDROMO,MPJ,MINA DE PALMAREJO,CHIHUAHUA,CHINIPAS DE ALMADA,DIURNO,SERVICIO PARTICULAR,TERRESTRE,1-A,"COEUR MEXICANA, S.A. DE C.V.","1,128.00",WGS 84,27,22,56.08,108,24,30.92,4,22,600,20.00,TERRACERÍA,01/12/2022,8 AÑOS,16/10/2030,OCT,2030,SI,VIGENTE,"AEROPUERTO INTERNACIONAL DE CHIHUAHUA, CHIHUAHUA",,,,,,
SP 1814,AERÓDROMO,CFU,FUMIGACIONES AEREAS CERVANTES,SONORA,BACUM,DIURNO,SERVICIO PARTICULAR,TERRESTRE,1-A,C.P.A. ARIEL CERVANTES CORRALES,34.00,WGS 84,27,25,14.00,110,6,0.00,8,26,520,18.00,TERRACERÍA,01/10/2015,15 AÑOS,01/10/2030,OCT,2030,SI,VIGENTE,"AEROPUERTO INTERNACIONAL DE CIUDAD OBREGON, SONORA",,,,,,
HP 1815,HELIPUERTO,HQS,CENTRO DE DATOS,QUERETARO,QUERETARO,DIURNO,SERVICIO PARTICULAR,ELEVADO,H-1,SISTEMA DE ADMINISTRACIÓN TRIBUTARIA (SAT),"1,978.15",WGS 84,20,45,22.51,100,19,2.99,,,,,,SIN AUTORIZACIÓN,,SIN AUTORIZACIÓN,DIC,2012,NO,INOPERATIVO,AEROPUERTO INTERCONTINENTAL DE QUERÉTARO.,,,,,,
SP 1816,AERÓDROMO,PLA,PLAN DE IGUALA,SAN LUIS POTOSÍ,EBANO,DIURNO,SERVICIO PARTICULAR,TERRESTRE,1-A,FAUSTO LUCIANO MARTÍNEZ MENDEZ,19.00,WGS 84,22,2,35.54,98,28,23.13,9,27,600,7,TERRACERÍA,14/04/2016,15 AÑOS,14/04/2031,ABR,2031,SI,VIGENTE,"AEROPUERTO INTERNACIONAL DE TAMPICO, TAMAULIPAS",,,,,,
SP 1817,AERÓDROMO,JPA,HUAJUAPAN,OAXACA,HUAJUAPAN,DIURNO,SERVICIO PARTICULAR,TERRESTRE,1-A,CAP. RAYMUNDO ANTONIO CRUZ DÍAZ,"5,200.00",WAS 84,17,48,56.95,97,44,35.82,5,23,734,11,TERRACERÍA,19/04/2013,180 DÍAS,19/10/2013,OCT,2013,NO,INOPERATIVO,"AEROPUERTO INTERNACIONAL DE OAXACA, OAXACA",,,,,,
HP 1818,HELIPUERTO,HJN,SSP AGUASCALIENTES,AGUASCALIENTES,AGUASCALIENTES,DIURNO,SERVICIO PARTICULAR,SUPERFICIE,H-1,GOBIERNO DE AGUASCALIENTES,1907,WGS 84,21,52,38.80,102,15,26.90,,,,,,SIN AUTORIZACIÓN,,SIN AUTORIZACIÓN,ABR,2005,NO,INOPERATIVO,"AEROPUERTO INTERNACIONAL DE AGUASCALIENTES, AGUASCALIENTES",,,,,,
HP 1819,HELIPUERTO,HEP,ECA 01,ESTADO DE MEXICO,ECATEPEC DE MORELOS,DIURNO Y NOCTURNO,SERVICIO PARTICULAR,ELEVADO,H-1,H. AYUNTAMIENTO DE ECATEPEC DE MORELOS,"2,263.00",WGS 84,19,35,55.53,99,2,57.72,,,,,,07/08/2014,15 AÑOS,07/08/2029,AGO,2029,SI,VIGENTE,"AEROPUERTO INTERNACIONAL DE LA CIUDAD DE MEXICO, CIUDAD DE MEXICO",,,,,,
HP 1820,HELIPUERTO,HCX,CORPORATIVO CERVANTES,CIUDAD DE MÉXICO, MIGUEL HIDALGO,DIURNO,SERVICIO PARTICULAR,ELEVADO,H-1,"MÉXICO GLOBAL PROPERTY TWO, S. DE R.L. DE C.V.","2,357.00",WGS 84,19,26,25.80,99,12,9.61,,,,,,01/10/2015,15 AÑOS,01/10/2030,OCT,2030,SI,VIGENTE,"AEROPUERTO INTERNACIONAL DE LA CIUDAD DE MEXICO, CIUDAD DE MEXICO",,,,,,
HP 1821,HELIPUERTO,HGG,HOSPITAL DR. MANUEL GEA GONZÁLEZ,CIUDAD DE MÉXICO,TLALPAN,DIURNO,SERVICIO PARTICULAR,ELEVADO,H-1,HOSPITAL GENERAL DR. MANUEL GEA GONZÁLEZ,"2,302.00",WGS 84,19,17,25.60,99,9,40.70,,,,,,07/03/2014,30 AÑOS,07/03/2044,MAR,2044,SI,VIGENTE,"AEROPUERTO INTERNACIONAL DE LA CIUDAD DE MEXICO, CIUDAD DE MEXICO",,,,,,
HP 1822,HELIPUERTO,HLG,LEGARIA,CIUDAD DE MÉXICO,MIGUEL HIDALGO,DIURNO Y NOCTURNO,SERVICIO PARTICULAR,ELEVADO,H-1,"MGI FUSION, S.A. DE C.V.","2,268.00",WGS 84,19,26,52.20,99,12,25.00,,,,,,24/09/2014,15 AÑOS,24/09/2029,SEP,2029,SI,VIGENTE,"AEROPUERTO INTERNACIONAL DE LA CIUDAD DE MEXICO, CIUDAD DE MEXICO",,,,,,
HP 1823,HELIPUERTO,HLN,LA MURALLA IV,VERACRUZ,VERACRUZ,DIURNO,SERVICIO PARTICULAR,ELEVADO,H-2,"GRUPO R. PERFORACIÓN MARINA, S.A. DE C.V.",10.00,WGS 84,24,21,13.01,96,16,1.22,,,,,,14/05/2021,180 DIAS,14/11/2021,NOV,2021,NO,EN TRAMITE,"AEROPUERTO INTERNACIONAL DE VERACRUZ, VERACRUZ",,,,,,
HP 1824,HELIPUERTO,HPL,TORRE POLANCO,CIUDAD DE MÉXICO,MIGUEL HIDALGO,DIURNO,SERVICIO PARTICULAR,ELEVADO,H-1,JOSE CHACALO COHEN,"2,263.00",WGS 84,19,25,58.70,99,10,53.00,,,,,,SIN AUTORIZACIÓN,,SIN AUTORIZACIÓN,,,NO,INOPERATIVO,"AEROPUERTO INTERNACIONAL DE LA CIUDAD DE MEXICO, CIUDAD DE MEXICO",,,,,,
SP 1825,AERÓDROMO,ZAT,ZAPOTAL,TAMAULIPAS,ALDAMA,DIURNO,SERVICIO PARTICULAR,TERRESTRE,1-A,CORNELIUS KAUENHOFEN WIEBE,29.00,WGS 84,22,44,40.00,98,2,6.00,8,26,850,10,TERRACERÍA,25/02/2014,15 AÑOS,25/02/2029,FEB,2029,SI,VIGENTE,"AEROPUERTO INTERNACIONAL DE TAMPICO, TAMAULIPAS",,,,,,
SP 1826,AERÓDROMO,AFD,AERO FUMIGACIONES DAVID,TAMAULIPAS,GONZALEZ,DIURNO,SERVICIO PARTICULAR,ELEVADO,1-A,DAVID THIESSEN PETERS,49.00,WGS 84,22,39,43.03,98,27,3.54,10,28,700,5.5,TERRACERIA,04/08/2015,15 AÑOS,04/08/2030,AGO,2030,SI,VIGENTE,"AEROPUERTO INTERNACIONAL DE TAMPICO, TAMAULIPAS",,,,,,
SP 1827,AERÓDROMO,PLM,EL PALMITO,CHIHUAHUA,GUADALUPE Y CALVO,DIURNO,SERVICIO PARTICULAR,TERRESTRE,1-A,H. AYUNTAMIENTO DE GUADALUPE Y CALVO,,,25,56,32.76,107,8,34.99,4,22,350,13,TERRACERÍA,SIN AUTORIZACIÓN,,SIN AUTORIZACIÓN,,,NO,INOPERATIVO,"AEROPUERTO INTERNACIONAL DE CULIACAN, SINALOA",,,,,,
HP 1828,HELIPUERTO,HJM,CERVANTES 303 (antes JUMEX 303),CIUDAD DE MÉXICO,MIGUEL HIDALGO,DIURNO,SERVICIO PARTICULAR,ELEVADO,H-1,"ADMINISTRADORA RESIDENCIAL 300, A.C.","2,226.00",WGS 84,19,26,26.10,99,12,11.7,,,,,,02/10/2013,180 DÍAS,02/04/2014,ABR,2014,NO,EN TRAMITE,"AEROPUERTO INTERNACIONAL DE LA CIUDAD DE MEXICO, CIUDAD DE MEXICO",,,,,,
HP 1829,HELIPUERTO,HBD,CENTRO TÉCNIO ADMINISTRATIVO SUR,TABASCO,VILLAHERMOSA,DIURNO Y NOCTURNO,SERVICIO PARTICULAR,ELEVADO,H-2,PEMEX EXPLOTACIÓN Y PRODUCCIÓN,"2,375.00",WGS 84,18,1,6.57,92,57,11.31,,,,,,06/03/2015,30 AÑOS,06/03/2045,MAR,2045,SI,VIGENTE,"AEROPUERTO INTERNACIONAL DE VILLAHERMOSA, TABASCO",,,,,,
SP 1830,AERÓDROMO,PAU,SANTA PAULA,SINALOA,AHOME,DIURNO,SERVICIO PARTICULAR,TERRESTRE,1-A,FANCISCO JAVIER IBARRA RODRÍGUEZ,17.00,NAD 27,25,50,48.80,109,8,14.6,3,21,800,15,TERRACERÍA,25/09/2013,180 DÍAS,25/03/2014,MAR,2014,NO,INOPERATIVO,"AEROPUERTO INTERNACIONAL DE LOS MOCHIS, SINALOA",,,,,,
SP 1831,AERÓDROMO,LDM,"LUZ DEL MAR
",TAMAULIPAS,SOTO LA MARINA,DIURNO,SERVICIO PARTICULAR,TERRESTRE,1-B,DRA. MARIA LETICIA TANCREDI MARTINEZ DE WILLIAMS,12.80,WGS 84,23,21,0.16,97,46,54.10,15,33,1000,30,TERRACERÍA,24/07/2015,15 AÑOS,24/07/2030,JUL,2030,SI,VIGENTE,"AEROPUERTO DE CIUDAD VICTORIA, TAMAULIPAS",,,,,,
HP 1832,HELIPUERTO,HBF,CENTRO OPERATIVO BBVA,CIUDAD DE MÉXICO,MIGUEL HIDALGO,DIURNO Y NOCTURNO,SERVICIO PARTICULAR,ELEVADO,H-1,"BBVA BANCOMER, S.A. INSTITUCIÓN DE BANCA MULTIPLE, GRUPO FINANCIERO BBVA BANCOMER","2,391.00",WGS 84,19,26,29.23,99,11,2.38,,,,,,08/01/2018,15 AÑOS,08/01/2033,ENE,2033,SI,VIGENTE,"AEROPUERTO INTERNACIONAL DE LA CIUDAD DE MEXICO, CIUDAD DE MEXICO",,,,,,
HP 1833,HELIPUERTO,HBG,TORRE BBVA,CIUDAD DE MÉXICO,CUAUHTÉMOC,DIURNO Y NOCTURNO,SERVICIO PARTICULAR,ELEVADO,H-2,"BBVA BANCOMER, S.A. INSTITUCIÓN DE BANCA MULTIPLE, GRUPO FINANCIERO BBVA BANCOMER","2,454.00",WGS 84,19,25,22.27,99,10,29.05,,,,,,23/11/2016,15 AÑOS,23/11/2031,NOV,2031,SI,VIGENTE,"AEROPUERTO INTERNACIONAL DE LA CIUDAD DE MEXICO, CIUDAD DE MEXICO",,,,,,
HP 1834,HELIPUERTO,HAV,ARENA CIUDAD DE MEXICO I,CIUDAD DE MÉXICO,AZCAPOTZALCO,DIURNO,SERVICIO PARTICULAR,ELEVADO,H-2,COMPAÑÍA PROMOTORA DE EVENTOS INTERNACIONALES S.A.P.I. DE C.V.,"2,263.00",WGS 84,19,29,45.06,99,10,32.04,,,,,,SIN AUTORIZACIÓN,,SIN AUTORIZACIÓN,,,NO,EN TRAMITE,"AEROPUERTO INTERNACIONAL DE LA CIUDAD DE MEXICO, CIUDAD DE MEXICO",,,,,,
HP 1835,HELIPUERTO,HAR,ARENA CIUDAD DE MEXICO II,CIUDAD DE MÉXICO,AZCAPOTZALCO,DIURNO,SERVICIO PARTICULAR,ELEVADO,H-2,COMPAÑÍA PROMOTORA DE EVENTOS INTERNACIONALES S.A.P.I. DE C.V.,"2,260.00",WGS 84,19,29,42.18,99,10,31.18,,,,,,SIN AUTORIZACIÓN,,SIN AUTORIZACIÓN,,,NO,EN TRAMITE,"AEROPUERTO INTERNACIONAL DE LA CIUDAD DE MEXICO, CIUDAD DE MEXICO",,,,,,
SP 1836,AERÓDROMO,SBL,LA CAMPANERA,SINALOA,CULIACAN,DIURNO,SERVICIO PARTICULAR,TERRESTRE,1-A,SAÚL BOLTOR LÓPEZ,105.00,WGS 84,24,56,53.52,107,28,12.23,9,27,750,9,TERRACERÍA,19/08/2014,15 AÑOS,01/08/2029,AGO,2029,SI,VIGENTE,"AEROPUERTO INTERNACIONAL DE CULIACAN, SINALOA",,,,,,
HP 1837,HELIPUERTO,HBH,CORPORATIVO CENTURY PLAZA,CIUDAD DE MÉXICO,CUAJIMALPA,DIURNO,SERVICIO PARTICULAR,ELEVADO,H-1,"INMOBILIARIA HELMER, S.A. E INMOBILIARIA NUEVO LEÓN, S.A.","2,670.00",WGS 84,19,21,39.10,99,16,3.73,,,,,,23/05/2019,15 AÑOS,23/05/2034,MAY,2034,SI ,VIGENTE,"AEROPUERTO INTERNACIONAL DE LA CIUDAD DE MEXICO, CIUDAD DE MEXICO",,,,,,
HP 1838,HELIPUERTO,HPA,REFORMA 180,CIUDAD DE MÉXICO,CUAUHTÉMOC,DIURNO Y NOCTURNO,SERVICIO PARTICULAR Y A TERCEROS,ELEVADO,H-2,REFORMA BICENTENARIO S.A. DE C.V.,"2,399.00",WGS,19,25,46.36,99,9,39.21,,,,,,07/10/2015,15 AÑOS,07/10/2030,OCT,2030,SI,VIGENTE,"AEROPUERTO INTERNACIONAL DE LA CIUDAD DE MEXICO, CIUDAD DE MEXICO",,,,,,
HP 1839,HELIPUERTO,HLE,CENTRO TECNOLOGICO,ESTADO DE MEXICO,ATIZAPÁN DE ZARAGOZA,DIURNO,SERVICIO PARTICULAR,ELEVADO,H-2,APLICA TECNOLOGÍA AVANZADA S.A. DE C.V.,"2,399.00",WGS 84,19,32,36.58,99,16,30.08,,,,,,26/01/2017,15 AÑOS,26/01/2032,ENE,2032,SI,VIGENTE,"AEROPUERTO INTERNACIONAL DE LA CIUDAD DE MEXICO, CIUDAD DE MEXICO",,,,,,
SP 1840,AERÓDROMO,PZO,EL POZO,SINALOA,CULIACAN,DIURNO,SERVICIO PARTICULAR,TERRESTRE,1-A,C.P.A. ANTONIO SALGUEIRO AVILEZ,29.00,WGS 84,24,55,4.45,107,15,4.01,16,34,660,10,TERRACERÍA,05/03/2015,15 AÑOS,05/03/2030,MAR,2030,SI,VIGENTE,"AEROPUERTO INTERNACIONAL DE CULIACAN, SINALOA",,,,,,
SP 1841,AERÓDROMO,MUR,MURALLAS,CHIAPAS,TAPACHULA,DIURNO,SERVICIO PARTICULAR,TERRESTRE,1-A,ALICIA MARQUEZ TORRES,17.50,WGS 84,14,44,4.27,92,19,40.5,5,23,700,5,CEMENTO / PASTO,10/03/2016,15 AÑOS,10/03/2031,MAR,2031,SI,VIGENTE,"AEROPUERTO INTERNACIONAL DE TAPACHULA, CHIAPAS",,,,,,
SP 1842,AERÓDROMO,RES,RANCHO EL SALTO,COAHUILA,JIMÉNEZ,DIURNO,SERVICIO PARTICULAR,TERRESTRE,1-A,GRUPO AGROPECUARIO ARDA S. DE R.L. DE C.V.,295.00,WGS 84,29,5,40.30,100,45,55,13,31,850.00,20,TERRACERÍA,SIN AUTORIZACIÓN,,SIN AUTORIZACIÓN,,,NO,INOPERATIVO,"AEROPUERTO INTERNACIONAL DE CIUDAD ACUÑA, COAHUILA",,,,,,
HP 1843,HELIPUERTO,HJC,SEIDO,CIUDAD DE MÉXICO,CUAUHTÉMOC,DIURNO,SERVICIO PARTICULAR,ELEVADO,H-1,PROCURADURIA GENERAL DE LA REPUBLICA PGR,"2,250.00",WGS 84,19,26,26.00,99,8,66.3,,,,,,SIN AUTORIZACIÓN,,SIN AUTORIZACIÓN,,,NO,INOPERATIVO,"AEROPUERTO INTERNACIONAL DE LA CIUDAD DE MEXICO, CIUDAD DE MEXICO",,,,,,
HP 1844,HELIPUERTO,HJD,INTERPOL MÉXICO,CIUDAD DE MÉXICO,MIGUEL HIDALGO,DIURNO,SERVICIO PARTICULAR,ELEVADO,H-1,PROCURADURIA GENERAL DE LA REPUBLICA PGR,"2,288.00",WGS 84,19,27,11.07,99,12,54.76,,,,,,SIN AUTORIZACIÓN,,SIN AUTORIZACIÓN,,,NO,INOPERATIVO,"AEROPUERTO INTERNACIONAL DE LA CIUDAD DE MEXICO, CIUDAD DE MEXICO",,,,,,
SP 1845,AERÓDROMO,RYC,CPA. ROBERTO YÁÑEZ CRUZ,OAXACA,SANTIAGO JAMILTEPEC,DIURNO,SERVICIO PARTICULAR,TERRESTRE,1-A,H. AYUNTAMIENTO DE SANTIAGO JAMILTEPEC,460.00,WGS 84,16,16,44.60,97,49,52.48,13,31,640.00,18,TERRACERÍA,SIN AUTORIZACIÓN,,SIN AUTORIZACIÓN,,,NO,INOPERATIVO,"AEROPUERTO INTERNACIONAL DE PUERTO ESCONDIDO, OAXACA",,,,,,
HP 1846,HELIPUERTO,HBJ,ONE O ONE,CIUDAD DE MÉXICO,CUAJIMALPA,DIURNO Y NOCTURNO,SERVICIO PARTICULAR,ELEVADO,H-1,"FOMENTO INMOBILIARIO DE SANTA FE, S.A. DE C.V.","2,693.00",WGS 84,19,21,33.00,99,16,44.7,,,,,,01/10/2015,15 AÑOS,01/10/2030,OCT,2030,SI,VIGENTE,"AEROPUERTO INTERNACIONAL DE LA CIUDAD DE MEXICO, CIUDAD DE MEXICO",,,,,,
HP 1847,HELIPUERTO,HXE,MEXIPUERTO ECATEPEC,ESTADO DE MEXICO,ECATEPEC ,DIURNO,SERVICIO PARTICULAR,ELEVADO,H-1,CONSTRUCCIÓN CONSERVACIÓN Y MANTENIMIENTO URBANO S.A. DE C.V.,"2,236.00",WGS 84,19,32,4.20,99,1,36.3,,,,,,SIN AUTORIZACIÓN,,SIN AUTORIZACIÓN,,,NO,INOPERATIVO,"AEROPUERTO INTERNACIONAL DE LA CIUDAD DE MEXICO, CIUDAD DE MEXICO",,,,,,
SP 1848,AERÓDROMO,LGR,LLANO GRANDE,OAXACA,SAN PEDRO TAPANATEPEC,DIURNO,SERVICIO PARTICULAR,TERRESTRE,1-A,RIGOBERTO CADENAS ARROYO,25.00,WGS 84,16,17,51.23,94,9,52.31,3,21,800.00,10,TERRACERÍA,20/02/2017,15 AÑOS,20/02/2032,FEB,2032,SI,VIGENTE,"AEROPUERTO INTERNACIONAL DE TUXTLA GUTIERREZ ""ALBINO CORZO""",,,,,,
HP 1849,BARCO-HELIPUERTO,HGU,GIJON,COLIMA,MANZANILLO,DIURNO,SERVICIO PARTICULAR,HELIPUERTO MIXTO,H-1,"MARTUNA, S.A. DE C.V.",0.00,NO APLICA,NO APLICA,NO APLICA,NO APLICA,NO APLICA,NO APLICA,NO APLICA,,,,,,13/03/2015,15 AÑOS,13/03/2030,MAR,2030,SI,VIGENTE,"AEROPUERTO INTERNACIONAL DE MANZANILLO, COLIMA",,,,,,
SP 1850,AERÓDROMO,UNI,LA UNIÓN,TABASCO,PARAÍSO,DIURNO,SERVICIO PARTICULAR,TERRESTRE,1-A,"GRUPO INMOBILIARIA CARIBEÑA, S.A. DE C.V.",0.00,,18,25.00,54.25,93,20.00,19.63,,,600.00,15,TERRACERÍA,SIN AUTORIZACIÓN,,SIN AUTORIZACIÓN,,,NO,INOPERATIVO,"AEROPUERTO INTERNACIONAL DE VILLAHERMOSA, TABASCO",,,,,,
HP 1851,HELIPUERTO,HSZ (CAMBIAR DESIGNADOR),TELMEX PUEBLA,PUEBLA,PUEBLA,DIURNO,SERVICIO PARTICULAR,ELEVADO,H-1,"TELÉFONOS DE MÉXICO, S.A.B. DE C.V.","2,181.00",WGS 84,19,2.00,57.20,98,13.00,56.7,,,,,,SIN AUTORIZACIÓN,,SIN AUTORIZACIÓN,,,NO,INOPERATIVO,"AEROPUERTO INTERNACIONAL ""HERMANOS SERDÁN"" DE HUEJOTZINGO, PUE.",,,,,,
HP 1852,HELIPUERTO,HRT,TRAGAMEX LEGARIA,CIUDAD DE MÉXICO,MIGUEL HIDALGO,DIURNO,SERVICIO PARTICULAR,ELEVADO,H-1,"TRASNPORTES GAS DE MEXICO, S.A. DE C.V.","2,297.00",WGS 84,19,26.00,39.50,99,12.00,42.3,,,,,,23/03/2018,15 AÑOS,23/03/2033,MAR,2033,SI,VIGENTE,"AEROPUERTO INTERNACIONAL DE LA CIUDAD DE MEXICO, CIUDAD DE MEXICO",,,,,,
SP 1853,AERÓDROMO,LMN,EL LIMÓN,TAMAULIPAS,SOTO LA MARINA,DIURNO,SERVICIO PARTICULAR,TERRESTRE,1-A,ARTURO GARCIA GARCIA,1.80,WGS 84,23,57.00,15.12,97,47.00,3.54,16,34,1375,15,TERRACERÍA,07/04/2015,15 AÑOS,07/04/2030,ABR,2030,NO,INOPERATIVO (RENUNCIA DEL TITULAR),"AEROPUERTO DE CIUDAD VICTORIA, TAMAULIPAS",,,,,,
SP 1854,AERÓDROMO,SCH,EL CHARCO,CHIHUAHUA,CHIHUAHUA,DIURNO,SERVICIO PARTICULAR Y A TERCEROS,TERRESTRE,1-A,NEIL MARTÍN PÉREZ CAMPOS,"1,752.00",WGS 84,28,23.00,29.07,106,12.00,31.64,18,36,2150,25,ASFALTO,01/10/2015,15 AÑOS,01/10/2030,OCT,2030,SI,VIGENTE,"AEROPUERTO INTERNACIONAL DE CIUDAD JUAREZ, CHIHUAHUA",,,,,,
SP 1855,AERÓDROMO,SJS,SAN JOSE,SONORA,GUAYMAS,DIURNO,SERVICIO PARTICULAR,TERRESTRE,1-A,JAIME ROBERTO GRAINGER NEWTON,,WGS 84,,,,,,,,,,,TERRACERÍA,PROYECTO,,PROYECTO,,,NO,INOPERATIVO,"AEROPUERTO INTERNACIONAL DE GUAYMAS, SONORA",,,,,,
SP 1856,AERÓDROMO,CSA,CAMPO SONORA,SONORA,HERMOSILLO,DIURNO,SERVICIO PARTICULAR,TERRESTRE,1-A,"AGRICOLA BAY HERMANOS, S.A. DE C.V.",71.00,WGS 84,28,5.00,3.75,110,32.00,0.582,6,24,960,19,TERRACERÍA,10/03/2016,15 AÑOS,10/03/2031,MAR,2031,SI,VIGENTE,"AEROPUERTO INTERNACIONAL DE GUAYMAS, SONORA",,,,,,
SP 1857,AERÓDROMO,MAY,8 DE MAYO,SONORA,HERMOSILLO,DIURNO,SERVICIO PARTICULAR,TERRESTRE,1-A,"ALIANZA DE PRODUCTORES AGRICOLAS, S.A. DE C.V.",95.00,WGS 84,28,54.00,59.80,111,21.00,24.43,9,27,933,23,TERRACERÍA,29/03/2016,15 AÑOS,29/03/2031,MAR,2031,SI,VIGENTE,"AEROPUERTO INTERNACIONAL DE HERMOSILLO, SONORA",,,,,,
HP 1858,BARCO-HELIPUERTO,HOQ,OAXACA,COLIMA,MANZANILLO,DIURNO,SERVICIO PARTICULAR,HELIPUERTO MIXTO,H-1,"MARATUN, S.A. DE C.V.",0.00,NO APLICA,NO APLICA,NO APLICA,NO APLICA,NO APLICA,NO APLICA,NO APLICA,,,,,,13/03/2015,15 AÑOS,13/03/2030,MAR,2030,SI,VIGENTE,"AEROPUERTO INTERNACIONAL DE MANZANILLO, COLIMA",,,,,,
HP 1859,BARCO-HELIPUERTO,HBZ,CAMILA,SINALOA,MAZATLÁN,DIURNO,SERVICIO PARTICULAR,HELIPUERTO MIXTO,H-1,"PESCA AZTECA, S.A. DE C.V.",0.00,NO APLICA,NO APLICA,NO APLICA,NO APLICA,NO APLICA,NO APLICA,NO APLICA,,,,,,29/04/2015,15 AÑOS,29/04/2030,ABR,2030,SI,VIGENTE,"AEROPUERTO INTERNACIONAL DE MAZATLAN, SINALOA",,,,,,
HP 1860,HELIPUERTO,HRM,REAL DEL MONTE,HIDALGO,PACHUCA,DIURNO,SERVICIO PARTICULAR,TERRESTRE,H-1,"COMPAÑÍA REAL DEL MONTE Y PACHUCA, S.A. DE C.V.","2,440.00",WGS 84,20,8.00,16.23,98,43.00,45.03,,,,,,01/10/2015,15 AÑOS,01/10/2030,OCT,2030,SI,VIGENTE,"AEROPUERTO DE PACHUCA, HIDALGO",,,,,,
SP 1861,AERÓDROMO,RNZ,C.P.A. ROBERTO NEVAREZ DOMINGUEZ ,COLIMA,TECOMÁN,DIURNO,SERVICIO PARTICULAR,TERRESTRE,1-A,ELSA RODILLO PUGA,10.00,WGS,18,47.00,29.70,103,47.00,9.8,2,20,850,10,ASFALTO,28/10/2025,180 DIAS,28/04/2026,ABR,2026,SI,VIGENTE,AEROPUERTO NACIONAL DE COLIMA,,,,,,
SP 1862,AERÓDROMO,JDO,CAP. JUAN DE DIOS ORTIZ,ESTADO DE MEXICO,SAN MATÍN DE LAS PIRÁMIDES,DIURNO,SERVICIO PARTICULAR,HELIPUERTO MIXTO,1-A,AEROEXTREMO DE MÉXICO S.A. DE C.V.,"2,311.00",WGS 84,19,42.00,8.76,98,48.00,40.03,5,23,231,23,TERRACERÍA,04/08/2015,15 AÑOS,04/08/2030,AGO,2030,SI,VIGENTE,"AEROPUERTO INTERNACIONAL DE LA CIUDAD DE MEXICO, CIUDAD DE MEXICO",,,,,,
HP 1863,BARCO-HELIPUERTO,HQT,"TITIS (ANTES ""DOÑA TERE""",SINALOA,MAZATLÁN,DIURNO,SERVICIO PARTICULAR,HELIPUERTO MIXTO,H-1,"PESCA AZTECA, S.A. DE C.V.",0.00,NO APLICA,NO APLICA,NO APLICA,NO APLICA,NO APLICA,NO APLICA,NO APLICA,NO APLICA,NO APLICA,,,,29/04/2015,15 AÑOS,29/04/2030,ABR,2030,SI,VIGENTE,"AEROPUERTO INTERNACIONAL DE MAZATLAN, SINALOA",,,,,,
HP 1864,BARCO-HELIPUERTO,HPZ,PACO C,SINALOA,MAZATLÁN,DIURNO,SERVICIO PARTICULAR,HELIPUERTO MIXTO,H-1,"PESCA AZTECA, S.A. DE C.V.",0.00,NO APLICA,NO APLICA,NO APLICA,NO APLICA,NO APLICA,NO APLICA,NO APLICA,NO APLICA,NO APLICA,,,,29/04/2015,15 AÑOS,29/04/2030,ABR,2030,SI,VIGENTE,"AEROPUERTO INTERNACIONAL DE MAZATLAN, SINALOA",,,,,,
HP 1865,BARCO-HELIPUERTO,HSZ,TAMARA,SINALOA,MAZATLÁN,DIURNO,SERVICIO PARTICULAR,HELIPUERTO MIXTO,H-1,"PESCA AZTECA, S.A. DE C.V.",0.00,NO APLICA,NO APLICA,NO APLICA,NO APLICA,NO APLICA,NO APLICA,NO APLICA,NO APLICA,NO APLICA,,,,29/04/2015,15 AÑOS,29/04/2030,ABR,2030,SI,VIGENTE,"AEROPUERTO INTERNACIONAL DE MAZATLAN, SINALOA",,,,,,
SP 1866,AERÓDROMO,MWS,EL MEZQUITE ROJO,TAMAULIPAS,SAN FERNANDO,DIURNO,SERVICIO PARTICULAR,TERRESTRE,1-B,"PICUDO ROJO, S DE P.R. DE R.L.",6.09,WGS 84,25,3.00,30.89,97,44.00,34.13,16,34,1800,20,ASFALTO,01/10/2015,15 AÑOS,01/10/2030,OCT,2030,SI,VIGENTE,"AEROPUERTO INTERNACIONAL DE MATAMOROS, TAMAULIPAS",,,,,,
SP 1867,AERÓDROMO,STM,SANTA MARÍA,CAMPECHE,DEL CARMEN,DIURNO,SERVICIO PARTICULAR,TERRESTRE,1-A,DANIEL DÍAZ VICEROS,,WGS 84,,,,,,,,,,,TERRACERÍA,SIN AUTORIZACIÓN,,SIN AUTORIZACIÓN,,,NO,INOPERATIVO,"AEROPUERTO INTERNACIONAL DE CIUDAD DEL CARMEN, CAMPECHE",,,,,,
HP 1868,BARCO-HELIPUERTO,HKM,MANZANILLO,COLIMA,MANZANILLO,DIURNO,SERVICIO PARTICULAR,HELIPUERTO MIXTO,H-1,"MARATUN, S.A. DE C.V.",0.00,NO APLICA,NO APLICA,NO APLICA,NO APLICA,NO APLICA,NO APLICA,NO APLICA,,,,,,13/03/2024,15 AÑOS,13/03/2039,MAR,2039,SI,VIGENTE,AEROPUERTO NACIONAL DE COLIMA,,,,,,
HP 1869,HELIPUERTO,HHC,HOSPITAL CORDOBA,VERACRUZ,CORDOBA,DIURNO,SERVICIO PARTICULAR,ELEVADO,H-1,"CORPORATIVO DE HOSPITALES, S.A. DE C.V.",923.00,WGS 84,18,53.00,49.35,96,56.00,33.6,,,,,,30/03/2016,18 AÑOS,31/12/2034,DIC,2034,SI,VIGENTE,"AEROPUERTO INTERNACIONAL DE VERACRUZ, VERACRUZ",,,,,,
HP 1870,HELIPUERTO,HPJ,PUNTO POLANCO,CIUDAD DE MÉXICO,MIGUEL HIDALGO,DIURNO Y NOCTURNO,SERVICIO PARTICULAR,ELEVADO,H-1,"BANCA MIFEL, S.A., INSTITUCIÓN DE BANCA MÚLTIPLE, GRUPO FINANCIERO MIFEL","2,353.00",WGS 84,19,26.00,23.30,99,11.00,3.4,,,,,,21/09/2016,15 AÑOS,21/09/2031,SEP,2031,SI,VIGENTE,"AEROPUERTO INTERNACIONAL DE LA CIUDAD DE MEXICO, CIUDAD DE MEXICO",,,,,,
SP 1871,AERÓDROMO,APR,AEROFUMIGACIONES PUERTO RICO,SINALOA,NAVOLATO,DIURNO,SERVICIO PARTICULAR,TERRESTRE,1-A,ROMEL GUSTAVO GONZÁLEZ LEÓN,9.12,WGS 84,24,43.00,44.39,107,40.00,50.05,8,26,500,9,TERRACERÍA,25/07/2016,15 AÑOS,25/07/2031,JUL,2031,SI,VIGENTE,"AEROPUERTO INTERNACIONAL DE CULIACAN, SINALOA",,,,,,
HP 1872,HELIPUERTO,HNO,LA NORIA,PUEBLA,PUEBLA,DIURNO,SERVICIO PARTICULAR,SUPERFICIE,H-1,"NORIA BUSINESS CENTER, S,A, DE C.V.","2,239.00",WGS,19,2.00,2.47,98,13.00,18.95,,,,,,SIN AUTORIZACIÓN,,SIN AUTORIZACIÓN,,,NO,INOPERATIVO,"AEROPUERTO INTERNACIONAL ""HERMANOS SERDÁN"" DE HUEJOTZINGO, PUE.",,,,,,
SP 1873,AERÓDROMO,AEP,AEROFUMIGACIONES EL PRIMO,TAMAULIPAS,GONZALEZ,DIURNO,SERVICIO PARTICULAR,TERRESTRE,PENDIENTE,AEROFUMIGACIONES EL PRIMO S. DE R.L.,93.00,WGS 84,22,44.00,56.50,98,24.00,43.09,27,60,750,8,TERRACERÍA,16/04/2021,180 DIAS ,16/10/2021,OCT,2021,NO,EN TRAMITE,"AEROPUERTO INTERNACIONAL DE TAMPICO, TAMAULIPAS",,,,,,
SP 1874,AERÓDROMO,LAE,LA ESPERANZA,SINALOA,ANGOSTURA,DIURNO,SERVICIO PARTICULAR,TERRESTRE,1-A,JOSÉ ANTONIO LIERA CAMACHO,15.00,WGS 84,25,21.00,15.73,108,13.00,7.32,8,26,537,10,TERRACERÍA,03/08/2017,15 AÑOS,03/08/2032,AGO,2032,SI,VIGENTE,"AEROPUERTO INTERNACIONAL DE CULIACAN, SINALOA",,,,,,
HP 1875,HELIPUERTO,HNI,PLAZA ANTAIR,COAHUILA,PIEDRAS NEGRAS,DIURNO,SERVICIO PARTICULAR,ELEVADO,H-1,"ANTAIR, S.A. DE C.V.",294.00,WGS 84,28,30.00,31.44,100,42.00,14.11,,,,,,PROYECTO,,PROYECTO,,,NO,INOPERATIVO,"AEROPUERTO INTERNACIONAL DE PIEDRAS NEGRAS, COAHUILA",,,,,,
HP 1876,HELIPUERTO,HEI,ESPACIO SANTA FE,CIUDAD DE MÉXICO,CUAJIMALPA,DIURNO,SERVICIO PARTICULAR Y A TERCEROS,ELEVADO,H-1,"ADMINISTRADORA ESPACIO SANTA FE, A.C.","2,776.00",WGS 84,19,21.00,46.90,99,16.00,53.4,,,,,,16/03/2017,15 AÑOS,16/03/2032,MAR,2032,SI,VIGENTE,"AEROPUERTO INTERNACIONAL DE LA CIUDAD DE MEXICO, CIUDAD DE MEXICO",,,,,,
HP 1877,HELIPUERTO,HSU,HOSPITAL STAR MEDICA QUERETARO,QUERETARO,QUERÉTARO,DIURNO,SERVICIO PARTICULAR,ELEVADO,H-1,"STAR MEDICA, S.A. DE C.V.","1,868.00",WGS 84,20,37.00,3.28,100,24.00,26,,,,,,16/12/2025,180 DIAS,16/06/2026,JUN,2026,SI,VIGENTE,AEROPUERTO INTERCONTINENTAL DE QUERÉTARO.,,,,,,
SP 1878,AERÓDROMO,ERT,EL RETORNO,TAMAULIPAS,GUERRERO,DIURNO,SERVICIO PARTICULAR,TERRESTRE,2-A,RAUL MUÑOZ JR,119.00,WGS 84,26,47.00,9.00,99,18.00,34,12,30,1040,25,TERRACERÍA,18/08/2016,15 AÑOS,18/08/2031,AGO,2031,SI,VIGENTE,"AEROPUERTO INTERNACIONAL DEL NORTE, NUEVO LEON",,,,,,
HP 1880,HELIPUERTO,HDA,CORPORATIVO SANTA FE,CIUDAD DE MÉXICO,CUAJIMALPA,DIURNO Y NOCTURNO,SERVICIO PARTICULAR Y A TERCEROS,ELEVADO,H-1,"ADMINISTRACION TORRE BLUE, A.C.","2,715.00",WGS 84,19,21.00,30.97,99,16.00,42.8,,,,,,20/09/2018,15 AÑOS,17/04/2032,ABR,2032,SI ,VIGENTE ,"AEROPUERTO INTERNACIONAL DE LA CIUDAD DE MEXICO, CIUDAD DE MEXICO",,,,,,
HP 1881,HELIPUERTO,HEL,EL FINANCIERO,CIUDAD DE MÉXICO,TLALPAN,DIURNO,SERVICIO PARTICULAR,ELEVADO,H-1,"GRUPÓ LAUMAN, S.A. DE C.V.","2,400.00",WGS 84,19,18.00,13.50,99,12.00,4.5,,,,,,23/11/2016,180 DIAS,23/05/2017,MAY,2017,NO,INOPERATIVO,"AEROPUERTO INTERNACIONAL DE LA CIUDAD DE MEXICO, CIUDAD DE MEXICO",,,,,,
SP 1882,AERÓDROMO,LNG,LA NUEVA GLORIA,TAMAULIPAS,ALDAMA,DIURNO,SERVICIO PARTICULAR,TERRESTRE,1-A,LA NUEVA GLORIA S.A. DE C.V.,40.00,WGS 84,22,41.00,32.60,98,13.00,39.8,1,19,780,18.00,TERRACERIA COMPACTADA,03/10/2016,15 AÑOS,03/10/2031,OCT,2031,SI,VIGENTE,"AEROPUERTO INTERNACIONAL DE TAMPICO, TAMAULIPAS",,,,,,
SP 1883,AERÓDROMO,RYO,EL NOPAL,TAMAULIPAS,ALDAMA,DIURNO,SERVICIO PARTICULAR,TERRESTRE,1-A,DONALD HORACE EMITH THORNTON,249.00,WGS 84,23,10.00,23.96,98,6.00,48.69,18,36,1075,39.00,TERRACERIA COMPACTADA,26/07/2016,15 AÑOS,26/07/2031,JUL,2031,SI,VIGENTE,"AEROPUERTO INTERNACIONAL DE TAMPICO, TAMAULIPAS",,,,,,
HP 1884,BARCO-HELIPUERTO,HDQ,EL DUQUE,CHIAPAS,TAPACHULA,DIURNO,SERVICIO PARTICULAR,HELIPUERTO MIXTO,H-1,"PESCA AZTECA, S.A. DE C.V.",10.00,NO APLICA,NO APLICA,NO APLICA,NO APLICA,NO APLICA,NO APLICA,NO APLICA,,,,,,21/09/2022,15 AÑOS,21/09/2037,SEP,2037,SI,VIGENTE,"AEROPUERTO INTERNACIONAL DE TAPACHULA, CHIAPAS",,,,,,
HP 1885,HELIPUERTO,HJP,JALMOLONGA,ESTADO DE MEXICO,MALINALCO,DIURNO,SERVICIO PARTICULAR,SUPERFICIE,H-2,"SERVICIOS AEREOS NOTICIOSOS, S.A. DE C.V.","1,534.00",WGS 84,18,54.00,55.70,99,29.00,41.9,,,,,,10/10/2017,180 DIAS,10/04/2018,ABR,2018,NO,EN TRAMITE,"AEROPUERTO INTERNACIONAL DE TOLUCA, ESTADO DE MEXICO",,,,,,
HP 1886,HELIPUERTO,HHW,GRUPO IMAGEN,CIUDAD DE MÉXICO,COYOACÁN,DIURNO,SERVICIO PARTICULAR,ELEVADO,H-2,"GIM ADMINISTRADORA DE INMUEBLES, S.A. DE C.V.","2,292.00",WGS 84,19,20.00,18.24,99,10.00,55.82,,,,,,SIN AUTORIZACIÓN,,SIN AUTORIZACIÓN,,,NO,INOPERATIVO,"AEROPUERTO INTERNACIONAL DE LA CIUDAD DE MEXICO, CIUDAD DE MEXICO",,,,,,
HP 1887,HELIPUERTO,HDP,DESARROLLO PATRIMONIAL CITY,PUEBLA,SAN ANDRES CHOLULA,DIURNO,SERVICIO PARTICULAR,ELEVADO,H-1,"DESARROLLO PATRIMONIAL CITY, S.A. DE C.V.","2,180.00",WGS 84,19,1.00,40.59,98,14.00,9.37,,,,,,02/03/2018,15 AÑOS,02/03/2033,MAR,2033,SI,VIGENTE,"AEROPUERTO INTERNACIONAL ""HERMANOS SERDÁN"" DE HUEJOTZINGO, PUE.",,,,,,
SP 1888,AERÓDROMO,AGO,PISTA ALGODONERA DEL OASIS,CHIHUAHUA,OJINAGA,DIURNO,SERVICIO PARTICULAR,TERRESTRE,1-A,"ALGODONERA DEL OASIS, S.P.R. DE R.I. DE C.V.","1,202.00",WGS 84,28,56.00,23.00,104,39.00,18,9,27,1000,40.00,TERRACERIA,21/03/2018,15 AÑOS,21/03/2033,MAR,2033,SI,VIGENTE,"AEROPUERTO INTERNACIONAL DE CHIHUAHUA, CHIHUAHUA",,,,,,
HP 1889,HELIPUERTO,HVY,TORRE VIRREYES,CIUDAD DE MÉXICO,MIGUEL HIDALGO,DIURNO,SERVICIO PARTICULAR,ELEVADO,H-2,"CORPORATIVO PEDREGAL HISPAMEX, S.A. DE C.V.","2,401.00",WGS 84,19,25.00,29.90,99,12.00,11.9,,,,,,01/07/2016,180 DÍAS,01/01/2017,ENE,2017,NO,INOPERATIVO,"AEROPUERTO INTERNACIONAL DE LA CIUDAD DE MEXICO, CIUDAD DE MEXICO",,,,,,
HP 1890,HELIPUERTO,HNG,CENTRO DE NEGOCIOS TOLUCA,ESTADO DE MEXICO,TOLUCA,DIURNO,SERVICIO PARTICULAR Y A TERCEROS,ELEVADO,H-1,CENTRO DE NEGOCIOS TOLUCA. S.A. DE C.VC.,"2,636.00",WGS 84,19,16.00,47.24,99,36.00,27.71,,,,,,20/02/2018,15 AÑOS,20/02/2033,FEB,2033,SI,VIGENTE,"AEROPUERTO INTERNACIONAL DE TOLUCA, ESTADO DE MEXICO",,,,,,
SP 1891,AERÓDROMO,TFL,TIERRA FLOJA,CHIHUAHUA,"EL ROSAL, GUADALUPE Y CALVO",DIURNO,SERVICIO PARTICULAR,TERRESTRE,1-A,EJIDO BABORIGAME,"2,314.00",WGS 84,26,27.00,22.46,107,22.00,38.76,11,29,450,23.00,TERRACERIA,29/11/2017,15 AÑOS,29/11/2032,NOV,2032,SI,VIGENTE,"AEROPUERTO INTERNACIONAL DE CHIHUAHUA, CHIHUAHUA",,,,,,
SP 1892,AERÓDROMO,ARV,ARROYO VERDE,CHIHUAHUA,"EL ROSAL, GUADALUPE Y CALVO",DIURNO,SERVICIO PARTICULAR,TERRESTRE,1-A,EJIDO SANTA ROSA,"1,775.00",WGS 84,26,26.00,42.75,107,26.00,24.19,11,29,500,18.00,TERRACERIA,29/11/2017,15 AÑOS,29/11/2032,NOV,2032,SI,VIGENTE,"AEROPUERTO INTERNACIONAL DE CHIHUAHUA, CHIHUAHUA",,,,,,
HP 1893,HELIPUERTO,HFF,CORPOFE,CIUDAD DE MÉXICO,ALVARO OBREGON,DIURNO,SERVICIO PARTICULAR,ELEVADO,H-1,"GRUPO LAUMAN, S.A. DE C.V.","2,596.00",WGS 84,19,22.00,0.30,99,15.00,43.85,,,,,,13/01/2017,15 AÑOS,13/01/2032,ENE,2032,SI,VIGENTE,"AEROPUERTO INTERNACIONAL DE LA CIUDAD DE MEXICO, CIUDAD DE MEXICO",,,,,,
HP 1894,HELIPUERTO,HFL,FUENTE BELLA,CIUDAD DE MÉXICO,TLALPAN,DIURNO,SERVICIO PARTICULAR,ELEVADO,H-1,"LAUMAN, S.A. DE C.V.","2,476.00",WGS 84,19,18.00,38.00,99,13.00,10,,,,,,SIN AUTORIZACIÓN,,SIN AUTORIZACIÓN,,,NO,INOPERATIVO,"AEROPUERTO INTERNACIONAL DE LA CIUDAD DE MEXICO, CIUDAD DE MEXICO",,,,,,
SP 1895,AERÓDROMO,MLI,MINA LA INDIA,SONORA,SAHUARIPA,DIURNO,SERVICIO PARTICULAR Y A TERCEROS,TERRESTRE,1-A,"AGNICO SONORA, S.A. DE C.V.","1,700.00",WGS 84,28,43.00,30.10,108,53.00,12.91,13,31,700,40.00,SUELO COMPACTADO,08/08/2017,8 AÑOS,27/11/2027,NOV,2027,SI,VIGENTE,"AEROPUERTO INTERNACIONAL DE HERMOSILLO, SONORA",,,,,,
SP 1896,AERÓDROMO,SJJ,SAN JULIAN,CHIHUAHUA,GUADALUPE Y CALVO,DIURNO,SERVICIO PARTICULAR,TERRESTRE,1-A,"MINERA FRESNILLO, S.A. DE .C.V","2,678.00",WGS 84,26,9.00,42.53,106,32.00,18.67,9,26,800,10.00,ASFALTO,22/06/2021,15 AÑOS ,22/06/2036,JUN,2036,SI,VIGENTE,"AEROPUERTO INTERNACIONAL DE CULIACAN, SINALOA",,,,,,
HP 1897,HELIPUERTO,HJN,ITAM NAVAL MILITAR,CIUDAD DE MÉXICO,ÁLVARO OBREGÓN,DIURNO,SERVICIO PARTICULAR,TERRESTRE,H-1,ASOCIACIÓN MEXICANA DE CULTURA A.C.,"2,336.00",WGS 84,19,20.00,37.25,99,12.00,7.45,,,,,CONCRETO,07/12/2018,15 AÑOS,07/07/2033,DIC,2033,SI ,VIGENTE ,"AEROPUERTO INTERNACIONAL DE LA CIUDAD DE MEXICO, CIUDAD DE MEXICO",,,,,,
HP 1898,HELIPUERTO,HIK,JV NUEVO LEÓN,CIUDAD DE MÉXICO,CUAUHTÉMOC,DIURNO,SERVICIO PARTICULAR,ELEVADO,H-1,"HELIPUERTOS DE PUEBLA, S.A. DE C.V.","2,266.00",WGS 84,19,24.00,14.23,99,10.00,15.67,,,,,CONCRETO,SIN AUTORIZACION,,SIN AUTORIZACION,,,NO,INOPERATIVO,"AEROPUERTO INTERNACIONAL DE LA CIUDAD DE MEXICO, CIUDAD DE MEXICO",,,,,,
SP 1899,AERÓDROMO,NAY,NAYARIT,CAMPECHE,CHAMPOTON,DIURNO,SERVICIO PARTICULAR,TERRESTRE,1-A,C. JOHN HENRY JEFFRIES FLORES,16.00,WGS 84,19,12.00,24.24,90,18.00,18.06,27,9,800,8.00,TERRACERÍA,04/05/2020,15 AÑOS,04/05/2035,AGO,2035,SI,VIGENTE,"AEROPUERTO INTERNACIONAL DE CAMPECHE, CAMPECHE",,,,,,
HP 1900,HELIPUERTO,HVV,LA VIÑA,MICHOACÁN,MORELIA,DIURNO,SERVICIO PARTICULAR,SUPERFICIE,H-1,"AEROTOURS LA VIÑA, S.A. DE C.V.","1,946.00",WGS 84,19,40.00,32.77,101,12.00,17.83,,,,,CONCRETO,06/12/2016,8 AÑOS,31/01/2024,ENE,2024,NO,EN TRAMITE,"AEROPUERTO DE MORELIA, MICHOACAN",,,,,,
HP 1901,HELIPUERTO,HAY,CASA NAYAÁ,GUERRERO,PILCAYA,DIURNO,SERVICIO PARTICULAR,SUPERFICIE,H-1,"NAYAÁ MEZCAL, S.A.P.I. DE C.V.","1,205.00",WGS 84,18,42.00,13.93,99,29.00,18.52,,,,,,24/03/2017,15 AÑOS,24/03/2032,MAR,2032,SI,VIGENTE,"AEROPUERTO INTERNACIONAL DE CUERNAVACA, MORELOS",,,,,,
SP-1902,AERÓDROMO,JAB,RANCHO LOS JABINES,CAMPECHE,CHAMPOTON,DIURNO,SERVICIO PARTICULAR,SUPERFICIE,2-B,"RANCHO LOS JABINES, S. DE P.R. DE R.L.",28,WGS 84,19,6,3.87,90,20,4.6,10,28,1000,25,TERRACERIA,11/05/2017,15 AÑOS,11/05/2032,MAY,2032,SI,VIGENTE,"AEROPUERTO INTERNACIONAL DE CIUDAD DEL CARMEN, CAMPECHE",,,,,,
HP-1903,HELIPUERTO,HVD,LA VIGA,CIUDAD DE MÉXICO,IZTAPALAPA,DIURNO,SERVICIO PARTICULAR,ELEVADO,H-2,"PARKS MANTENIMIENTO, S.C.","2,292.00",WGS 84,19,22,46.88,97,7,17.24,,,,,CONCRETO,03/09/2019,13 AÑOS,03/09/2032,SEP,2032,SI,VIGENTE ,"AEROPUERTO INTERNACIONAL DE LA CIUDAD DE MEXICO, CIUDAD DE MEXICO",,,,,,
HP-1904,HELIPUERTO,HLR,REFORMA LATINO,CIUDAD DE MÉXICO,CUAUHTÉMOC,DIURNO,SERVICIO PARTICULAR Y A TERCEROS,ELEVADO,H-1,"PARKS MANTENIMIENTO, S.C.","2,422.00",WGS 84,19,25,39.03,99,9,55.64,,,,,CONCRETO,10/19/18,11 AÑOS ,11/30/29,NOV,2029,SI ,VIGENTE ,"AEROPUERTO INTERNACIONAL DE LA CIUDAD DE MEXICO, CIUDAD DE MEXICO",,,,,,
SP-1905,AERÓDROMO,EME,SANTA EMA,CHIHUAHUA,CHIHUAHUA,DIURNO,SERVICIO PARTICULAR,TERRESTRE,1-A,MARTHA ROSARIO ALCALA MENDEZ,"1,202.00",WGS 84,28,43,36.99,105,59,18.85,1,19,500,18,TERRACERIA,12/11/20,180 DÍAS,11/06/2021,JUN,2021,NO,INOPERATIVO,"AEROPUERTO INTERNACIONAL DE CIUDAD JUAREZ, CHIHUAHUA",,,,,,
SP-1906,AERÓDROMO,RTI,RANCHO EL TANQUE DEL INDIO,COAHUILA,JIMÉNEZ,DIURNO,SERVICIO PARTICULAR,TERRESTRE,1-A,FERNANDO GONZALEZ ALDAÑA,350.00,WGS 84,27,47,12.00,100,36,42.00,12,30,900.00,30,TERRACERIA,03/03/2017,15 AÑOS,03/03/2032,MAR,2032,SI,VIGENTE,"AEROPUERTO INTERNACIONAL DE PIEDRAS NEGRAS, COAHUILA",,,,,,
SP-1907,AERÓDROMO,PSA,RANCHO SANTA ANITA,CHIHUAHUA,JANOS,DIURNO,SERVICIO PARTICULAR,TERRESTRE,1-A,JUAN ANTONIO GABILONDO TERRAZAS,"1,439.00",WGS 84,30,51,53.44,108,45,6.40,12,30,1100,30,TERRACERIA,02/05/2019,15 AÑOS,01/01/2034,ENE,2034,SI,VIGENTE,"AEROPUERTO INTERNACIONAL DE CIUDAD JUAREZ, CHIHUAHUA",,,,,,
SP-1908,AERÓDROMO,DLS,DOLORES,DURANGO,NAZAS,DIURNO,SERVICIO PARTICULAR,TERRESTRE,2-B,CARLOS GERARDO VALDES BOHIGAS,"1,293.00",WGS 84,25,18,31.20,104,7,46.80,7,25,1000,23,TERRACERIA,SIN AUTORIZACION,,SIN AUTORIZACION,,,NO,INOPERATIVO,"AEROPUERTO INTERNACIONAL DE TORREON, COAHUILA",,,,,,
HP 1909,HELIPUERTO,HRD,DESARROLLO LAS AMERICAS,JALISCO,GUADALAJARA,DIURNO,SERVICIO PARTICULAR,ELEVADO,H-1,"INMOBILIARIA 1500, S.A. DE C.V.","1,572.00",WGS 84,20,41,52.54,103,22,24.42,,,,,CONCRETO,25/01/2021,15 AÑOS,25/01/2036,ENE,2036,SI ,VIGENTE,"AEROPUERTO INTERNACIONAL DE GUADALAJARA, JALISCO",,,,,,
HP-1910,HELIPUERTO,HLC,LOMAS DE COCOYOC,MORELOS,YAUTEPEC ,DIURNO,SERVICIO PARTICULAR,SUPERFICIE,H-1,"LOMAS DE COCOYOC, SA. DE C.V.","1,405.00",WGS 84,18,54,12.95,98,57,1.00,,,,,,SIN AUTORIZACION,,SIN AUTORIZACION,,,NO,INOPERATIVO,"AEROPUERTO INTERNACIONAL DE CUERNAVACA, MORELOS",,,,,,
SP-1911,AERÓDROMO,CAB,EL BURRO,CHIHUAHUA,AHUMADA,DIURNO,SERVICIO PARTICULAR,TERRESTRE,1-A,"CULTIVOS AGRÍCOLAS EL BURRO, S.P.R. DE R.L.","1,311.00",WGS 84,30,32,50.80,106,9,50.50,6,24,1600,23,TERRACERIA,18/03/2018,15 AÑOS,15/03/2033,MAR,2033,SI,VIGENTE,"AEROPUERTO INTERNACIONAL DE CIUDAD JUAREZ, CHIHUAHUA",,,,,,
SP-1912,AERÓDROMO,TQE,TEQUESQUITENGO,MORELOS,PUENTE DE IXTLA,DIURNO,SERVICIO PARTICULAR,TERRESTRE,1-A,C. OSCAR ENRIQUE CALLEJA BELLO,997.00,WGS 84,18,38,48.23,99,15,43.00,10,28,750,10,TERRACERIA,14/09/2017,15 AÑOS,14/09/2032,SEP,2032,SI,VIGENTE,"AEROPUERTO INTERNACIONAL DE CUERNAVACA, MORELOS",,,,,,
SP-1913,AERÓDROMO,RCR,RANCHO CARRETAS,CHIHUAHUA,JANOS,DIURNO,SERVICIO PARTICULAR,TERRESTRE,1-A,"OPERADORA DE RANCHO SAN BLAS, S.A. DE C.V.","1,553.00",WGS 84,30,39,9.46,108,47,24.98,17,35,720,18,TERRACERIA,01/07/2020,6 AÑOS,31/05/2026,MAY,2026,SI,VIGENTE,"AEROPUERTO INTERNACIONAL DE CIUDAD JUAREZ, CHIHUAHUA",,,,,,
SP-1914,AERÓDROMO,RCV,RANCHO CALVILLO,COAHUILA,MUZQUIZ,DIURNO,SERVICIO PARTICULAR,TERRESTRE,1-A,EDUARDO JAVIER HINOJOSA SANCHEZ,539.00,WGS 84,27,54,32.20,101,42,30.60,13,31,1000,20,TERRACERIA,04/03/2021,15 AÑOS,03/03/2036,MAR,2036,SI,VIGENTE,"AEROPUERTO INTERNACIONAL DE MONCLOVA, COAHUILA",,,,,,
HP-1915,HELIPUERTO,HIO,ALTIA,TABASCO,VILLAHERMOSA,DIURNO,SERVICIO PARTICULAR,SUPERFICIE,H-2,INMOBILIARIA DON GREGORIO,,WGS 84,17,59,24.38,92,57,49.78,,,,,,SIN AUTORIZACION,,SIN AUTORIZACION,,,NO,EN TRAMITE,"AEROPUERTO INTERNACIONAL DE VILLAHERMOSA, TABASCO",,,,,,
HP-1916,HELIPUERTO,HFS,CENTRO DE GOB. DEL EDO. DE GUERRERO,GUERRERO,ACAPULCO DE JUÁREZ,DIURNO,SERVICIO PARTICULAR,ELEVADO,H-1,GOBIERNO DEL ESTADO DE GUERRERO.,33.00,WGS 84,16,51,20.00,99,53,51.00,,,,,,SIN AUTORIZACION,,SIN AUTORIZACION,,,NO,INOPERATIVO,"AEROPUERTO INTERNACIONAL DE ACAPULCO, GUERRERO",,,,,,
SP-1917,AERÓDROMO,MRT,MI RANCHITO,SINALOA,CULIACAN,DIURNO,SERVICIO PARTICULAR,TERRESTRE,1-A,RAFAEL ALFARO YAÑEZ,27.00,WGS 84,24,53,14.01,107,38,46.26,12,30,800,7,CONCRETO HIDRAULICO,18/07/2018,15 AÑOS ,18/07/2033,JUL,2033,SI ,VIGENTE ,"AEROPUERTO INTERNACIONAL DE CULIACAN, SINALOA",,,,,,
SP-1918,AERÓDROMO,COM,COMITAN,CHIAPAS,COMITAN,DIURNO,SERVICIO PARTICULAR,TERRESTRE,1-A,LUIS GOMEZ DEL ANGEL,"1,635.00",WGS 84,16,15,58.45,92,4,59.98,12,30,600,7,TERRACERIA,04/12/2017,15 AÑOS,04/12/2032,DIC,2032,SI,VIGENTE,"AEROPUERTO INTERNACIONAL DE TAPACHULA, CHIAPAS",,,,,,
HP-1919,HELIPUERTO,HLX,PARQUE TOREO I,ESTADO DE MEXICO,NAUCALPAN,DIURNO,SERVICIO PARTICULAR,ELEVADO,H-1,ADMINISTRADORA FIBRA DANHOS. S.C.,"2,426.00",WGS 84,19,27,20.37,99,13,9.42,,,,,,12/12/2018,180 DIAS ,12/06/2019,JUN,2019,NO,INOPERATIVO,"AEROPUERTO INTERNACIONAL DE LA CIUDAD DE MEXICO, CIUDAD DE MEXICO",,,,,,
HP-1920,HELIPUERTO,HLY,PARQUE TOREO III,ESTADO DE MEXICO,NAUCALPAN,DIURNO,SERVICIO PARTICULAR,ELEVADO,H-1,ADMINISTRADORA FIBRA DANHOS. S.C.,"2,389.00",WGS 84,19,27,16.51,99,13,5.55,,,,,,12/12/2018,180 DIAS ,12/06/2019,JUN,2019,NO,INOPERATIVO,"AEROPUERTO INTERNACIONAL DE LA CIUDAD DE MEXICO, CIUDAD DE MEXICO",,,,,,
SP-1921,AERÓDROMO,CAR,CARBONERA,SINALOA,CULIACAN,DIURNO,SERVICIO PARTICULAR Y A TERCEROS,TERRESTRE,1-A,ANGEL ERNESTO ANGULO SCOLARI,122.00,WGS 84,24,45,51.48,107,12,51.00,12,30,700,15,TERRACERIA,07/11/2017,15 AÑOS,07/11/2032,NOV,2032,SI,VIGENTE,"AEROPUERTO INTERNACIONAL DE CULIACAN, SINALOA",,,,,,
SP-1922,AERÓDROMO,TUX,LA TUXCANA,JALISCO,TUXCACUESCO,DIURNO,SERVICIO PARTICULAR,TERRESTRE,2-B,"AGRICOLA LA TUXCANA, S.A. DE C.V.",871.00,WGS 84,19,43,45.44,103,58,52.25,9,27,1300,30,TERRACERIA,17/08/2018,15 AÑOS ,15/08/2033,AGO,2033,SI ,VIGENTE ,"AEROPUERTO INTERNACIONAL DE GUADALAJARA, JALISCO",,,,,,
HP-1923,PLATAFORMA-HELIPUERTO,HRR,CANTARELL I,TABASCO,VILLAHERMOSA,DIURNO,SERVICIO PARTICULAR,HELIPUERTO MIXTO,H-2,"GRUPO R PERFORACION, S.A. DE C.V.",20.00,WGS 84,18,41,42.54,93,19,58.54,,,,,,01/06/2017,3 AÑOS,03/12/2020,DIC,2020,NO,INOPERATIVO,"AEROPUERTO INTERNACIONAL DE VILLAHERMOSA, TABASCO",,,,,,
HP-1924,PLATAFORMA-HELIPUERTO,HRS,CANTARELL II,TABASCO,VILLAHERMOSA,DIURNO,SERVICIO PARTICULAR,HELIPUERTO MIXTO,H-2,"GRUPO R PERFORACION, S.A. DE C.V.",20.00,WGS 84,18,30,6.54,93,31,14.03,,,,,,01/06/2017,3 AÑOS,03/12/2020,DIC,2020,NO,INOPERATIVO,"AEROPUERTO INTERNACIONAL DE VILLAHERMOSA, TABASCO",,,,,,
SP-1925,AERÓDROMO,BCB,CARBONERAS,SINALOA,CULIACAN,DIURNO,SERVICIO PARTICULAR,TERRESTRE,1-A,C. JOSÉ RAMON GÁMEZ SALOMÓN,13.00,WGS 84,24,46,2.60,107,13,57.14,13,30,812,15,TERRACERIA,08/04/2014,15 AÑOS,08/04/2034,ABR,2034,SI ,VIGENTE ,"AEROPUERTO INTERNACIONAL DE CULIACAN, SINALOA",,,,,,
HP-1926,HELIPUERTO,HLL,INECOL,VERACRUZ,JALAPA,DIURNO,SERVICIO PARTICULAR,ELEVADO,H-2,"INSTITUTO DE ECOLOGIA, A.C.",13.29,WGS 84,19,30,44.35,96,56,42.31,,,,,,SIN AUTORIZACION,,SIN AUTORIZACION,,,NO,INOPERATIVO,"AEROPUERTO DE JALAPA, VERACRUZ",,,,,,
HP-1927,HELIPUERTO,HDI,TORRE DIANA,CIUDAD DE MÉXICO,CUAUHTÉMOC,DIURNO Y NOCTURNO,SERVICIO PARTICULAR,ELEVADO,H-1,"TORRE DIANA MANAGEMENT, S.C.","2,394.00",WGS 84,19,25,35.48,99,10,18.88,,,,,,19/04/2018,15 AÑOS,19/04/2033,ABR,2033,SI,VIGENTE,"AEROPUERTO INTERNACIONAL DE LA CIUDAD DE MEXICO, CIUDAD DE MEXICO",,,,,,
SP-1928,AERÓDROMO,ALM,EL ALAMO,BAJA CALIFORNIA,MEXICALI,DIURNO,SERVICIO PARTICULAR,TERRESTRE,1-A,JOSE LUIS OCHOA CONTRERAS,15.00,WGS 84,32,29,25.40,115,11,5.87,4,22,1000,10,TERRACERIA,19/02/2018,15 años,01/01/2033,ENE,2033,SI,VIGENTE,"AEROPUERTO INTERNACIONAL DE MEXICALI, BAJA CALIFORNIA",,,,,,
SP-1929,AERÓDROMO,CHO,EL CACHORRO,CHIHUAHUA,CAMARGO,DIURNO,SERVICIO PARTICULAR,TERRESTRE,1-A,"TORRES BOQUILLA, S. DE P.R. DE. R.L. DE C.P.","1,323.00",WGS 84,27,31,43.09,105,21,4.85,15,33,1250,50,TERRACERIA,24/11/2017,180 DÍAS,24/05/2018,MAY,2018,NO,INOPERATIVO,"AEROPUERTO INTERNACIONAL DE CIUDAD JUAREZ, CHIHUAHUA",,,,,,
SP-1930,AERÓDROMO,BGC,BODEGAS GRANELERAS DEL CAMPO,CHIHUAHUA,CIUDAD CUAHUTÉMOC,DIURNO,SERVICIO PARTICULAR,TERRESTRE,1-A,"BODEGAS GRANELERAS DEL CAMPO, S.A. DE C.V.","2,023.00",WGS 84,28,46,31.40,107,5,42.54,8,26,1600,20,ASFALTO,24/11/2017,180 DÍAS,24/05/2018,MAY,2018,NO,INOPERATIVO,"AEROPUERTO INTERNACIONAL DE CIUDAD JUAREZ, CHIHUAHUA",,,,,,
SP-1931,AERÓDROMO ACUÁTICO,ILP,ISLA DE LA PASION ,QUINTANA ROO,COZUMEL,DIURNO,SERVICIO PARTICULAR,ACUATICO,2-B,"PENINSULA DE LA PASION, S.A. DE C.V.",0.00,WGS 84,20,32,36.50,86,52,4.00,11,29,1000,30,ACUÁTICA,SIN AUTORIZACION,,SIN AUTORIZACION,,,NO,EN TRAMITE,"AEROPUERTO INTERNACIONAL DE COZUMEL, QUINTANA ROO",,,,,,
SP-1932,AERÓDROMO,ROS,LA ROSCA,SINALOA,ANGOSTURA,DIURNO,SERVICIO PARTICULAR,TERRESTRE,1-A,"AGRICOLA EL INGENIERO, S.P.R. DE R.L.",40.00,WGS 84,25,24,5.98,108,7,17.98,17,35,640,13,ASFALTO,16/11/2017,14 AÑOS,11/02/2031,FEB,2031,SI,VIGENTE,"AEROPUERTO INTERNACIONAL DE CULIACAN, SINALOA",,,,,,
SP-1933,AERÓDROMO,SCF,EL SACRIFICIO,CHIHUAHUA,COYAME,DIURNO,SERVICIO PARTICULAR,TERRESTRE,1-A,HECTOR CARRILLO RICO,"1,312.00",WGS 84,29,41,33.00,105,48,54.50,15,33,1000,18,TERRACERIA,27/04/2018,15 AÑOS,27/04/2033,ABR,2033,SI,VIGENTE,"AEROPUERTO INTERNACIONAL DE CIUDAD JUAREZ, CHIHUAHUA",,,,,,
SP-1934,AERÓDROMO,RHM,HOTEL ROMA,BAJA CALIFORNIA,ENSENADA,DIURNO,SERVICIO PARTICULAR,TERRESTRE,3-B,"HOTEL ROMA, S.A. DE C.V.","1,500.00",WGS 84,28,7,14.04,112,49,2.94,2,20,1500,30,TERRACERIA,19/02/2026,180 DIAS,19/08/2026,AGO,2026,SI,VIGENTE,"AEROPUERTO INTERNACIONAL DE SAN FELIPE, BAJA CALIFORNIA",,,,,,
HP-1935,HELIPUERTO,HRG,GPM AEROSERVICIO TOLUCA,ESTADO DE MEXICO,SAN MATEO OTZACATIPAN,DIURNO,SERVICIO PARTICULAR,SUPERFICIE,H-1,GPM AEROSERVICIO S.A. DE C.V.,"2,595.00",WGS 84,19,20,15.00,99,35,25.00,NO APLICA,NO APLICA,,,,17/06/2024,15 AÑOS,17/06/1939,JUN,2039,SI,VIGENTE,"AEROPUERTO INTERNACIONAL DE TOLUCA, ESTADO DE MEXICO",,,,,,
HP-1936,HELIPUERTO,HNQ,CORPORATIVO NIETO,QUERETARO,QUERÉTARO,DIURNO,SERVICIO PARTICULAR,SUPERFICIE,H-1,"NYCSA, S.A. DE C.V.","1,840.00",WGS 84,20,35,10.00,100,22,15.00,NO APLICA,NO APLICA,,,,12/01/2020,15 AÑOS,12/02/2035,FEB,2035,SI,VIGENTE,AEROPUERTO INTERCONTINENTAL DE QUERÉTARO.,,,,,,
SP-1937,AERÓDROMO,ARP,HARPE,CHIHUAHUA,VILLA AHUMADA,DIURNO,SERVICIO PARTICULAR,TERRESTRE,1-A,HERMAN HARMS PETERS,"1,432.00",WGS 84,30,8,8.50,106,24,46.42,11,29,1100,20,TERRACERIA,15/08/2018,15 AÑOS,15/08/2033,AGO,2033,SI,VIGENTE ,"AEROPUERTO INTERNACIONAL DE CIUDAD JUAREZ, CHIHUAHUA",,,,,,
SP-1938,AERÓDROMO,LVA,HERRADURA DE LA VILLITA,SINALOA,CULIACAN,DIURNO,SERVICIO PARTICULAR,TERRESTRE,1-A,MIGUEL ANGEL SALAS FAVELA,74.00,WGS 84,24,48,47.82,107,16,44.27,5,23,800,10,TERRACERIA,23/10/2018,15 AÑOS,23/10/2033,OCT,2033,SI,VIGENTE,"AEROPUERTO INTERNACIONAL DE CULIACAN, SINALOA",,,,,,
HP-1939,HELIPUERTO,HIU,MINERALES INGUARAN,QUERETARO,CORREGIDORA,DIURNO,SERVICIO PARTICULAR,SUPERFICIE,H-1,"MINERALES INGUARAN, S.A. DE C.V.","1,843.00",WGS 84,20,33,26.42,100,29,4.06,NO APLICA,NO APLICA,,,,10/10/2018,15 AÑOS,10/10/2033,OCT,2033,SI,VIGENTE ,AEROPUERTO INTERCONTINENTAL DE QUERÉTARO.,,,,,,
SP-1940,AERÓDROMO,TBA,BAHIA TORTUGAS,BAJA CALIFORNIA SUR,MULEGE,DIURNO,SERVICIO PARTICULAR Y A TERCEROS,TERRESTRE,3-C,ING. JUAN SEBASTIAN ROMO CARRILLO,32.00,WGS 84,27,42,17.69,114,54,34.71,11,29,1600,30,ASFALTO,05/10/2020,15 AÑOS,05/10/2035,OCT,2035,SI,VIGENTE,"AEROPUERTO INTERNACIONAL DE SAN JOSÉ DEL CABO, B.C.S.",,,,,,
HP-1941,HELIPUERTO,HHU,HOSPITAL GENERAL DE 120 CAMAS DE ACAPULCO,GUERRERO,ACAPULCO DE JUÁREZ,DIURNO,SERVICIO PARTICULAR,ELEVADO,H-2,SERVICIOS ESTATALES DE SALUD DEL ESTADO DE GUERRERO,26.56,WGS 84,16,55,52.50,99,49,15.10,NO APLICA,NO APLICA,,,,SIN AUTORIZACION,,SIN AUTORIZACION,,,NO,INOPERATIVO,"AEROPUERTO INTERNACIONAL DE ACAPULCO, GUERRERO",,,,,,
HP-1942,HELIPUERTO,HHF,HIPOCO CUATROCUATROS,BAJA CALIFORNIA,ENSENADA,DIURNO,SERVICIO PARTICULAR,TERRESTRE,H-1,"HIPICO CUATROCUATROS, S.A. DE C.V.",171.00,WGS 84,31,57,1.29,116,45,8.75,NO APLICA,NO APLICA,,,,SIN AUTORIZACION,,SIN AUTORIZACION,,,NO,INOPERATIVO,"AEROPUERTO INTERNACIONAL DE ENSENADA, BAJA CALIFORNIA",,,,,,
HP-1943,HELIPUERTO,HRU,CAPELA,GUERRERO,TELOLOAPAN,DIURNO,SERVICIO PARTICULAR,SUPERFICIE,H-1,"MINERA CAPELA, S.A. DE C.V.","1,231.00",WGS 84,18,18,40.04,99,55,48.13,NO APLICA,NO APLICA,,,,07/12/2018,15 AÑOS,07/12/2033,DIC,2033,SI,VIGENTE ,"AEROPUERTO INTERNACIONAL DE CUERNAVACA, MORELOS",,,,,,
HP-1944,HELIPUERTO,HUN,HOSPITAL DE TRAUMATOLOGIA Y ORTOPEDIA,PUEBLA,PUEBLA,DIURNO,SERVICIO PARTICULAR,ELEVADO,H-1,SERVICIOS DE SALUD DEL ESTADO DE PUEBLA,"2,217.16",WGS 84,19,5,12.10,98,11,56.00,NO APLICA,NO APLICA,,,,15/04/2019,30 AÑOS,15/04/2049,ABR,2049,SI,VIGENTE ,"AEROPUERTO INTERNACIONAL ""HERMANOS SERDÁN"" DE HUEJOTZINGO, PUE.",,,,,,
HP-1945,HELIPUERTO,HUO,COMPLEJO MEDICO DEL SUR,PUEBLA,PUEBLA,DIURNO,SERVICIO PARTICULAR,SUPERFICIE,H-1,SERVICIOS DE SALUD DEL ESTADO DE PUEBLA,"2,128.00",WGS 84,18,59,4.60,98,14,31.30,NO APLICA,NO APLICA,,,,29/11/2018,30 AÑOS,29/11/2048,NOV,2048,SI,VIGENTE,"AEROPUERTO INTERNACIONAL ""HERMANOS SERDÁN"" DE HUEJOTZINGO, PUE.",,,,,,
HP-1946,HELIPUERTO,HUP,HOSPITAL GENERAL DE CHOLULA,PUEBLA,SAN ANDRES CHOLULA,DIURNO,SERVICIO PARTICULAR,ELEVADO,H-1,SERVICIOS DE SALUD DEL ESTADO DE PUEBLA,"2,112.83",WGS 84,19,1,2.60,98,15,56.70,NO APLICA,NO APLICA,,,,29/11/2018,30 AÑOS ,29/11/2048,NOV,2048,SI ,VIGENTE,"AEROPUERTO INTERNACIONAL ""HERMANOS SERDÁN"" DE HUEJOTZINGO, PUE.",,,,,,
HP-1947,HELIPUERTO,HUQ,HOSPITAL GENERAL DE TEZIUTLAN,PUEBLA,TEZIUTLAN,DIURNO,SERVICIO PARTICULAR,ELEVADO,H-1,SERVICIOS DE SALUD DEL ESTADO DE PUEBLA,"1,920.95",WGS 84,19,49,19.00,97,22,36.90,NO APLICA,NO APLICA,,,,15/04/2019,30 AÑOS,15/04/2049,ABR,2049,SI,VIGENTE,"AEROPUERTO INTERNACIONAL ""HERMANOS SERDÁN"" DE HUEJOTZINGO, PUE.",,,,,,
SP-1948,AERÓDROMO,LRC,LA ROCA,GUANAJUATO,SAN LUIS DE LA PAZ,DIURNO,SERVICIO PARTICULAR,TERRESTRE,1-A,JORGE LUIS ORLANZZINI MERLO,"2,017.00",WGS 84,21,14,53.00,100,39,43.00,7,25,,,,14/12/2018,15 AÑOS,14/12/2033,DIC,2033,SI ,VIGENTE,"AEROPUERTO DE CELAYA, GUANAJUATO",,,,,,
HP-1949,HELIPUERTO,HJO,EL CORTIJO ,ESTADO DE MEXICO,HUIXQUILUCAN,DIURNO,SERVICIO PARTICULAR,SUPERFICIE,H-1,"AEROMÉDICA, S.A. DE C.V.","2,488.00",WGS 84,19,24,10.00,99,16,37.00,NO APLICA,NO APLICA,,,,14/08/2018,15 AÑOS,14/08/2033,AGO,2033,SI,VIGENTE,"AEROPUERTO INTERNACIONAL DE LA CIUDAD DE MEXICO, CIUDAD DE MEXICO",,,,,,
HP-1950,HELIPUERTO,HDU,PLANTA AUDI MEXICO,PUEBLA,SAN JOSE CHIAPA,DIURNO Y NOCTURNO,SERVICIO PARTICULAR,SUPERFICIE,H-2,"AUDI MÉXICO, SA. DE C.V.","2,360.00",WGS 84,19,12,59.00,97,44,47.00,NO APLICA,NO APLICA,,,,25/06/2019,15 AÑOS,25/06/2034,JUN,2034,SI,VIGENTE,"AEROPUERTO INTERNACIONAL ""HERMANOS SERDÁN"" DE HUEJOTZINGO, PUE.",,,,,,
SP-1951,AERÓDROMO,LHN,LA HABANA,SONORA,HERMOSILLO,DIURNO,SERVICIO PARTICULAR,TERRESTRE,1-A,OSCAR FRANCISCO PIÑA AYALA,104.00,WGS 84,28,52,24.50,111,16,35.00,5,23,800,15,TERRACERÍA,29/05/2019,15 AÑOS,29/05/2034,MAY,2034,SI,VIGENTE,"AEROPUERTO INTERNACIONAL DE HERMOSILLO, SONORA",,,,,,
SP-1953,AERÓDROMO,ELE,ELEVATE,COLIMA,CUAUHTÉMOC,DIURNO,SERVICIO PARTICULAR,TERRESTRE,1-A,"CLUB AERODEPORTIVO ELEVATE, A.C.",785.00,WGS 84,19,18,38.80,103,38,31.09,3,21,780,18,TERRACERÍA,10/10/2018,15 AÑOS ,10/10/2033,OCT,2033,SI,VIGENTE ,AEROPUERTO NACIONAL DE COLIMA,,,,,,
HP-1954,HELIPUERTO,HON,HOTEL CONRAD,SAN LUIS POTOSÍ,SAN LUIS POTOSI,DIURNO,SERVICIO PARTICULAR,ELEVADO,H-1,"HOSPITALIDAD DE SAN LUIS, S.A. DE C.V.","1,860.00",WGS 84,22,8,17.99,101,1,48.80,NO APLICA,NO APLICA,,,,SIN AUTORIZACION,,SIN AUTORIZACION,,,NO,INOPERATIVO,"AEROPUERTO INTERNACIONAL DE TAMPICO, TAMAULIPAS",,,,,,
HP-1955,HELIPUERTO,HBL,CANTILES DE MITA,NAYARIT,BAHIA DE BANDERAS,DIURNO,SERVICIO PARTICULAR,SUPERFICIE,H-1,"CANTILES DE MITA, S.A. DE C.V.",25.00,WGS 84,20,46,38.02,105,31,10.79,NO APLICA,NO APLICA,,,CONCRETO,29/01/2020,180 DIAS,29/07/2020,JUL,2020,NO,INOPERATIVO,"AEROPUERTO INTERNACIONAL DE PUERTO VALLARTA, JALISCO",,,,,,
HP-1956,HELIPUERTO,HEZ,TLALNEPANTLA DE BAZ,ESTADO DE MEXICO,TLALNEPANTLA DE BAZ,DIURNO,SERVICIO PARTICULAR,ELEVADO,H-1,H. MUNICIPIO DE TLALNEPANTLA DE BAZ,"2,278.00",WGS 84,19,32,19.73,99,11,47.05,NO APLICA,NO APLICA,,,CONCRETO,SIN AUTORIZACION,,SIN AUTORIZACION,,,NO,INOPERATIVO,"AEROPUERTO INTERNACIONAL DE TOLUCA, ESTADO DE MEXICO",,,,,,
SP- 1957,AERÓDROMO,BOV,BONITO VALLE,BAJA CALIFORNIA,MEXICALI,DIURNO,SERVICIO PARTICULAR,TERRESTRE,1-A,GUADALUPE DE JESUS PEREZ MENDOZA,20.00,WGS 84,32,34,39.17,114,58,53.59,5,23,500,20,TERRACERIA,19/08/2019,15 AÑOS,19/08/2034,AGO,2034,NO,INOPERATIVO (RENUNCIA DEL TITULAR),"AEROPUERTO INTERNACIONAL DE MEXICALI, BAJA CALIFORNIA",,,,,,
HP 1958,HELIPUERTO,HFB,BANORTE TLALPAN III,CIUDAD DE MÉXICO,TLALPAN,DIURNO,SERVICIO PARTICULAR Y A TERCEROS,ELEVADO,H-1,"BANCO MERCANTIL DEL NORTE, S.A., INSTITUCIÓN DE BANCA MÚLTIPLE GRUPO FINANCIERO BANORTE","2,274.00",WGS 84,19,18,49.10,99,8,12.50,NO APLICA,NO APLICA,,,CONCRETO,02/06/2021,15 AÑOS,02/06/2036,JUN,2036,SI,VIGENTE,"AEROPUERTO INTERNACIONAL DE LA CIUDAD DE MEXICO, CIUDAD DE MEXICO",,,,,,
HP-1959,HELIPUERTO,HHY,HOSPITAL ESPAÑOL,CIUDAD DE MÉXICO,MIGUEL HIDALGO,DIURNO,SERVICIO PARTICULAR,SUPERFICIE,H-1,"SOCIEDAD DE BENEFICIENCIA ESPAÑOLA, I.A.P.","2,250.00",WGS 84,19,26,22.79,99,11,52.76,NO APLICA,NO APLICA,,,CONCRETO,SIN AUTORIZACION,,SIN AUTORIZACION,,,NO,EN TRAMITE,"AEROPUERTO INTERNACIONAL DE LA CIUDAD DE MEXICO, CIUDAD DE MEXICO",,,,,,
SP-1960,AERÓDROMO,IMA,IMALA,SINALOA,CULIACAN,DIURNO,SERVICIO PARTICULAR,TERRESTRE,1-A,C.PA. ANGEL MARIO ZAMUDIO ESCOBAR,81.00,WGS 84,24,51,23.76,107,13,44.48,9,27,570,20.00,TERRACERIA,8/10/18,180 DIAS ,2/18/19,FEB,2019,NO,INOPERATIVO,"AEROPUERTO INTERNACIONAL DE CULIACAN, SINALOA",,,,,,
HP-1961,HELIPUERTO,HYB,METROPOLITAN,PUEBLA,CHOLULA,DIURNO Y NOCTURNO,SERVICIO PARTICULAR Y A TERCEROS,ELEVADO,H-1,"METROPOLITAN DESARROLLOS PREMIUN, S.A.P.I. DE C.V.","2,123.00",WGS 84,19,1,40.66,98,14,14.95,,,,,,7/11/19,15 AÑOS,7/11/34,JUL,2034,SI ,VIGENTE,"AEROPUERTO INTERNACIONAL ""HERMANOS SERDÁN"" DE HUEJOTZINGO, PUE.",,,,,,
HP-1962,HELIPUERTO,HIS,AURUM,NUEVO LEÓN,SAN PEDRO GARZA GARCIA,DIURNO,SERVICIO PARTICULAR,ELEVADO,H-1,"INMOBILIARIA INVERPAGA, SA. DE C.V.",660.00,WGS 84,25,39,30.73,100,20,34.02,,,,,,11/03/2019,15 AÑOS,11/03/2034,MAR,2034,SI,VIGENTE,"AEROPUERTO INTERNACIONAL DEL NORTE, NUEVO LEON",,,,,,
SP-1963,AERÓDROMO,MNT,RANCHO MONTENEGRO,VERACRUZ,TUXPAN,DIURNO,SERVICIO PARTICULAR,TERRESTRE,1-A,"PRACTICA VERACRUZANA, S.A.P.I. DE C.V.",21.00,WGS 84,21,6,33.50,97,25,19.63,10,20,600,15,TERRACERIA,14/05/2019,15 AÑOS,14/05/2034,ENE,2034,SI ,VIGENTE,"AEROPUERTO DE POZA RICA, VERACRUZ",,,,,,
SP-1964,AERÓDROMO,LFR,LA FRONTERA,CHIHUAHUA,VILLA LOPEZ,DIURNO,SERVICIO PARTICULAR,TERRESTRE,1-A,"ANA MARGARITA, S.P.R. DE R.L. DE C.V.",14.45,WGS 84,27,2,25.08,105,2,48.91,1,19,1200,20,TERRACERIA,01/12/2020,15 AÑOS,01/12/2035,DIC,2035,SI,VIGENTE,"AEROPUERTO INTERNACIONAL DE CHIHUAHUA, CHIHUAHUA",,,,,,
HP-1965,HELIPUERTO,HZP,C5i GUANAJUATO,GUANAJUATO,SILAO,DIURNO,SERVICIO PARTICULAR,SUPERFICIE,H-1,GOBIERNO DEL ESTADO DE GUANAJUATO,"1,797.00",WGS 84,21,0,37.37,101,30,49.76,,,,,,11/03/2019,30 AÑOS ,11/03/2049,MAR,2049,SI,VIGENTE,"AEROPUERTO INTERNACIONAL DE GUANAJUATO, GUANAJUATO",,,,,,
HP-1966,HELIPUERTO,HLF,HELIMAZ CHIAPAS,CHIAPAS,TAPACHULA,DIURNO,SERVICIO PARTICULAR,SUPERFICIE,H-1,"HELIMAZ, S. A. DE C. V.",24.50,WGS 84,14,46,21.24,92,22,57.02,,,,,,06/05/2019,15 AÑOS,30/11/2033,NOV,2033,SI ,VIGENTE,"AEROPUERTO INTERNACIONAL DE TAPACHULA, CHIAPAS",,,,,,
HP-1967,HELIPUERTO,HLW,LOS LEONES,CHIHUAHUA,CHIHUAHUA,DIURNO,SERVICIO PARTICULAR,SUPERFICIE,H-1,"TRANSPORTADORA Y COMERCIALIZADORA BAPORACHIC, SA. DE C.V.","1,360.00",WGS 84,28,44,20.48,105,58,53.81,,,,,,22/03/2019,15 AÑOS,22/03/2034,MAR,2034,SI ,VIGENTE,"AEROPUERTO INTERNACIONAL DE CHIHUAHUA, CHIHUAHUA",,,,,,
SP-1968,AERÓDROMO,ALF,AGRICOLA LA FORTUNA,SINALOA,NAVOLATO,DIURNO,SERVICIO PARTICULAR,TERRESTRE,1-A,"AGRICOLA LA FORTUNA,S.P.R. DE R.I.",12.00,WGS 84,24,44,15.44,107,43,38.22,8,26,607.89,21,TERRACERIA,20/07/2020,15 AÑOS,20/07/2035,JUL,2035,SI,VIGENTE,"AEROPUERTO INTERNACIONAL DE CULIACAN, SINALOA",,,,,,
HP-1969,BARCO-HELIPUERTO,HRZ,MARIETA,SINALOA,MAZATLÁN,DIURNO,SERVICIO PARTICULAR,HELIPUERTO MIXTO,H-1,"MT PESCA INDUSTRIAL, S.A. DE C.V.",8.00,WGS 84,23,13,0.92,106,23,28.49,,,,,,20/12/2019,15 AÑOS,20/12/2034,DIC,2034,SI,VIGENTE,"AEROPUERTO INTERNACIONAL DE CULIACAN, SINALOA",,,,,,
HP-1970,PLATAFORMA-HELIPUERTO,HUI,SEMI 1,CAMPECHE,CIUDAD DEL CARMEN,DIURNO,SERVICIO PARTICULAR,HELIPUERTO MIXTO,H-1,"MANTENIMINETO MARINO DE MEXICO, S. DE R.L. DE C.V.",21.00,WGS 84,19,29,1.00,91,57,17.00,,,,,,SIN AUTORIZACIÓN,,SIN AUTORIZACIÓN,,,NO,INOPERATIVO,"AEROPUERTO INTERNACIONAL DE CIUDAD DEL CARMEN, CAMPECHE",,,,,,
HP-1971,HELIPUERTO,HSJ,CIMA REAL,GUERRERO,ACAPULCO DE JUÁREZ,DIURNO,SERVICIO PARTICULAR,ELEVADO,H-A,"CIMA REAL INMOBILIARIA, S.A. DE C.V.",123.00,WGS 84,26,47,23.81,99,49,53.61,NO APLICA,NO APLICA,,,,29/11/2018,15 AÑOS,29/11/2033,NOV,2033,SI,VIGENTE,"AEROPUERTO INTERNACIONAL DE ACAPULCO, GUERRERO",,,,,,
HP-1972,HELIPUERTO,HJX,JV XALAPA,VERACRUZ,JALAPA,DIURNO,SERVICIO PARTICULAR,ELEVADO,H-1,"HELIPUERTOS DE PUEBLA, S.A. DE C.V.",25.00,WGS 84,19,30,54.11,96,52,56.19,,,,,,09/12/2022,15 AÑOS,31/07/2037,JUL,2037,SI,VIGENTE ,"AEROPUERTO INTERNACIONAL DE VERACRUZ, VERACRUZ",,,,,,
HP-1973,HELIPUERTO,HJJ,JV VERACRUZ,VERACRUZ,VERACRUZ,DIURNO,SERVICIO PARTICULAR,ELEVADO,H-1,"HELIPUERTOS DE PUEBLA, S.A. DE C.V.",25.00,WGS 84,19,8,5.57,96,6,15.07,,,,,,12/19/19,15 AÑOS,12/19/34,DIC,2034,SI ,VIGENTE,"AEROPUERTO INTERNACIONAL DE VERACRUZ, VERACRUZ",,,,,,
HP-1974,HELIPUERTO,HSG,SSP GUANAJUATO,GUANAJUATO,GUANAJUATO,DIURNO,SERVICIO PARTICULAR,ELEVADO,H-2,GOBIERNO DEL ESTADO DE GUANAJUATO,"1,916.00",WGS 84,20,57,29.00,101,17,42.00,,,,,,3/11/19,30 AÑOS,3/11/49,MAR,2049,SI,VIGENTE,"AEROPUERTO INTERNACIONAL DE GUANAJUATO, GUANAJUATO",,,,,,
SP-1975,AERÓDROMO,LAU,LA AURORA,SONORA,SAN LUIS RIO COLORADO,DIURNO,SERVICIO PARTICULAR Y A TERCEROS,TERRESTRE,1-A,"SERVICIOS AEREOS LA AURORA, S. DE R.L. DE C.V.",12.00,WGS 84,32,14,11.63,115,0,23.59,9,27,700,20,TERRACERIA,3/11/20,15 AÑOS,4/1/34,ABR,2034,SI,VIGENTE,"AEROPUERTO INTERNACIONAL DE MEXICALI, BAJA CALIFORNIA",,,,,,
HP-1976,BARCO-HELIPUERTO,HKL,CAROL LINDA,SINALOA,MAZATLÁN,DIURNO,SERVICIO PARTICULAR,HELIPUERTO MIXTO,H-1,"PESCA INDUSTRIAL ATUNERA DE ALTURA, S.A. DE C.V.",8.57,WGS 84,23,12,2.70,106,24,43.10,,,,,ALUMINIO,12/19/19,15 AÑOS,12/19/34,DIC,2034,SI,VIGENTE,"AEROPUERTO INTERNACIONAL DE MAZATLAN, SINALOA",,,,,,
HP-1977,HELIPUERTO,HLU,LOS ENCINOS,NUEVO LEÓN,SAN PEDRO GARZA GARCIA,DIURNO,SERVICIO PARTICULAR Y A TERCEROS,SUPERFICIE,H-1,"AERO SERVICIOS TECNICOS REGIOMONTANOS, S.A. DE C.V.",700.00,WGS 84,25,37,37.00,100,20,52.00,,,,,CONCRETO,24/02/2020,14 AÑOS,01/11/2034,NOV,2034,SI,VIGENTE,"AEROPUERTO INTERNACIONAL DE MONTERREY, NUEVO LEON",,,,,,
SP-1978,AERÓDROMO,STL,SANTA ELENA,TAMAULIPAS,MATAMOROS,DIURNO,SERVICIO PARTICULAR,TERRESTRE,1-A,AARON GARCIA BALDERAS,18.00,WGS 84,25,59,24.20,97,45,36.30,14,32,650.00,18.00,TERRACERIA,05/06/2019,15 AÑOS,05/06/2034,JUN,2034,SI,VIGENTE ,"AEROPUERTO INTERNACIONAL DE MATAMOROS, TAMAULIPAS",,,,,,
HP-1979,HELIPUERTO,HHQ,CENTRO MEDICO CULIACAN HOSPITAL ANGELES,SINALOA,CULIACAN,DIURNO,SERVICIO PARTICULAR,ELEVADO,H-1,"CENTRO MEDICO CULIACAN, S.A. DE C.V.",60.00,WGS 84,24,47,45.00,107,26,14.59,,,,,CONCRETO,SIN AUTORIZACION,,SIN AUTORIZACION,,,NO,INOPERATIVO,"AEROPUERTO INTERNACIONAL DE CULIACAN, SINALOA",,,,,,
SP 1980,AERÓDROMO,UER,HUERTA 7433,CHIHUAHUA,ALDAMA,DIURNO,SERVICIO PARTICULAR,TERRESTRE,1-A,"HUERTA EL PUEBLITO, S.A. DE C.V.","1,077.00",WGS 84,28,53,8.03,105,26,34.98,12,30,650.00,30.00,TERRACERIA,23/10/2021,15 AÑOS,23/10/2036,OCT,2036,SI,VIGENTE,"AEROPUERTO INTERNACIONAL DE CHIHUAHUA, CHIHUAHUA",,,,,,
HP-1981,HELIPUERTO,HGK,TORRE ELEMENTA,PUEBLA,SAN ANDRES CHOLULA,DIURNO,SERVICIO PARTICULAR,ELEVADO,H-1,"GRUPO PORTOLLANO, S.A. DE C.V.","2,205.00",WGS 84,18,59,52.22,98,16,46.27,,,,,,16/12/2022,15 AÑOS,16/12/2037,DIC,2037,SI,VIGENTE,"AEROPUERTO INTERNACIONAL ""HERMANOS SERDÁN"" DE HUEJOTZINGO, PUE.",,,,,,
HP-1982,HELIPUERTO,HGO,ING. DAVID TORRES,VERACRUZ,MEDELLIN DE BRAVO,DIURNO,SERVICIO PARTICULAR,SUPERFICIE,H-1,"AGROGEMA AGRO, S.A. DE C.V.",35.10,WGS 84,19,5,26.76,96,13,51.93,,,,,,09/03/2021,15 AÑOS,09/03/2036,MAR,2036,SI,VIGENTE,"AEROPUERTO INTERNACIONAL DE VERACRUZ, VERACRUZ",,,,,,
SP -1983,AERÓDROMO,LAV,LA VALENTINA,CHIAPAS,TAPACHULA,DIURNO,SERVICIO PARTICULAR,TERRESTRE,1-A,"CONSULTORIA INTERAMERICANA DE NEGOCIOS, S.C.",24.00,WGS 84,14,43,16.31,92,16,33.43,20,2,1500,20,TERRACERIA,02/03/2020,15 AÑOS,02/03/2035,MAR,2035,SI,VIGENTE,"AEROPUERTO INTERNACIONAL DE TAPACHULA, CHIAPAS",,,,,,
HP-1984,HELIPUERTO,HFQ,FINCA LA PEÑA,QUERETARO,SAN PEDRO TOLIMAN,DIURNO,SERVICIO PARTICULAR,SUPERFICIE,H-2,"CONTROL EMPRESARIAL DE CAPITALES, S.A. DE C.V.","1,770.00",WGS 84,20,49,50.00,99,54,57.00,,,,,,12/04/2024,180 DIAS,12/10/2024,OCT,2024,NO,EN TRAMITE,AEROPUERTO INTERCONTINENTAL DE QUERÉTARO.,,,,,,
HP 1985,HELIPUERTO,HDO,EL CONDE,JALISCO,ACATLAN DE JUAREZ,DIURNO,SERVICIO PARTICULAR,SUPERFICIE,H-2,"ISABEL MONGE, S.A. DE C.V.","1,350.00",WGS 84,20,20,49.79,103,33,20.09,,,,,,18/07/2019,180 DIAS ,18/01/2020,ENE,2020,NO,EN TRAMITE,"AEROPUERTO INTERNACIONAL DE GUADALAJARA, JALISCO",,,,,,
HP 1986,HELIPUERTO,HZZ,REFORMA 509,CIUDAD DE MÉXICO,CUAUHTÉMOC,DIURNO Y NOCTURNO,SERVICIO PARTICULAR Y A TERCEROS,ELEVADO,H-1,"CONSTRUCTORA PUNTO CHAPULTEPEC, S.A. DE C.V.","2,477.00",WGS 84,19,25,27.46,99,10,33.10,,,,,,14/07/2022,15 AÑOS,14/07/2037,JUL,2037,SI,VIGENTE,"AEROPUERTO INTERNACIONAL DE LA CIUDAD DE MEXICO, CIUDAD DE MEXICO",,,,,,
HP 1987,HELIPUERTO,HOU,MAROGU,TABASCO,MACUSPANA,DIURNO,SERVICIO PARTICULAR,SUPERFICIE,H-1,"COMERCIALIZADORA Y AGREGADOS MAROGU, S.A. DE C.V.",15.00,WGS 84,17,40,59.50,92,22,35.40,,,,,,11/05/2020,15 AÑOS,11/05/2035,MAY,2035,SI,VIGENTE,"AEROPUERTO INTERNACIONAL DE VILLAHERMOSA, TABASCO",,,,,,
HP 1988,HELIPUERTO,HJF,ZIMAS,NUEVO LEÓN,SAN PEDRO GARZA GARCIA,DIURNO,SERVICIO PARTICULAR,ELEVADO,H-1,ROBERTA FERNANDEZ MARTÍNEZ,"1,010.00",WGS 84,25,38,23.30,100,24,28.24,,,,,,11/08/2020,15 AÑOS,11/08/2035,AGO,2035,SI,VIGENTE,"AEROPUERTO INTERNACIONAL DEL NORTE, NUEVO LEON",,,,,,
SP 1989,AERÓDROMO,TNG,TENANGO,MORELOS,JALTENGO,DIURNO,SERVICIO PARTICULAR,TERRESTRE,2-B,MANUEL CALLEJA REYNA,"1,230.00",WGS 84,18,38,59.55,98,43,54.10,16,34,929,10,CONCRETO,10/05/2022,15 AÑOS,10/05/2037,MAY,2037,SI,VIGENTE,"AEROPUERTO INTERNACIONAL DE CUERNAVACA, MORELOS",,,,,,
HP 1990,PLATAFORMA-HELIPUERTO,HEB,SEMI 2,CAMPECHE,CIUDAD DEL CARMEN,DIURNO,SERVICIO PARTICULAR,METALICA,H-2,"MANTENIMINETO MARINO DE MEXICO, S. DE R.L. DE C.V.",,,,,,,,,,,,,,SIN AUTORIZACIÓN,,SIN AUTORIZACIÓN,,,NO,EN TRAMITE,"AEROPUERTO INTERNACIONAL DE CIUDAD DEL CARMEN, CAMPECHE",,,,,,
SP 1991,AERÓDROMO,EON,ENSENADA OJOS NEGROS,BAJA CALIFORNIA,ENSENADA,DIURNO,SERVICIO PARTICULAR Y A TERCEROS,TERRESTRE,3-C,"AEROPUERTO ENSENADA INTERNACIONAL, S.A. DE C.V.",750.00,WGS 84,31,53,45.60,116,11,58.16,10,28,1609,30,ASFALTO,13/10/2021,15 AÑOS,13/10/2036,OCT,2036,SI ,VIGENTE,"AEROPUERTO INTERNACIONAL DE ENSENADA, BAJA CALIFORNIA",,,,,,
SP 1992,AERÓDROMO,ZON,EL CORAZON,SINALOA,CULIACÁN,DIURNO,SERVICIO PARTICULAR,TERRESTRE,1-A,"AGRO CARSA, S.A. DE C.V.",20.00,WGS 84,24,30,25.13,107,18,28.73,6,24,700,10,TERRACERIA,20/07/2020,13 AÑOS,01/08/2033,AGO,2033,SI,VIGENTE,"AEROPUERTO INTERNACIONAL DE CULIACAN, SINALOA",,,,,,
HP 1993,BARCO-HELIPUERTO,HOR,HOS  IRON HORSE,TABASCO,VILLAHERMOSA,DIURNO,SERVICIO PARTICULAR,HELIPUERTO MIXTO,H-2,"HORNBECK OFFSHORE SERVICES DE MEXICO, S. DE R.L. DE C.V.",,WGS 84,19,37,0.00,92,42,0.00,,,,,,05/08/2025,15 AÑOS,05/08/2040,AGO,2040,SI,VIGENTE,"AEROPUERTO INTERNACIONAL DE VILLAHERMOSA, TABASCO",,,,,,
HP 1994,BARCO-HELIPUERTO,HLJ,LAGUNERO,TABASCO,VILLAHERMOSA,DIURNO,SERVICIO PARTICULAR,HELIPUERTO MIXTO,H-2,"MARINSA DE MEXICO, S.A. DE C.V. ",25.83,WGS 84,18,34,12.00,93,12,0.00,,,,,,05/02/2020,15 AÑOS,05/02/2035,FEB,2035,SI,VIGENTE,"AEROPUERTO INTERNACIONAL DE VILLAHERMOSA, TABASCO",,,,,,
SP 1995,AERÓDROMO,RSC,RANCHO SANTA CRUZ,BAJA CALIFORNIA,ENSENADA,DIURNO,SERVICIO PARTICULAR Y A TERCEROS,TERRESTRE,1-A,CARLOS SUAREZ OBIEDO,301.00,WGS 84,32,45,45.21,116,38,32.30,22,4,800,15,TERRACERIA,26/05/2021,15 AÑOS,26/05/2036,MAY,2036,SI,VIGENTE,"AEROPUERTO INTERNACIONAL DE ENSENADA, BAJA CALIFORNIA",,,,,,
HP-1996,HELIPUERTO,HVR,VIA DORADA,HIDALGO,PACHUCA,DIURNO,SERVICIO PARTICULAR,ELEVADO,H-1,"CELULAR MILENIUM, S.A. DE C.V.","2,444.00",WGS 84,20,5,39.45,98,46,32.45,,,,,,16/11/2021,13 AÑOS ,27/09/2034,NOV,2034,SI ,VIGENTE,"AEROPUERTO DE PACHUCA, HIDALGO",,,,,,
HP 1997,HELIPUERTO,HAY,TORRE MIYANA,CIUDAD DE MÉXICO,MIGUEL HIDALGO,DIURNO,SERVICIO PARTICULAR,ELEVADO,H-2,"INMOBILIARIA CONJUNTO POLANCO, S.A.P.I. DE C.V.","2,261.00",WGS 84,19,26,19.47,99,11,57.57,,,,,,21/05/2025,180 DIAS,21/11/2025,NOV,2025,NO,EN TRAMITE,"AEROPUERTO INTERNACIONAL DE LA CIUDAD DE MEXICO, CIUDAD DE MEXICO",,,,,,
HP-1998,PLATAFORMA-HELIPUERTO,HJZ,JAP DRILLER 1,TABASCO,VILLAHERMOSA,DIURNO,SERVICIO PARTICULAR,ELEVADO,H-2,"MARINSA DE MEXICO, S.A. DE C.V. ",20.00,WGS 84,18,29,16.00,93,4,32.00,,,,,,05/02/2020,15 AÑOS,05/02/2035,FEB,2035,SI,VIGENTE,"AEROPUERTO INTERNACIONAL DE VILLAHERMOSA, TABASCO",,,,,,
HP 1999,HELIPUERTO,HZA,TIZAPA,ESTADO DE MEXICO,ZACAZONAPAM,DIURNO,SERVICIO PARTICULAR,SUPERFICIE,H-1,"AEROVICS, S.A. DE C.V.","1,390.00",WGS 84,19,2,32.59,100,14,22.85,,,,,,SIN AUTORIZACION,,SIN AUTORIZACION,,,NO,EN TRAMITE,"AEROPUERTO INTERNACIONAL DE TOLUCA, ESTADO DE MEXICO",,,,,,
HP 2000,HELIPUERTO,HOT,HOSPITAL GENERAL ISSSTE TLAHUAC,CIUDAD DE MÉXICO,TLAHUAC,DIURNO,SERVICIO PARTICULAR,ELEVADO,H-2,"CONSORCIO OPERADOR DE HOSPITALES REGIONALES DEL SUR, S.A. DE C.V.","2,244.00",WGS 84,19,16,48.23,99,2,58.00,,,,,,11/06/2021,15 AÑOS,11/06/2036,JUN,2036,SI,VIGENTE,"AEROPUERTO INTERNACIONAL DE LA CIUDAD DE MEXICO, CIUDAD DE MEXICO",,,,,,
HP 2001,HELIPUERTO,HJL,MIDTOWN JALISCO,JALISCO,GUADALAJARA,DIURNO,SERVICIO PARTICULAR Y A TERCEROS,ELEVADO,H-1,"PARKS MANTENIMIENTO, S.C.","1,723.65",WGS 84,20,41,39.41,103,22,30.39,,,,,CONCRETO,14/07/2025,180 DIAS,14/01/2026,ENE,2026,NO,EN TRAMITE,"AEROPUERTO INTERNACIONAL DE GUADALAJARA, JALISCO",,,,,,
SP 2002,AERÓDROMO,EGA,ARROCEROS DE ESCARCEGA,CAMPECHE,ESCARCEGA,DIURNO,SERVICIO PARTICULAR,TERRESTRE,1-A,"ARROCERA DE ESCARCEGA, S.P.R. DE R.L. DE C.V.",75.00,WGS 84,18,35,56.00,90,20,16.00,6,24,800,12,ASFALTO,18/12/2019,15 AÑOS,18/12/2034,DIC,2034,SI,VIGENTE,"AEROPUERTO INTERNACIONAL DE CIUDAD DEL CARMEN, CAMPECHE",,,,,,
SP 2003,AERÓDROMO,RLO,LOS HORCONES,NUEVO LEÓN,LOS RAMONES,DIURNO,SERVICIO PARTICULAR,TERRESTRE,1-A,CELIA GONZALEZ TAMEZ Y JOE DE LEON SILVA,245.00,WGS 84,25,31,55.00,99,34,57.00,18,36,1000,25,ASFALTO,SIN AUTORIZACION,,SIN AUTORIZACION,,,NO,INOPERATIVO,"AEROPUERTO INTERNACIONAL DE MONTERREY, NUEVO LEON",,,,,,
SP 2004,AERÓDROMO,TOY,TOYAN,GUANAJUATO,SAN MIGUEL DE ALLENDE,DIURNO,SERVICIO PARTICULAR,TERRESTRE,1-A,"GRUPO TOYAN ORG, S.A. DE C.V.","2,038.00",WGS 84,20,54,22.00,100,40,29.00,9,27,810,20,ASFALTO,SIN AUTORIZACION,,SIN AUTORIZACION,,,NO,INOPERATIVO,"AEROPUERTO DE CELAYA, GUANAJUATO",,,,,,
HP 2005,HELIPUERTO,HZB,HOSPITAL BAHIA DE BANDERAS,NAYARIT,BAHIA DE BANDERAS,DIURNO,SERVICIO PARTICULAR,ELEVADO,H-2,"APP HOSPITAL BAHIA DE BANDERAS, S.A.P.I. DE C.V.",40.32,WGS 84,20,44,50.89,105,16,4.39,,,,,CONCRETO,07/05/2021,15 AÑOS,07/05/2036,MAY,2036,SI,VIGENTE ,"AEROPUERTO INTERNACIONAL DE PUERTO VALLARTA, JALISCO",,,,,,
SP 2006,AERÓDROMO,AIR,BUENOS AIRES 2,CHIAPAS,MAZATAN,DIURNO,SERVICIO PARTICULAR,TERRESTRE,1-A,JAVIER HINOJOSA ALVAREZ,5.00,WGS 84,14,54,25.79,92,32,23.38,8,26,1200,18,TERRACERIA,08/10/2024,15 AÑOS,08/10/2039,OCT,2039,SI,VIGENTE,"AEROPUERTO INTERNACIONAL DE TAPACHULA, CHIAPAS",,,,,,
SP 2007,AERÓDROMO,LES,LAS ESCOBAS,DURANGO,NOMBRE DE DIOS,DIURNO,SERVICIO PARTICULAR Y A TERCEROS,TERRESTRE,1-A,RUBEN ROJAS RUIZ,"1,892.00",WGS 84,23,46,45.73,104,3,4.21,6,24,940,15,TERRACERIA,30/04/2024,15 AÑOS,30/04/2039,ABR,2039,SI,VIGENTE,"AEROPUERTO INTERNACIONAL DE DURANGO, DURANGO",,,,,,
HP 2008,HELIPUERTO,HDB,DR. AQUILES CALLES RAMIREZ,NAYARIT,TEPIC,DIURNO,SERVICIO PARTICULAR,ELEVADO,H-1,"PROMOTORA HOSPITALARIA TEPIC, S.A.P.I. DE C.V.",913.00,WGS 84,21,30,56.23,104,48,49.69,,,,,,09/08/2023,180 DIAS,09/02/2024,FEB,2024,NO,EN TRAMITE,"AEROPUERTO DE TEPIC, NAYARIT",,,,,,
HP 2009,HELIPUERTO,HUS,HOSPITAL SAN ANGEL INN UNIVERSIDAD,CIUDAD DE MÉXICO,BENITO JUÁREZ,DIURNO,SERVICIO PARTICULAR,ELEVADO,H-1,"CENTRO HOSPITALARIO UNIVERSIDAD, S.A. DE C.V.","2,310.00",WGS 84,19,21,32.58,99,10,2.99,,,,,,09/12/2021,13 AÑOS,26/10/2034,OCT,2036,SI ,VIGENTE,"AEROPUERTO INTERNACIONAL DE LA CIUDAD DE MEXICO, CIUDAD DE MEXICO",,,,,,
SP 2010,AERÓDROMO,ESO,EL SOL,BAJA CALIFORNIA,MEXICALI,DIURNO,SERVICIO PARTICULAR,TERRESTRE,1-A,"CUIDEMOS EL CAMPO Y SALVEMOS EL PLANETA, S.A. DE C.V.",18.00,WGS 84,32,30,45.38,108,53,12.91,6,24,518,25,TERRACERIA,10/08/2021,15 AÑOS,10/08/2036,AGO,2036,SI,VIGENTE,"AEROPUERTO INTERNACIONAL DE MEXICALI, BAJA CALIFORNIA",,,,,,
HP 2011,HELIPUERTO,HPU,C5i MICHOACAN,MICHOACÁN,MORELIA,DIURNO,SERVICIO PARTICULAR,ELEVADO,H-2,EJECUTIVO DEL ESTADO DE MICHOACAN DE OCAMPO,"1,958.00",WGS 84,19,40,7.00,101,18,3.00,,,,,CONCRETO,26/06/2020,180 DIAS,26/12/2020,DIC,2020,NO,INOPERATIVO,"AEROPUERTO DE MORELIA, MICHOACAN",,,,,,
SP 2012,AERÓDROMO,LAM,LA MORA,SONORA,BAVISPE,DIURNO,SERVICIO PARTICULAR,TERRESTRE,3-C,"AGROFORESTAL LA MORA, S.C. DE R.L.DE C.V.","1,000.00",WGS 84,30,35,24.42,108,56,41.19,16,34,1300,30,TERRACERIA,08/05/2020,15 AÑOS,08/05/2035,MAY,2035,SI,VIGENTE,"AEROPUERTO INTERNACIONAL DE HERMOSILLO, SONORA",,,,,,
SP 2013,AERÓDROMO,BAV,BAVISPE,SONORA,BAVISPE,DIURNO,SERVICIO PARTICULAR,TERRESTRE,2-C,H. AYUNTAMIENTO DE BAVISPE,"1,035.00",WGS 85,30,28,21.16,108,57,30.67,6,24,"1,200",50,TERRACERIA,06/05/2020,15 AÑOS,06/05/2035,MAY,2035,SI,VIGENTE,"AEROPUERTO INTERNACIONAL DE HERMOSILLO, SONORA",,,,,,
SP 2014,AERÓDROMO,CAL,CALDERITAS,MICHOACÁN,TEPALCATEPEC,DIURNO,SERVICIO PARTICULAR,TERRESTRE,1-A,JOSE LUIS LOPEZ PRECIADO,360.00,WGS 86,19,9,55.18,102,50,29.48,17,35,680,15,TERRACERIA,13/10/2021,180 DIAS ,13/04/2022,ABR,2022,NO,EN TRAMITE,"AEROPUERTO DE URUAPAN, MICHOACAN",,,,,,
SP 2015,AERÓDROMO,ZAC,ZACATECAS,BAJA CALIFORNIA,MEXICALI,DIURNO,SERVICIO PARTICULAR,TERRESTRE,1-A,JOSE ENRIQUE FELIX GALINDO,9.00,WGS 84,32,9,57.00,115,2,21.00,9,27,700,15,TERRACERIA,27/09/2021,15 AÑOS,27/09/2036,SEP,2036,SI,VIGENTE,"AEROPUERTO INTERNACIONAL DE MEXICALI, BAJA CALIFORNIA",,,,,,
SP 2016,AERÓDROMO,SOF,SOFI,SINALOA,NAVOLATO,DIURNO,SERVICIO PARTICULAR Y A TERCEROS,TERRESTRE,1-A,MARÍA CONCEPCION FELIX QUINTERO,28.00,WGS 84,24,51,43.91,107,36,50.86,13,31,800,20,TERRACERIA,25/06/2021,15 años,25/06/2036,JUN,2036,SI ,VIGENTE,"AEROPUERTO INTERNACIONAL DE CULIACAN, SINALOA",,,,,,
SP 2017,AERÓDROMO,PEC,PISTA EL COMANCHE,CHIHUAHUA,CAMARGO,DIURNO,SERVICIO PARTICULAR,TERRESTRE,2-A,"ALGODONERA DEL OASIS, S.P.R. DE R.I. DE C.V.","1,304.00",WGS 84,28,7,14.94,103,52,10.48,6,24,1800,20,TERRACERIA,02/06/2021,15 AÑOS,02/06/2036,JUN,2036,SI ,VIGENTE,"AEROPUERTO INTERNACIONAL DE CHIHUAHUA, CHIHUAHUA",,,,,,
SP 2018,AERÓDROMO,GVI,G. VICTORIA,DURANGO,TAMAZULA,DIURNO,SERVICIO PARTICULAR,TERRESTRE,1-A,JOAQUIN OJEDA OJEDA,266.00,WGS 84,24,58,12.90,106,57,2.20,10,28,768,18,TERRACERIA,25/03/2021,15 AÑOS,25/03/2036,MAR,2036,SI,VIGENTE,"AEROPUERTO INTERNACIONAL DE CULIACAN, SINALOA",,,,,,
SP 2019,AERÓDROMO,IJR,ISLA JUANA RAMIREZ,VERACRUZ,OZULUAMA DE MASCAREÑAS,DIURNO,SERVICIO PARTICULAR,TERRESTRE,1-A,JAVIER CASANOVA QUINTANILLA,10.00,WGS 84,21,50,37.00,97,41,25.00,15,33,600,16,TERRACERIA,31/03/2021,15 AÑOS,31/03/2036,ABR,2036,SI,VIGENTE,"AEROPUERTO INTERNACIONAL DE TAMPICO, TAMAULIPAS",,,,,,
HP 2020,HELIPUERTO,HUL,C5i HIDALGO,HIDALGO,ZAPOTLAN DE JUAREZ,DIURNO,SERVICIO PARTICULAR,ELEVADO,H-2,GOBIERNO DEL ESTADO DE HIDALGO,"2,355.00",WGS 84,20,0,28.90,98,49,11.50,,,,,CONCRETO,SIN AUTORIZACION,,SIN AUTORIZACION,,,NO,EN TRAMITE,"AEROPUERTO DE PACHUCA, HIDALGO",,,,,,
HP 2021,HELIPUERTO,HUT,HOSPITAL IMSS TAPACHULA,CHIAPAS,TAPACHULA,DIURNO,SERVICIO PARTICULAR,ELEVADO,H-1,"CONCESIONARIA HOSPITAL TAPACHULA, S.A.P.I DE C.V.",193.00,WGS 84,14,54,40.92,92,16,33.68,,,,,CONCRETO,09/12/2022,180 DIAS,09/06/2023,JUN,2023,NO,EN TRAMITE,"AEROPUERTO INTERNACIONAL DE TAPACHULA, CHIAPAS",,,,,,
SP 2022,AERÓDROMO,LGN,LA GORRIONA,COAHUILA,SAN BUENAVENTURA,DIURNO,SERVICIO PARTICULAR,TERRESTRE,1-A,ENRIQUE JAVIER GARZA CANTÚ,"1,265.00",WGS 84,28,19,22.00,102,7,58.00,4,22,900,20,TERRACERIA,10/08/2021,15 AÑOS,10/08/2036,AGO,2036,SI,VIGENTE,"AEROPUERTO INTERNACIONAL DE PIEDRAS NEGRAS, COAHUILA",,,,,,
SP 2023,AERÓDROMO,REH,RANCHO EL HUARACHE,NUEVO LEÓN,MONTEMORELOS,DIURNO,SERVICIO PARTICULAR,TERRESTRE,1-A,ALBERTO FRANCISCO FERNDEZ GARZA,367.00,WGS 84,25,14,34.00,99,46,30.00,1,19,600,18,PASTO,10/05/2021,15 AÑOS,10/05/2036,MAY,2036,SI ,VIGENTE,"AEROPUERTO INTERNACIONAL DE MONTERREY, NUEVO LEON",,,,,,
HP 2024,HELIPUERTO,HOJ,HELIPUERTO CHUCHO MONGE (ANTES)IMPERIAL,MORELOS,ATLATLAHUCAN,DIURNO,SERVICIO PARTICULAR,SUPERFICIE,H-1,"ISABEL MONGE, S.A. DE C.V.","1,549.00",WGS 84,18,55,37.89,98,56,1.13,,,,,PASTO,SIN AUTORIZACION,,SIN AUTORIZACION,,,NO,EN TRAMITE,"AEROPUERTO INTERNACIONAL DE CUERNAVACA, MORELOS",,,,,,
HP 2025,HELIPUERTO,HNJ,HANGAR,VERACRUZ,MEDELLIN DE BRAVO,DIURNO,SERVICIO PARTICULAR,SUPERFICIE,H-1,"ESTUDIOS AERONAUTICOS DE VERACRUZ, S.C.",9.00,WGS 84,19,2,23.00,96,7,56.00,,,,,CONCRETO,20/02/2023,15 AÑOS,20/02/2038,FEB,2038,SI,VIGENTE,"AEROPUERTO INTERNACIONAL DE VERACRUZ, VERACRUZ",,,,,,
SP 2026,AERÓDROMO,PRO,EL POTRERO,SINALOA,CULIACÁN,DIURNO,SERVICIO PARTICULAR,SUPERFICIE,1-A,C.SIMON QUINTERO ANGULO,266.00,WGS 84,24,56,32.01,107,2,57.11,12,30,600,15,TERRACERIA,05/08/2021,15 AÑOS,05/08/2036,AGO,2036,SI,VIGENTE,"AEROPUERTO INTERNACIONAL DE CULIACAN, SINALOA Y DE DURANGO, DURANGO",,,,,,
SP 2027,AERÓDROMO,SRV,SANTA ROSA DE VIZCAINO,BAJA CALIFORNIA SUR,MULEGE,DIURNO,SERVICIO PARTICULAR Y A TERCEROS,TERRESTRE,2-B,SERGIO LEONEL BELTRAN MESA,83.00,WGS 84,27,37,35.00,113,20,38.40,9,27,1200,25,TERRACERIA,02/06/2023,15 AÑOS,06/06/2038,JUN,2038,SI,VIGENTE,"AEROPUERTO INTERNACIONAL DE LORETO, BAJA CALIFORNIA SUR",,,,,,
HP 2028,HELIPUERTO,HSB,RANCHO SAN RAMON,ESTADO DE MEXICO,TEOLOYUCAN,DIURNO,SERVICIO PARTICULAR,SUPERFICIE,H-1,GIL GARCIA SANCHEZ,"2,250.00",WGS 84,19,43,51.00,99,9,10.00,,,,,PASTO,03/09/2021,15 AÑOS,03/09/2036,SEP,2036,SI,VIGENTE,"AEROPUERTO DE ATIZAPAN DE ZARAGOZA, ESTADO DE MEXICO",,,,,,
SP 2029,AERÓDROMO,XIP,HUIXIOPA,SINALOA,BADIRAGUATO,DIURNO,SERVICIO PARTICULAR,TERRESTRE,1-A,HECTOR MANUEL AVILES MORENO,890.00,WGS 84,25,45,28.90,107,11,1.54,8,26,440,15,TERRACERIA,28/05/2021,15 AÑOS,28/05/2036,MAY,2036,SI,VIGENTE,"AEROPUERTO INTERNACIONAL DE CULIACAN, SINALOA",,,,,,
HP 2030,HELIPUERTO,HVH,TEXCALUCAN,ESTADO DE MEXICO,HUIXQUILUCAN,DIURNO,SERVICIO PARTICULAR Y A TERCEROS,SUPERFICIE,H-2,"HELICOPTERS VALLEY, S.A. DE C.V","2,544.00",WGS 84,19,24,38.07,99,18,23.81,,,,,CONCRETO,18/10/2022,8 AÑOS,12/09/2031,SEP,2031,SI,VIGENTE,"AEROPUERTO DE ATIZAPAN DE ZARAGOZA, ESTADO DE MEXICO",,,,,,
SP 2031,AERÓDROMO,GTP,GTO. AIR PARK,GUANAJUATO,DOLORES HIDALGO,DIURNO,SERVICIO PARTICULAR,TERRESTRE,4-B,"COLEGIO AERONAUTICO DEL BAJIO, S.A. DE C.V.","1,987.00",WGS 84,21,8,4.50,100,43,13.60,14,32,1950,30,CONCRETO,SIN AUTORIZACION,,SIN AUTORIZACION,,,NO ,EN TRAMITE,"AEROPUERTO INTERNACIONAL DEL BAJÍO, GUANAJUATO",,,,,,
SP 2032,AERÓDROMO,TAQ,TAMEAPA,SINALOA,BADIRAGUATO,DIURNO,SERVICIO PARTICULAR,TERRESTRE,1-A,ISMAEL RIVERA ACOSTA,"1,121.00",WGS 84,25,38,57.40,107,22,51.30,17,35,400,15,TERRACERIA,21/09/2021,15 AÑOS,21/09/2036,SEP,2036,SI ,VIGENTE,"AEROPUERTO INTERNACIONAL DE CULIACAN, SINALOA",,,,,,
HP 2033,HELIPUERTO,HFH,CRAFT CORPORATIVO,JALISCO,GUADALAJARA,DIURNO,SERVICIO PARTICULAR,ELEVADO,H-1,"CRAFT AVIA CENTER,S.A.P.I.DE C.V.","1,664.00",WGS 84,20,42,41.86,103,24,36.47,,,,,CONCRETO,07/02/2023,180 DIAS,07/08/2023,AGO,2023,NO,EN TRAMITE,"AEROPUERTO INTERNACIONAL DE GUADALAJARA, JALISCO",,,,,,
SP 2034 ,AERÓDROMO,ESK,LA HERRADURA SKY RANCH,JALISCO,TAPALPA,DIURNO,SERVICIO PARTICULAR,TERRESTRE,1-A,"LA HERRADURA SKY RANCH, S.A. DE C.V.","2,040.00",WGS 84,19,55,22.23,103,45,38.22,1,19,703,20,TERRACERIA,SIN AUTORIZACION,,SIN AUTORIZACION,,,NO,EN TRAMITE,"AEROPUERTO INTERNACIONAL DE GUADALAJARA, JALISCO",,,,,,
SP 2035,AERÓDROMO,CBR,CAMPO BABORANCH,SONORA,GUAYMAS,DIURNO,SERVICIO PARTICULAR Y A TERCEROS,TERRESTRE,3-A,"BABORANCH, S.A. DE C.V.",165.00,WGS 84,28,26,6.60,110,38,4.20,1,19,1450,30,TERRACERIA,02/09/2021,15 AÑOS,02/09/2036,SEP ,2036,SI ,VIGENTE,"AEROPUERTO INTERNACIONAL DE GUAYMAS, SONORA",,,,,,
SP2036,AERÓDROMO,LPI,LOS PINOS,BAJA CALIFORNIA,MEXICALI,DIURNO,SERVICIO PARTICULAR,TERRESTRE,1-A,SANTIAGO LOPEZ MEZA,16.00,WGS 84,32,33,4.80,115,3,6.00,9,27,750,15,TERRACERIA,28/12/2021,16 AÑOS,28/12/2036,MAY,2036,SI ,VIGENTE,"AEROPUERTO INTERNACIONAL DE MEXICALI, BAJA CALIFORNIA",,,,,,
SP 2037,AERÓDROMO,CST,CAMPOSANTO,SINALOA,CULIACAN,DIURNO,SERVICIO PARTICULAR,TERRESTRE,1-A,ENRIQUE ALEJANDRO SANTIESTEBAN VERDUGO,97.00,WGS 84,24,36,2.43,107,12,2.49,14,32,762,17,TERRACERIA,06/12/2021,15 AÑOS,06/12/2036,DIC,2036,SI,VIGENTE,"AEROPUERTO INTERNACIONAL DE CULIACAN, SINALOA",,,,,,
SP 2038,AERÓDROMO,MMN,MI MANE,CHIHUAHUA,GUADALUPE Y CALVO,DIURNO,SERVICIO PARTICULAR,TERRESTRE,1-A,MANUEL ALFONSO LAZCANO MOLINA,"2,380.00",WGS 84,25,55,18.46,106,55,3.34,7,25,553,18,TERRACERIA,26/11/2021,15 AÑOS,26/11/2036,NOV,2036,SI ,VIGENTE,"AEROPUERTO INTERNACIONAL DE CIUDAD JUAREZ, CHIHUAHUA",,,,,,
HP 2039,HELIPUERTO,HLQ,TORRE ALEPH,CIUDAD DE MÉXICO,ÁLVARO OBREGÓN,DIURNO,SERVICIO PARTICULAR,ELEVADO,H-1,"ADMISTRADORA ALEPH 42, S.A. DE C.V.","2,429.00",WGS 84,19,20,21.40,99,11,27.50,,,,,,SIN AUTORIZACION,,SIN AUTORIZACION,,,NO,EN TRAMITE,"AEROPUERTO INTERNACIONAL DE LA CIUDAD DE MEXICO, CIUDAD DE MEXICO",,,,,,
HP 2040,HELIPUERTO,HOG,RANCHO AZUL,ESTADO DE MEXICO,TECAMAC,DIURNO,SERVICIO PARTICULAR,SUPERFICIE,H-1,"CELULAR MILENIUM, S.A. DE C.V.","2,267.00",WGS 84,19,43,31.26,98,56,37.37,,,,,,13/07/2022,12 AÑOS,27/09/2034,SEP,2034,SI,VIGENTE,"AEROPUERTO DE ATIZAPAN DE ZARAGOZA, ESTADO DE MEXICO",,,,,,
HP 2041,HELIPUERTO,HSJ,INTERLOMAS 16,ESTADO DE MEXICO,HUIXQUILUCAN,DIURNO,SERVICIO PARTICULAR,ELEVADO,H-1,"IMPULSORA ECATEPEC, S.A DE C.V.","2,487.00",WGS 84,19,24,2.88,99,16,15.17,,,,,,SIN AUTORIZACION,,SIN AUTORIZACION,,,NO,EN TRAMITE,"AEROPUERTO DE ATIZAPAN DE ZARAGOZA, ESTADO DE MEXICO",,,,,,
HP 2042,HELIPUERTO,HSJ,HOSPITAL GRAL. DEL ISSSTE DR. DANIEL GURRIAL URGELL,TABASCO,CENTRO,DIURNO,SERVICIO PARTICULAR,ELEVADO,H-2,"CONSECIONARIA HOSPITAL TABASCO, S.A.P,I. DE C.V.",48.50,WGS 84,17,57,37.96,92,48,24.08,,,,,,24/03/2022,180 DIAS ,24/09/2022,SEP ,2022,NO,EN TRAMITE,"AEROPUERTO INTERNACIONAL DE VILLAHERMOSA, TABASCO",,,,,,
HP 2043,HELIPUERTO,HVL,CLJ ACATLAN,JALISCO,ACATLAN DE JUAREZ,DIURNO,SERVICIO PARTICULAR Y A TERCEROS,SUPERFICIE,H-1,"CRAFT AVIA CENTER,S.A.P.I.DE C.V.","1,353.00",WGS 84,20,21,5.94,103,36,39.90,,,,,CONCRETO,15/12/2022,15 AÑOS,15/12/2037,DIC,2037,SI,VIGENTE,"AEROPUERTO INTERNACIONAL DE GUADALAJARA, JALISCO",,,,,,
SP 2044,AERÓDROMO,EML,EL MILAGRO ,TAMAULIPAS,SOTO LA MARINA,DIURNO,SERVICIO PARTICULAR,TERRESTRE,1-A,ABELARDO GARCIA TORRES,7.00,WGS 84,24,6,17.00,97,46,57.00,14,32,1500,15,TERRACERIA,30/06/2022,15 AÑOS,30-062037,JUN,2037,SI,VIGENTE,"AEROPUERTO DE CIUDAD VICTORIA, TAMAULIPAS",,,,,,
SP 2045,AERÓDROMO,LPA,LA PRADERA,SONORA,HERMOSILLO,DIURNO,SERVICIO PARTICULAR,TERRESTRE,1-A,JAVIER ORLANDO RAMIREZ QUIÑONES,250.00,WGS 84,29,6,1.74,110,48,41.46,5,23,800,30,TERRACERIA,29/11/2021,15 AÑOS,29/11/2036,NOV,2036,SI,VIGENTE,"AEROPUERTO INTERNACIONAL DE HERMOSILLO, SONORA",,,,,,
HP 2046,BARCO-HELIPUERTO,HJT,PUERTO REAL,TABASCO,PARAISO,DIURNO,SERVICIO PARTICULAR,HELIPUERTO MIXTO,H-2,"MARINSA DE MEXICO, S.A. DE C.V. ",24.70,WGS 84,18,27,12.00,93,3,4.00,,,,,,12/09/2022,15 AÑOS ,12/09/2037,SEP,2037,SI,VIGENTE ,"AEROPUERTO INTERNACIONAL DE VILLAHERMOSA, TABASCO",,,,,,
SP 2047,AERÓDROMO,VIP,VIP BAJA,BAJA CALIFORNIA SUR,LA PAZ,DIURNO,SERVICIO PARTICULAR,TERRESTRE,1-A,"VIP BAJA, S. DE R.L. DE C.V.",18.00,WGS 84,23,58,58.25,109,58,17.98,5,23,560,20,TERRACERIA,06/12/2021,15 AÑOS,06/12/2036,DIC,2036,SI ,VIGENTE,"AEROPUERTO INTERNACIONAL DE LA PAZ, BAJA CALIFORNIA SUR",,,,,,
SP 2048,AERÓDROMO,LTG,LA TORTUGA,SINALOA,CULIACAN,DIURNO,SERVICIO PARTICULAR,TERRESTRE,1-A,CRISTIAN XAVIER PAYAN ROBLES,100.00,WGS 84,24,54,4.02,107,18,4.32,10,28,1000,15,CONCRETO,10/12/2024,180 DIAS,10/06/2025,JUN,2025,NO,EN TRAMITE,"AEROPUERTO INTERNACIONAL DE CULIACAN, SINALOA",,,,,,
HP 2049,BARCO-HELIPUERTO,HWA,TOKIWA,SINALOA,MAZATLÁN,DIURNO,SERVICIO PARTICULAR,HELIPUERTO MIXTO,H-1,"MT PESCA INDUSTRIAL, S.A. DE C.V.",15.00,WGS 84,23,12,57.20,106,23,27.33,,,,,,10/10/2022,15 AÑOS,10/10/2037,OCT,2037,SI,VIGENTE,"AEROPUERTO INTERNACIONAL DE MAZATLAN, SINALOA",,,,,,
SP 2050,AERÓDROMO,ROB,EL ROBALO,VERACRUZ,HIDALGOTITLAN,DIURNO,SERVICIO PARTICULAR,TERRESTRE,1-A,CLEMENTE MAITRET COLLADO,29.00,WGS 84,17,32,32.00,94,33,58.00,16,34,520,18,TERRACERIA,14/11/2023,15 AÑOS,29/04/2038,ABR,2038,SI,VIGENTE,"AEROPUERTO DE MINATITLAN, VERACRUZ",,,,,,
SP 2051,AERÓDROMO,CBE,EL CUBILETE,VERACRUZ,SAYULA DE ALEMAN,DIURNO,SERVICIO PARTICULAR,TERRESTRE,1-A,CLEMENTE MAITRET COLLADO,136.00,WGS 84,17,48,56.00,95,1,14.00,15,33,800,18,TERRACERIA,14/11/2023,15 AÑOS,29/04/2038,ABR,2038,SI,VIGENTE,"AEROPUERTO DE MINATITLAN, VERACRUZ",,,,,,
SP 2052,AERÓDROMO,LPG,LA PEÑA DEL AGUILA,DURANGO,VICTORIA DE DURANGO,DIURNO,SERVICIO PARTICULAR,TERRESTRE,2-A,ANGEL IGNACIO CORDOVA GUTIERREZ,"1,903.00",WGS 84,24,14,11.90,104,41,11.21,15,33,1300,18,ASFALTO,06/05/2022,15 AÑOS,06/05/2037,MAY,2037,SI,VIGENTE,"AEROPUERTO INTERNACIONAL DE DURANGO, DURANGO",,,,,,
HP 2053,HELIPUERTO,HUW,UPTOWN II QRO,QUERETARO,QUERÉTARO,DIURNO,SERVICIO PARTICULAR,ELEVADO,H-1,"DESARROLLADORA Y COMERCIALIZADORA G PLUS, S.A. DE C.V.","1,901.25",WGS 84,20,40,28.00,100,25,49.00,,,,,,20/05/2024,15 AÑOS,20/05/2039,MAY,2039,SI,VIGENTE,AEROPUERTO INTERCONTINENTAL DE QUERÉTARO.,,,,,,
SP 2054,AERÓDROMO,LUV,LA UVA,BAJA CALIFORNIA,TECATE,DIURNO,SERVICIO PARTICULAR,TERRESTRE,1-A,JORGE LUIS MEDINA ALCANTAR,356.00,WGS 84,32,17,27.81,116,32,0.43,13,30,600,15,TERRACERIA,23/01/2024,15 AÑOS,23/01/2039,ENE,2039,SI,VIGENTE,"AEROPUERTO INTERNACIONAL DE TIJUANA, BAJA CALIFORNIA",,,,,,
HP 2055,HELIPUERTO,HJY,HOSPITAL SAN JAVIER,JALISCO,GUADALAJARA,DIURNO,SERVICIO PARTICULAR,ELEVADO,H-2,"HOSPITAL SAN JAVIER, S.A. DE C.V.","1,589.00",WGS 84,20,41,19.15,103,23,21.15,,,,,,16/10/2024,180 DIAS,16/04/2025,ABR,2025,NO,EN TRAMITE,"AEROPUERTO INTERNACIONAL DE GUADALAJARA, JALISCO",,,,,,
SP 2056,AERÓDROMO,SPR,SAN PEDRO,DURANGO,DURANGO,DIURNO,SERVICIO PARTICULAR,TERRESTRE,1-A,FERNANDO ALAN ACOSTA GUTIERREZ,"2,460.00",WGS 84,23,40,32.88,104,46,45.55,1,19,1000,15,TERRACERIA,07/07/2023,180 DIAS,07/01/2024,ENE,2024,NO,EN TRAMITE,"AEROPUERTO INTERNACIONAL DE DURANGO, DURANGO",,,,,,
SP 2057,AERÓDROMO,BTP,BATOPILAS,CHIHUAHUA,BATOPILAS,DIURNO,SERVICIO PARTICULAR,TERRESTRE,1-A,MUNICIPIO DE BATOPILAS,758.00,WGS 84,27,3,42.69,107,42,36.94,15,33,440,15,TERRACERIA,12/10/2022,15 AÑOS,12/10/2037,OCT,2037,SI,VIGENTE,"AEROPUERTO INTERNACIONAL DE CHIHUAHUA, CHIHUAHUA",,,,,,
SP 2058,AERÓDROMO,SBY,SCORPION BAY,BAJA CALIFORNIA SUR,COMONDÚ,DIURNO,SERVICIO PARTICULAR,TERRESTRE,1-A,"EL AEROPUERTO SCORPION BAY,S. DE R.L. DE C.V.",18.00,WGS 84,26,15,30.67,112,29,52.33,9,27,975,20,TERRACERIA,02/03/2023,4 AÑOS,24/06/2027,JUN,2027,SI,VIGENTE,"AEROPUERTO INTERNACIONAL DE LORETO, BAJA CALIFORNIA SUR",,,,,,
SP 2059,AERÓDROMO,MLJ,MAYTO ING. LEO JIMÉNEZ,JALISCO,CABO CORRIENTES,DIURNO,SERVICIO PARTICULAR Y A TERCEROS,TERRESTRE,1-A,LEO ARTURO JIMENEZ ROMERO,8.00,WGS 84,20,15,51.11,105,34,59.42,15,33,700,15,ASFALTO,06/12/2023,15 años,06/12/2038,DIC,2038,SI,VIGENTE,"AEROPUERTO INTERNACIONAL DE MANZANILLO, COLIMA",,,,,,
SP 2060,AERÓDROMO,TAN,TANCASNEQUE,TAMAULIPAS,GONZALEZ,DIURNO,SERVICIO PARTICULAR,TERRESTRE,1-A,ROBERT MALLORY HARRISS SEINERA,23.00,WGS 84,22,33,36.33,98,32,3.87,18,36,750,18,TERRACERIA,19/10/2023,180 DIAS,19/04/2024,ABR,2024,NO,EN TRAMITE,"AEROPUERTO INTERNACIONAL DE TAMPICO, TAMAULIPAS",,,,,,
SP 2061,AERÓDROMO,PLP,LAS PALMAS,CHIHUAHUA,JANOS,DIURNO,SERVICIO PARTICULAR,TERRESTRE,1-A,"MARIA ISABEL FUENTES VARELA, MARIANA ISABEL BUSTILLOS FUENTES Y DIEGO DANIEL BUSTILLOS FUENTES","1,450.00",WGS 84,31,18,24.00,108,17,37.00,5,23,1000,20,TERRACERIA,10/08/2023,15 AÑOS,10/08/2038,AGO,2038,SI,VIGENTE,"AEROPUERTO INTERNACIONAL DE CHIHUAHUA, CHIHUAHUA",,,,,,
SP 2062,AERÓDROMO,PDA,EL PASO DEL AGUILA,CHIAPAS,SUCHIATE,DIURNO,SERVICIO PARTICULAR Y A TERCEROS,TERRESTRE,1-A,SINDY ANAHI ESTRADA NUÑEZ,14.00,WGS 84,14,40,48.48,92,16,2208.00,2,20,658,19,TERRACERIA,04/01/2023,15 AÑOS,04/01/2038,ENE,2038,SI,VIGENTE,"AEROPUERTO INTERNACIONAL DE TAPACHULA, CHIAPAS",,,,,,
SP 2063,AERÓDROMO,ZZZ,RANCHO SANTA ANITA,NUEVO LEÓN,GALEANA,DIURNO,SERVICIO PARTICULAR,TERRESTRE,1-A,DIEGO ZAMBRANO RIVERO,"2,230.00",WGS 84,25,12,53.20,100,30,56.70,12,30,600,18,TERRACERIA,07/12/2023,15 AÑOS,15/02/2037,FEB,2037,SI,VIGENTE,"AEROPUERTO INTERNACIONAL DEL NORTE, NUEVO LEON",,,,,,
HP-2064,BARCO-HELIPUERTO,HUJ,FPSO MIANTE MV 34,TABASCO,VILLAHERMOSA,DIURNO,SERVICIO PARTICULAR,ELEVADO,H-2,AREA 1 MEXICO MV34 B.V.,145.00,WGS 84,18,24,21.04,93,46,17.04,,,,,,10/04/2025,15 AÑOS,10/04/2040,ABR,2040,SI,VIGENTE,"AEROPUERTO INTERNACIONAL DE VILLAHERMOSA, TABASCO",,,,,,
HP-2065,HELIPUERTO,HVE,HOSPITAL ANGELES VALLE ORIENTE (antes TORRE MALVA),NUEVO LEÓN,SAN PEDRO GARZA GARCIA,DIURNO,SERVICIO PARTICULAR,ELEVADO,H-2,"HOSPITAL PRIVADO DE MONTERREY, S.A. DE C.V.",720.00,WGS 84,25,38,39.88,100,19,15.60,,,,,CONCRETO,16/01/2025,180 DIAS,16/07/2025,JUL,2025,NO,EN TRAMITE,"AEROPUERTO INTERNACIONAL DEL NORTE, NUEVO LEON",,,,,,
SP-2066,AERÓDROMO,ENC,ENCINITOS,SINALOA,BADIRAGUATO,DIURNO,SERVICIO PARTICULAR,TERRESTRE,1-A,ESTHER MADAI DE LA ROCHA OLIVAS,500.00,WGS 84,25,26,52.40,107,17,38.14,8,24,702,12,TERRACERIA,15/05/2025,180 DIAS,15/11/2025,NOV,2025,NO,EN TRAMITE,"AEROPUERTO INTERNACIONAL DE CULIACAN, SINALOA",,,,,,
SP-2067,AERÓDROMO,LTR,LOS TORRES,CHIAPAS,TAPACHULA,DIURNO,SERVICIO PARTICULAR,TERRESTRE,1-A,ABRAHAM TORRES VERDUZCO,29.99,WGS 84,14,45,52.00,92,20,39.00,4,22,770,15,TERRACERIA,05/10/2023,15 AÑOS,05/10/2038,OCT,2038,SI,VIGENTE,"AEROPUERTO INTERNACIONAL DE TAPACHULA, CHIAPAS",,,,,,
HP-2068,HELIPUERTO,HXA,CLUB HIPOC EXHACIENDA DEL CARMEN,GUANAJUATO,LEON,DIURNO,SERVICIO PARTICULAR,SUPERFICIE,H-1,"SONI AVIONES, S.A. DE C.V.",18.22,WGS 84,21,6,43.23,101,36,43.71,,,,,,SIN AUTORIZACION,,SIN AUTORIZACION,,,NO,EN TRAMITE ,"AEROPUERTO INTERNACIONAL DE GUANAJUATO, GUANAJUATO",,,,,,
SP-2069,AERÓDROMO,AGA,RANCHO AGUA BLANCA,SONORA,PITIQUITO,DIURNO,SERVICIO PARTICULAR,TERRESTRE,1-A,JOSE VICENTE CONTRERAS PAVLOVICH,433.00,WGS 84,29,37,23.00,11,46,29.00,2,20,700,25,TERRACERIA,SIN AUTORIZACION,,SIN AUTORIZACION,,,NO,EN TRAMITE,"AEROPUERTO INTERNACIONAL DE HERMOSILLO, SONORA",,,,,,
SP-2070,AERÓDROMO,LAT,LOS ALTARES,DURANGO,SANTIAGO PAPASQUIARO,DIURNO,SERVICIO PARTICULAR Y A TERCEROS,TERRESTRE,1-A,MUNICIPIO DE SANTIAGO PAPASQUIARO,"2,487.00",WGS 84,25,0,1.76,105,53,45.46,12,30,910,14,TERRACERIA,30/04/2024,15 AÑOS,30/04/2039,ABR,2039,SI,VIGENTE,"AEROPUERTO INTERNACIONAL DE DURANGO, DURANGO",,,,,,
SP-2071,AERÓDROMO,RMT,RANCHO MANUELITA,MICHOACÁN,COAHUAYANA,DIURNO,SERVICIO PARTICULAR,TERRESTRE,1-A,JESUS ZAMORA CASTRO,50.00,WGS 84,18,44,8.05,103,38,23.13,5,23,1300,18,TERRACERIA,SIN AUTORIZACION,,SIN AUTORIZACION,,,NO,EN TRAMITE ,AEROPUERTO NACIONAL DE COLIMA,,,,,,
HP-2072,PLATAFORMA-HELIPUERTO,HJQ,JINDAL PIONEER,TABASCO,VILLAHERMOSA,DIURNO,SERVICIO PARTICULAR,ELEVADO,H-2,"SAIMEXICANA, S.A. DE C.V.",59.03,WGS 84,18,24,7.00,93,47,33.00,,,,,ALUMINIO,SIN AUTORIZACION,,SIN AUTORIZACION,,,NO ,EN TRAMITE ,"AEROPUERTO INTERNACIONAL DE VILLAHERMOSA, TABASCO",,,,,,
SP-2073,AERÓDROMO,VFS,RANCHO VALLE DE LAS FLORES,COAHUILA,OCAMPO,DIURNO,SERVICIO PARTICULAR,TERRESTRE,1-B,"DESARROLLOS ARQUITANIA, S.A. DE C.V.",568.00,WGS 84,27,26,40.15,102,37,18.71,15,33,1000,40,TERRACERIA,26/07/2023,15 AÑOS,26/07/2038,JUL,2038,SI,VIGENTE,"AEROPUERTO INTERNACIONAL DE MONCLOVA, COAHUILA",,,,,,
SP 2074,AERÓDROMO,MYG,MAYORGA,TABASCO,BALANCAN,,SERVICIO PARTICULAR,,,,15.00,WGS84,17,53,33.00,91,37,30.00,9,7,900,15,TERRACERIA ,SIN AUTORIZACION,,SIN AUTORIZACION,,,NO,EN TRAMITE,,,,,,,
SP 2075,AERÓDROMO,TRQ,TERREROS,DURANGO,SANTIAGO PAPASQUIARO,DIURNO,SERVICIO PARTICULAR,TERRESTRE,1-A,EJIDO CHANTU,"2,671.00",WGS85,26,10,56.85,106,35,43.01,2,20,760,15,TERRACERIA,24/02/2025,180 DIAS,24/08/2025,AGO,2025,NO,EN TRAMITE,"AEROPUERTO INTERNACIONAL DE CHIHUAHUA, CHIHUAHUA",,,,,,
HP 2076,HELIPUERTO,HEX,HOTEL ESENCIA,QUINTANA ROO,TULUM,DIURNO,SERVICIO PARTICULAR,SUPERFICIE,H-1,"BALTAZAR XPU HA, S.DE.R.L. DE C.V.",10.00,WGS 84,20,28,46.00,87,15,17.00,,,,,CONCRETO,SIN AUTORIZACION,,SIN AUTORIZACION,,,NO ,EN TRAMITE ,AEROPUERTO DE PLAYA DEL CARMEN,,,,,,
HP 2077,HELIPUERTO,HXT,TLAXCALA,TLAXCALA,TETLATLAHUCA,DIURNO,SERVICIO PARTICULAR,SUPERFICIE,H-1,ADOLFO MAURICIO BLANCA NUÑEZ,"2,186.00",WGS 84,19,11,31.00,98,17,41.00,,,,,PASTO,07/03/2023,180 DIAS,07/09/2023,SEP,2023,NO,EN TRAMITE,"AEROPUERTO INTERNACIONAL ""HERMANOS SERDÁN"" DE HUEJOTZINGO, PUE.",,,,,,
HP 2078,HELIPUERTO,HCE,HOSPITAL ANGELES CENTRO SUR,QUERETARO,QUERETARO,DIURNO,SERVICIO PARTICULAR,ELEVADO,H-1,"HOSPITAL ANGELES ACAPULCO, S.A. DE C.V.","1,926.00",WGS 84,20,36,34.30,100,22,42.80,,,,,CONCRETO,04/12/2023,180 DÍAS,04/06/2024,JUN,2024,NO,EN TRAMITE,AEROPUERTO INTERCONTINENTAL DE QUERÉTARO.,,,,,,
SP 2079,AERÓDROMO,LGS,LAGUNA SECA PUERTO AEREO,JALISCO,ACATLAN DE JUAREZ,DIURNO,SERVICIO PARTICULAR Y A TERCEROS,TERRESTRE,3-A,ROCIO PRECIADO ATINEZO,"1,352.00",WGS 84,20,20,26.97,103,33,23.34,14,32,1800,30,CONCRETO,21/07/2023,15 AÑOS,21/07/2038,JUL,2038,SI,VIGENTE,"AEROPUERTO INTERNACIONAL DE GUADALAJARA, JALISCO",,,,,,
SP 2080,AERÓDROMO,SRN,SAN RAMON,SINALOA,CULIACAN,DIURNO,SERVICIO PARTICULAR Y A TERCEROS,TERRESTRE,1-A,JESUS ALBANI ARMENTA LOPEZ,100.00,WGS 84,24,29,2.37,107,10,56.12,10,28,1100,15,TERRACERIA,14/12/2023,15 AÑOS,04/12/2038,DIC,2038,SI,VIGENTE,"AEROPUERTO INTERNACIONAL DE CULIACAN, SINALOA",,,,,,
SP 2081,AERÓDROMO,ECS,EL CASTILLO,SINALOA,CULIACAN,DIURNO,SERVICIO PARTICULAR Y A TERCEROS,TERRESTRE,1-A,CESAR ALFREDO VERDUGO LUGO,3.80,WGS 84,24,34,49.08,107,42,22.63,14,32,971.9,10,ASFALTO,22/11/2023,15 AÑOS,22/11/2038,NOV,2038,SI,VIGENTE,"AEROPUERTO INTERNACIONAL DE CULIACAN, SINALOA",,,,,,
SP 2082,AERÓDROMO,SGM,SIGMA,TAMAULIPAS,TULA,DIURNO,SERVICIO PARTICULAR,TERRESTRE,1-A,"MARKETA AZUL, SA. DE C.V.","1,065.00",WGS 84,22,52,11.90,99,48,18.20,8,26,798,18,PAVIMENTO ASFALTICO,SIN AUTORIZACION,,SIN AUTORIZACION,,,NO,EN TRAMITE,"AEROPUERTO INTERNACIONAL DE SAN LUIS POTOSI, SAN LUIS POTOSI",,,,,,
HP 2083,PLATAFORMA-HELIPUERTO,HWN,AMOCA WHP 1,TABASCO,DOS BOCAS,DIURNO,SERVICIO PARTICULAR,ELEVADO,H-2,"ENI MEXICO, S. DE R.L. DE C.V.",37.18,WGS 84,18,20,22.01,93,53,37.63,,,,,,SIN AUTORIZACION,,SIN AUTORIZACION,,,NO,EN TRAMITE,"AEROPUERTO INTERNACIONAL DE VILLAHERMOSA, TABASCO",,,,,,
SP 2084,AERÓDROMO,ARS,ARROYO SECO,CHIHUAHUA,CASAS GRANDES,DIURNO,SERVICIO PARTICULAR,TERRESTRE,1-A,ALVARO BUSTILLOS DELGADO ,"1,599.00",WGS 84,30,12,37.24,107,53,13.50,17,35,850,10,TERRACERIA,15/03/2024,15 AÑOS,15/03/2039,MAR,2039,SI,VIGENTE,"AEROPUERTO INTERNACIONAL DE CIUDAD JUAREZ, CHIHUAHUA",,,,,,
HP 2085,HELIPUERTO,HUB,MONARCA I,MICHOACÁN,ZITACUARO,DIURNO,SERVICIO PARTICULAR,SUPERFICIE,H-1,"AEROSERVICIOS INTERNACIONALES MONARCA, S. DE P.R. DE R.L. DE C.V.","2,072.00",WGS 84,19,30,53.50,100,24,39.60,,,,,CONCRETO,14/03/2024,15 AÑOS,14/03/2039,MAR,2039,SI,VIGENTE,"AEROPUERTO DE MORELIA, MICHOACAN",,,,,,
SP 2086,AERÓDROMO,EPS,EL PESCADERO,BAJA CALIFORNIA SUR,LA PAZ,DIURNO,SERVICIO PARTICULAR,TERRESTRE,1-A,FELIX REGALADO BETANCOURT,105.00,WGS 84,23,23,16.44,110,9,1.73,6,24,1100,30,ASFALTO,SIN AUTORIZACION,,SIN AUTORIZACION,,,NO,EN TRAMITE,"AEROPUERTO INTERNACIONAL DE SAN JOSÉ DEL CABO, B.C.S.",,,,,,
HP 2087,HELIPUERTO,HZJ,TORRE CHURUBUSCO,CIUDAD DE MÉXICO,BENITO JUÁREZ,DIURNO,SERVICIO PARTICULAR Y A TERCEROS,ELEVADO,H-2,"F1 MANAGEMENT, S.C.","2,430.00",WGS 84,19,21,33.00,99,10,9.00,,,,,CONCRETO,15/05/2025,180 DIAS,15/11/2025,NOV,2025,NO,EN TRAMITE,"AEROPUERTO INTERNACIONAL DE LA CIUDAD DE MEXICO, CIUDAD DE MEXICO",,,,,,
HP 2088,HELIPUERTO,HCY,EL AGORA DE LA LIBERTAD,CIUDAD DE MÉXICO,MIGUEL HIDALGO,DIURNO,SERVICIO PARTICULAR,ELEVADO,H-1,"SERVICIOS AEREOS NOTICIOSOS, S.A. DE C.V.","2,460.00",WGS 84,19,23,37.94,99,14,10.72,,,,,CONCRETO,04/07/2024,180 DIAS,04/01/2025,ENE,2025,NO,EN TRAMITE,"AEROPUERTO INTERNACIONAL DE LA CIUDAD DE MEXICO, CIUDAD DE MEXICO",,,,,,
SP 2089,AERÓDROMO,POZ,EL POZO,BAJA CALIFORNIA,MEXICALI,DIURNO,SERVICIO PARTICULAR,TERRESTRE,1-A,MANUEL PEREZ SOLIS,24.00,WGS 84,32,31,25.36,114,53,43.90,9,27,600,15,TERRACERIA,SIN AUTORIZACION,,SIN AUTORIZACION,,,NO,EN TRAMITE,"AEROPUERTO INTERNACIONAL DE MEXICALI, BAJA CALIFORNIA",,,,,,
HP 2090,HELIPUERTO,HUZ,EL SAUZ,ESTADO DE MEXICO,POLOTITLAN,DIURNO,SERVICIO PARTICULAR,SUPERFICIE,H-1,"AEROVICS, S.A. DE C.V.","2,602.00",WGS 84,20,9,51.27,99,41,13.14,,,,,CONCRETO,SIN AUTORIZACION,,SIN AUTORIZACION,,,NO,EN TRAMITE,"AEROPUERTO INTERNACIONAL DE TOLUCA, ESTADO DE MEXICO",,,,,,
HP-2091,HELIPUERTO,HKH,BARON BALCHE,BAJA CALIFORNIA,ENSENADA,DIURNO,SERVICIO PARTICULAR,SUPERFICIE,H-1,YOLANDA ALICIA SOMERA CARRILLO,339.00,WGS 84,32,5,58.90,116,38,2.85,,,,,CONCRETO,SIN AUTORIZACION,,SIN AUTORIZACION,,,NO,EN TRAMITE,"AEROPUERTO INTERNACIONAL DE ENSENADA, BAJA CALIFORNIA",,,,,,
HP-2092,BARCO-HELIPUERTO,HJK,MARIA DE JESUS,COLIMA,MANZANILLO,DIURNO,SERVICIO PARTICULAR,HELIPUERTO MIXTO,H-1,"MARATUN, S.A. DE C.V.",5.00,WGS 84,19,4,47.50,104,17,26.80,,,,,PLACA METALICA,14/12/2023,15 AÑOS,14/12/2038,DIC,2038,SI,VIGENTE,"AEROPUERTO INTERNACIONAL DE MANZANILLO, COLIMA",,,,,,
HP 2093,HELIPUERTO,HUE,MONARCA II,MICHOACÁN,ZITACUARO,DIURNO,SERVICIO PARTICULAR,SUPERFICIE,H-1,"AEROSERVICIOS INTERNACIONALES MONARCA, S. DE P.R. DE R.L. DE C.V.","1,920.00",WGS 84,19,29,2.60,100,23,33.40,,,,,CONCRETO,24/11/2023,180 DIAS,24/05/2024,MAY,2024,NO,EN TRAMITE,"AEROPUERTO DE MORELIA, MICHOACAN",,,,,,
HP 2094,HELIPUERTO,HVK,VILLA ANGELES III,MORELOS,CUERNAVACA,DIURNO,SERVICIO PARTICULAR,SUPERFICIE,H-1,MARIA DE LOS ANGELES ALDIR DARRIBA,"1,751.00",WGS 84,18,57,43.58,99,14,8.61,,,,,PASTO,13/11/2023,180 DIAS,13/05/2024,MAY,2024,NO,EN TRAMITE,"AEROPUERTO INTERNACIONAL DE CUERNAVACA, MORELOS",,,,,,
SP 2095,AERÓDROMO,CUR,RANCHO EL CURA,DURANGO,CANATLAN,DIURNO,SERVICIO PARTICULAR,TERRESTRE,2-A,LEONARDO HERNADEZ LOPEZ,"2,573.00",WGS 84,24,30,33.04,104,55,45.46,18,36,1300,15,TERRACERIA,18/07/2024,180 DIAS,18/01/2025,ENE,2025,NO,EN TRAMITE,"AEROPUERTO INTERNACIONAL DE DURANGO, DURANGO",,,,,,
HP 2096,HELIPUERTO,HOZ,BOTZ-HA,QUINTANA ROO,TULUM,DIURNO,SERVICIO PARTICULAR,SUPERFICIE,H-2,"ARRENDAMIENTOS Y TRANSPORTES TURISTICOS, S.A. DE C.V.",6.00,WGS 84,20,13,53.20,87,25,27.60,,,,,CONCRETO,SIN AUTORIZACION,,SIN AUTORIZACION,,,NO,EN TRAMITE,"AEROPUERTO INTERNACIONAL DE CANCUN, QUINTANA ROO",,,,,,
HP 2097,HELIPUERTO,HLQ,MEDIA LUNA,GUERRERO,COCULA,DIURNO,SERVICIO PARTICULAR,SUPERFICIE,H-2,"MINERA MEDIA LUNA, S.A. DE C.V.",652.00,WGS 84,18,0,13.32,99,45,20.30,,,,,ASFALTO,SIN AUTORIZACION,,SIN AUTORIZACION,,,NO,EN TRAMITE,"AEROPUERTO INTERNACIONAL DE CUERNAVACA, MORELOS",,,,,,
HP 2098,HELIPUERTO,HUH,SECRETARIA DE SEGURIDAD PUBLICA DE GUANAJUATO,GUANAJUATO,SILAO,DIURNO,SERVICIO PARTICULAR,SUPERFICIE,H-1,GOBIERNO DEL ESTADO DE GUANAJUATO,"1,806.00",WGS 84,21,0,42.36,101,30,47.28,,,,,CONCRETO,SIN AUTORIZACION,,SIN AUTORIZACION,,,NO,EN TRAMITE,"AEROPUERTO INTERNACIONAL DE GUANAJUATO, GUANAJUATO",,,,,,
HP 2099,BARCO-HELIPUERTO,HQV,COTEMAR HERCULES,CAMPECHE,CIUDAD DEL CARMEN,DIURNO,SERVICIO PARTICULAR,HELIPUERTO MIXTO,H-2,COTEMAR S.A. DE C.V.,22.00,WGS-84,18,29,0.00,93,29.83,0.00,,,,,ALUMINIO,14/10/2024,15 AÑOS,14/10/2039,OCT,2039,SI,VIGENTE,"AEROPUERTO INTERNACIONAL DE CIUDAD DEL CARMEN, CAMPECHE",,,,,,
HP 2100,BARCO-HELIPUERTO,HQW,COTEMAR ATLANTIS,CAMPECHE,CIUDAD DEL CARMEN,DIURNO,SERVICIO PARTICULAR,HELIPUERTO MIXTO,H-2,COTEMAR S.A. DE C.V.,34.60,WGS-84,19,24,0.00,92,2.1029,0.00,,,,,ALUMINIO,15/05/2025,180 DIAS,15/11/2025,NOV,2025,NO,EN TRAMITE,"AEROPUERTO INTERNACIONAL DE CIUDAD DEL CARMEN, CAMPECHE",,,,,,
HP 2101,BARCO-HELIPUERTO,HQX,COTEMAR ARIES,CAMPECHE,CIUDAD DEL CARMEN,DIURNO,SERVICIO PARTICULAR,HELIPUERTO MIXTO,H-2,COTEMAR S.A. DE C.V.,22.00,WGS-84,18,29,16.00,93,4,32.00,,,,,ALUMINIO,14/10/2024,15 AÑOS,14/10/2039,OCT,2039,SI,VIGENTE,"AEROPUERTO INTERNACIONAL DE CIUDAD DEL CARMEN, CAMPECHE",,,,,,
HP 2102,BARCO-HELIPUERTO,HQY,COTEMAR ARTEMIS,CAMPECHE,CIUDAD DEL CARMEN,DIURNO,SERVICIO PARTICULAR,HELIPUERTO MIXTO,H-2,COTEMAR S.A. DE C.V.,22.00,WGS-84,18,29,0.00,93,29.83,0.00,,,,,ALUMINIO,14/10/2024,15 AÑOS,14/10/2039,OCT,2039,SI,VIGENTE,"AEROPUERTO INTERNACIONAL DE CIUDAD DEL CARMEN, CAMPECHE",,,,,,
HP 2103,BARCO-HELIPUERTO,HQZ,COTEMAR NEPTUNO,CAMPECHE,CIUDAD DEL CARMEN,DIURNO,SERVICIO PARTICULAR,HELIPUERTO MIXTO,H-2,COTEMAR S.A. DE C.V.,34.60,WGS-84,19,37,0.00,92,15.4,0.00,,,,,ALUMINIO,23/09/2025,03 AÑOS,31/12/2028,DIC,2028,SI,VIGENTE,"AEROPUERTO INTERNACIONAL DE CIUDAD DEL CARMEN, CAMPECHE",,,,,,
HP 2104,BARCO-HELIPUERTO,HWB,COTEMAR TOPAZ,CAMPECHE,CIUDAD DEL CARMEN,DIURNO,SERVICIO PARTICULAR,HELIPUERTO MIXTO,H-2,"PARROT AZUL PROJECT MX, S.A. DE C.V.",22.00,WGS-84,19,31,0.00,92,11.21,0.00,,,,,ALUMINIO,13/12/2023,180 DIAS,13/06/2024,JUN,2024,NO,EN TRAMITE,"AEROPUERTO INTERNACIONAL DE CIUDAD DEL CARMEN, CAMPECHE",,,,,,
HP 2105,BARCO-HELIPUERTO,HWC,COTEMAR OILAIR,CAMPECHE,CIUDAD DEL CARMEN,DIURNO,SERVICIO PARTICULAR,HELIPUERTO MIXTO,H-2,COTEMAR S.A. DE C.V.,37.50,WGS-84,19,24,0.00,92,2.1029,0.00,,,,,ALUMINIO,14/10/2024,15 AÑOS,14/10/2039,OCT,2039,SI,VIGENTE,"AEROPUERTO INTERNACIONAL DE CIUDAD DEL CARMEN, CAMPECHE",,,,,,
HP 2106,HELIPUERTO,HVU,HOSPITAL REGIONAL ISSSTE ACAPULCO,GUERRERO,ACAPULCO DE JUÁREZ,DIURNO,SERVICIO PARTICULAR,ELEVADO,H-1,"INTEGMEV, S.A. DE C.V.",30.40,WGS-84,16,51,14.07,99,51,2.13,,,,,CONCRETO,SIN AUTORIZACION,,SIN AUTORIZACION,,,NO,EN TRAMITE,"AEROPUERTO INTERNACIONAL DE ACAPULCO, GUERRERO",,,,,,
ZD 2107,ZONA DE DESPEGUE,ZNCM,NUEVO CIELO,ESTADO DE MEXICO,SAN MARTIN DE LAS PIRAMIDES,DIURNO,SERVICIO PARTICULAR,TERRESTRE,N/A,BLANCA LIZBETH LIRA LIMON,22.98,WGS-84,19,42,0.60,98,49,22.69,,,,,TERRACERIA,24/02/2025,180 DIAS,24/08/2025,AGO,2025,NO,EN TRAMITE,AEROPUERTO INTERNACIONAL FELIPE ANGELES,,,,,,
HP 2108,BARCO-HELIPUERTO,HAM,GORDON,BAJA CALIFORNIA,ENSENADA,DIURNO,SERVICIO PARTICULAR,HELIPUERTO MIXTO,H-1,"BAJA AQUA FARM, S.A. DE C.V.",3.00,WGS-84,31,50,39.96,116,37,1.77,,,,,METALICA,18/07/2024,180 DIAS,18/01/2025,ENE,2025,NO,EN TRAMITE,"AEROPUERTO INTERNACIONAL DE MEXICALI, BAJA CALIFORNIA",,,,,,
ZD-2109,ZONA DE DESPEGUE,ZVOL,VOLARE,ESTADO DE MEXICO,TEOTIHUACÁN,DIURNO,SERVICIO PARTICULAR,TERRESTRE,N/A,MARIEL MERINO ESCAMILLA,22.93,WGS-84,19,41,31.30,98,49,39.07,,,,,TERRACERIA ,15/12/2023,180 DIAS,15/06/2024,JUN,2024,NO,EN TRAMITE,AEROPUERTO INTERNACIONAL FELIPE ANGELES,,,,,,
SP-2110,AERÓDROMO,LSD,LA SANTISIMA TRINIDAD,SINALOA,CULIACAN,DIURNO,SERVICIO PARTICULAR,TERRESTRE,1-A,MARTIN GALAVIZ ESPARZA,101.00,WGS-84,24,46,23.70,107,15,45.81,4,22,1000,12,TERRACERIA ,25/06/2024,15 AÑOS,25/06/2039,JUN,2039,SI,VIGENTE,"AEROPUERTO INTERNACIONAL DE CULIACAN, SINALOA",,,,,,
ZD-2111,ZONA DE DESPEGUE,ZHPY,HAPPY PUERTO,ESTADO DE MEXICO,SAN MARTIN DE LAS PIRAMIDES,DIURNO,SERVICIO PARTICULAR,TERRESTRE,N/A,DAVID SALVADOR ROJO,"2,298.00",WGS-84,19,41,40.38,98,49,8.05,,,,,TERRACERIA ,08/04/2025,180 DIAS,08/10/2025,OCT,2025,NO,EN TRAMITE,AEROPUERTO INTERNACIONAL FELIPE ANGELES,,,,,,
ZD-2112,ZONA DE DESPEGUE,ZVGA,VOLAR EN GLOBO,ESTADO DE MEXICO,SAN MARTIN DE LAS PIRAMIDES,DIURNO,SERVICIO PARTICULAR,TERRESTRE,N/A,"VOLOR EN GLOBO AVENTURA Y PUBLICIDAD, S.A. DE C.V.","2,290.00",WGS-84,19,41,46.00,98,49,33.00,,,,,TERRACERIA ,24/02/2025,180 DIAS,24/08/2025,AGO,2025,NO,EN TRAMITE,AEROPUERTO INTERNACIONAL FELIPE ANGELES,,,,,,
SP-2113,AERÓDROMO,EGC,EL GUAJUCO,NUEVO LEÓN,ALLENDE,DIURNO,SERVICIO PARTICULAR Y A TERCEROS,TERRESTRE,2-A,"AERÓDROMO EL GUAJUCO, S.A. DE C.V.",402.50,WGS-84,25,19,30.40,99,57,28.50,13,31,1199.5,15,PIEDRA COMPACTADA,07/03/2025,15 AÑOS,07/03/2040,MAR,2040,SI,VIGENTE,"AEROPUERTO INTERNACIONAL DE MONTERREY, NUEVO LEON",,,,,,
HP 2114,HELIPUERTO,HJS,HOSPITAL REAL SAN JOSE,JALISCO,ZAPOPAN,DIURNO,SERVICIO PARTICULAR,ELEVADO,H-1,"GRUPO JIMALTA, S. DE R.L. DE C.V.","1,602.00",WGS-84,20,43,18.06,103,25,47.33,,,,,CONCRETO,17/09/2025,15 AÑOS,17/09/2040,SEP,2040,SI,VIGENTE,"AEROPUERTO INTERNACIONAL DE GUADALAJARA, JALISCO",,,,,,
SP 2115,AERÓDROMO ,RLL,RANCHO LAS LIEBRES,COAHUILA,PARRAS DE LA FUENTE,DIURNO,SERVICIO PARTICULAR,TERRESTRE,1-A,MIROSLAVA VILLARREAL CANTU,"1,148.00",WGS-84,25,47,58.30,101,54,6.40,9,27,800,20,TERRACERIA ,12/11/2024,180 DIAS,12/05/2025,MAY,2025,NO,EN TRAMITE,"AEROPUERTO INTERNACIONAL DEL NORTE, NUEVO LEON",,,,,,
HP 2116,HELIPUERTO,HYS,PENINSULA LIFESTYLE GDL,JALISCO,GUADALAJARA,DIURNO,SERVICIO PARTICULAR,ELEVADO,H-1,"CITI COORDINACION, S.A. DE C.V.","1,742.50",WGS-84,20,40,40.54,103,24,0.77,,,,,CONCRETO,15/05/2025,180 DIAS,15/11/2025,NOV,2025,NO,EN TRAMITE,"AEROPUERTO INTERNACIONAL DE GUADALAJARA, JALISCO",,,,,,
SP 2117,AERÓDROMO,MAP,MAZATLAN AEROSPACE PARK,SINALOA,MAZATLAN,DIURNO,SERVICIO PARTICULAR,TERRESTRE,2-B,"TOP BRAIN GROUP, S DE R.L. DE C.V.",25.00,WGS-84,23,21,18.00,106,27,51.00,8,26,1400,30,ASFALTO,SIN AUTORIZACION,,SIN AUTORIZACION,,,NO,EN TRAMITE,"AEROPUERTO INTERNACIONAL DE MAZATLAN, SINALOA",,,,,,
HP 2118,HELIPUERTO,HZG,HOSPITAL REGIONAL DE ALTA ESPECIALIDAD DE ZUMPANGO,ESTADO DE MEXICO,ZUMPANGO,DIURNO,SERVICIO PARTICULAR,SUPERFICIE,H-2,HOSPITAL DE ALTA ESPECIALIDAD DE ZUMPANGO,"2,260.00",WGS-84,19,48,52.32,99,5,17.54,,,,,CONCRETO,17/09/2025,30 AÑOS,16/08/2055,SEP,2055,SI,VIGENTE,AEROPUERTO INTERNACIONAL FELIPE ANGELES,,,,,,
ZD 2119,ZONA DE DESPEGUE,ZSFB,SKY FIESTA BALLOONS,ESTADO DE MEXICO,SAN MARTIN DE LAS PIRAMIDES,DIURNO,SERVICIO PARTICULAR,TERRESTRE,N/A,"SKY COMERCIALIZADORA DE TURISMO, PRODUCTOS Y TURISMO, S.A. DE C.V.","2,310.00",WGS-84,19,41,52.00,98,49,23.00,,,,,TERRACERIA,14/11/2025,180 DIAS,14/05/2026,MAY,2026,SI,VIGENTE,AEROPUERTO INTERNACIONAL FELIPE ANGELES,,,,,,
ZD 2120,ZONA DE DESPEGUE,ZSBM,SKY BALLOONS MEXICO,ESTADO DE MEXICO,SAN MARTIN DE LAS PIRAMIDES,DIURNO,SERVICIO PARTICULAR,TERRESTRE,N/A,"GLOBOS AEROSTATICOS Y SERVICIOS, S.A. DE C.V.","2,290.00",WGS-84,19,41,47.00,98,49,24.00,,,,,TERRACERIA,07/06/2024,180 DIAS,07/12/2024,DIC,2024,NO,EN TRAMITE,AEROPUERTO INTERNACIONAL FELIPE ANGELES,,,,,,
ZD 2121,ZONA DE DESPEGUE,ZVFA,AEROSTAT,ESTADO DE MEXICO,SAN MARTIN DE LAS PIRAMIDES,DIURNO,SERVICIO PARTICULAR,TERRESTRE,N/A,"VUELOS Y FESTIVALES AEROSTAT, S. DE R.L. DE C.V.","2,298.00",WGS-84,19,41,41.46,98,49,28.80,,,,,TERRACERIA,07/06/2024,180 DIAS,07/12/2024,DIC,2024,NO,EN TRAMITE,AEROPUERTO INTERNACIONAL FELIPE ANGELES,,,,,,
SP 2122,AERÓDROMO,MAR,COMODORO P.A. CARLOS CASTILLO BRETON BARRERO,NAYARIT,SAN BLAS,DIURNO,SERVICIO PARTICULAR,TERRESTRE,2-B,"GRUPO AEROPORTUARIO DE LA CIUDAD DE MEXICO, S.A. DE C.V.",1.00,WGS-84,21,39,0.69,106,32,16.51,1,19,1400,30,ASFALTO,06/06/2024,180 DIAS,06/12/2024,DIC,2024,NO,EN TRAMITE,"AEROPUERTO DE TEPIC, NAYARIT",,,,,,
HP 2123,HELIPUERTO,HXR,HOSPITAL REGIONAL ISSSTE TLAJOMULCO,JALISCO,TLAJOMULCO DE ZUÑIGA,NOCTURNO,SERVICIO PARTICULAR,ELEVADO,H-1,INSTITUTO DE SEGURIDAD Y SERVICIOS SOCIALES PARA TRABAJADORES DEL ESTADO,,,,,,,,,,,,,,SIN AUTORIZACION,,SIN AUTORIZACION,,,NO,EN TRAMITE,,,,,,,
HP 2124,PLATAFORMA-HELIPUERTO,HSH,TITANIA FE,CAMPECHE,CIUDAD DEL CARMEN,DIURNO,SERVICIO PARTICULAR,HELIPUERTO MIXTO,H-2,"PARATUS TITANIA DE MEXICO, S.R.L. DE C.V.",47.90,WGS-84,18,28,27.61,93,19,22.74,,,,,METALICA,SIN AUTORIZACION,,SIN AUTORIZACION,,,NO,EN TRAMITE,"AEROPUERTO INTERNACIONAL DE CIUDAD DEL CARMEN, CAMPECHE",,,,,,
SP 2125,AERÓDROMO,SEO,EL SUEÑO,SINALOA,CULIACAN,DIURNO,SERVICIO PARTICULAR,TERRESTRE,1-A,JOSE ALFREDO CARRILLO CORRALES,80.00,WGS-84,24,35,27.00,107,17,13.00,4,22,900,10,ASFALTO,SIN AUTORIZACION,,SIN AUTORIZACION,,,NO,EN TRAMITE,"AEROPUERTO INTERNACIONAL DE CULIACAN, SINALOA",,,,,,
SP 2126,AERÓDROMO,MCR,MINERA CAMINO ROJO,ZACATECAS,MAZAPIL,DIURNO,SERVICIO PARTICULAR,TERRESTRE,1-A,"MIRNERA CAMINO ROJO, S.A. DE C.V.","1,915.00",WGS-84,24,9,5.47,101,30,37.15,7,25,1000,30,TERRAERIA,08/04/2025,15 AÑOS,08/04/2040,ABR,2040,SI,VIGENTE,"AEROPUERTO INTERNACIONAL DE ZACATECAS, ZACATECAS",,,,,,
HP 2127,HELIPUERTO,HQP,LAS PRADERAS,BAJA CALIFORNIA SUR,LOS CABOS,DIURNO,SERVICIO PARTICULAR,SUPERFICIE,H-1,"VUELO Y TRASPORTE PRIVADO COMERCIAL, S.A. DE C.V.",134.00,WGS-84,23,9,59.00,109,43,56.00,,,,,CONCRETO,25/08/2025,180 DIAS,25/02/2026,FEB,2026,NO,EN TRAMITE,"AEROPUERTO INTERNACIONAL DE SAN JOSÉ DEL CABO, B.C.S.",,,,,,
HP-2128,HELIPUERTO,HLS,LA SIERRITA,NUEVO LEÓN,SAN PEDRO GARZA GARCIA,DIURNO,SERVICIO PARTICULAR,ELEVADO,H-1,"FEMSA SERVICIOS, S.A. DE CV.","1,014.00",WGS-84,25,37,58.17,100,23,37.74,,,,,CONCRETO,SIN AUTORIZACION,,SIN AUTORIZACION,,,NO,EN TRAMITE,"AEROPUERTO INTERNACIONAL DEL NORTE, NUEVO LEON",,,,,,
SP-2129,AERÓDROMO,FVL,FLY VERGEL,GUANAJUATO,SAN FELIPE,DIURNO,SERVICIO PARTICULAR,TERRESTRE,3-B,"FLY VERGEL, A.C.","2,597.00",WGS-84,21,24,5.80,101,39,10.90,7,25,1600,20,TERRAERIA,05/09/2025,15 AÑOS,05/09/2040,SEP,2040,SI,VIGENTE,"AEROPUERTO INTERNACIONAL DEL BAJÍO, GUANAJUATO",,,,,,
HP-2130,HELIPUERTO,HQR,PARQUE NACIONAL DE LA JUSTICIA,CIUDAD DE MÉXICO,ALVARO OBREGON,DIURNO,SERVICIO PARTICULAR,ELEVADO,H-2,FISCALIA GENERAL DE LA REPUBLICA,"2,444.00",WGS-84,19,23,9.58,99,14,44.73,,,,,CONCRETO,23/09/2025,180 DIAS,23/03/2026,MAR,2026,NO,EN TRAMITE,"AEROPUERTO INTERNACIONAL DE LA CIUDAD DE MEXICO, CIUDAD DE MEXICO",,,,,,
SP 2131,AERÓDROMO,AGP,AEROGROUP DEL PACIFICO,SINALOA,LOS MOCHIS,DIURNO,SERVICIO PARTICULAR,TERRESTRE,2B,JUAN CARLOS LOPEZ SANCHEZ,15.00,WGS-84,25,44,17.38,108,46,59.08,2,20,900,20,TERRACERIA,SIN AUTORIZACION,,SIN AUTORIZACION,,,NO,EN TRAMITE,"AEROPUERTO INTERNACIONAL DE CULIACAN, SINALOA",,,,,,
HP 2132,BARCO-HELIPUERTO,HDV,ARBOL GRANDE,CAMPECHE,CIUDAD DEL CARMEN,DIRUNO,SERVICIO PARTICULAR,ELEVADO,H-1,"DOMX MARITIMA, S DE RL DE CV",17.00,WGS-84,19,23,38.00,92,2,2,,,,,METALICA,14/07/2025,180 DIAS,14/01/2026,ENE,2026,NO,EN TRAMITE,"AEROPUERTO INTERNACIONAL DE CIUDAD DEL CARMEN, CAMPECHE",,,,,,
SP 2133,AERÓDROMO,LBR,LOS BRASILES,SINALOA,SAN IGNACIO,DIRUNO,SERVICIO PARTICULAR,TERRESTRE,1-A,JORGE LUIS LEYVA SANCHEZ,405.00,WGS-84,24,2,31.80,106,3,42.9,,,,,ASFALTO,SIN AUTORIZACION,,SIN AUTORIZACION,,,NO,EN TRAMITE,,,,,,,
HP 2134,HELIPUERTO,HFK,FINCA SANRO,ESTADO DE MEXICO,JILOTZINGO,DIRUNO,SERVICIO PARTICULAR,ELEVADO,H-1,"NEGOCIOS ADMINISTRATIVOS EN CAPITAL HUMANO, A.C.","2,730.00",WGS-84,19,31,34.00,99,23,14,,,,,CONCRETO,SIN AUTORIZACION,,SIN AUTORIZACION,,,NO,EN TRAMITE,"AEROPUERTO DE ATIZAPAN DE ZARAGOZA, ESTADO DE MEXICO",,,,,,
HP 2135,BARCO-HELIPUERTO,HKQ,HILD,CAMPECHE,CIUDAD DEL CARMEN,DIRUNO,SERVICIO PARTICULAR,ELEVADO,H-2,BORR DRILLING CONTRACTING S. DE R.L. DE C.V.,30.48,WGS-84,19,2,9.00,92,26,10,,,,,METALICA,SIN AUTORIZACION,,SIN AUTORIZACION,,,NO,EN TRAMITE,"AEROPUERTO INTERNACIONAL DE CIUDAD DEL CARMEN, CAMPECHE",,,,,,
HP 2136,BARCO-HELIPUERTO,HKR,RAN,CAMPECHE,CIUDAD DEL CARMEN,DIRUNO,SERVICIO PARTICULAR,ELEVADO,H-2,BORR DRILLING CONTRACTING S. DE R.L. DE C.V.,30.48,WGS-84,19,2,32.45,92,26,38.18,,,,,METALICA,SIN AUTORIZACION,,SIN AUTORIZACION,,,NO,EN TRAMITE,"AEROPUERTO INTERNACIONAL DE CIUDAD DEL CARMEN, CAMPECHE",,,,,,
HP 2137,HELIPUERTO,HNU,MONARCA III,OAXACA,COSOLAPA,DIURNO,SERVICIO PARTICULAR,SUPERFICIE,H-1,"AEROSERVICIOS INTERNACIONALES MONARCA, S. DE P.R. DE R.L. DE C.V.",181.00,WGS 84,18,35,32.00,96,38,32,,,,,CONCRETO,SIN AUTORIZACION,,SIN AUTORIZACION,,,NO,EN TRAMITE,"AEROPUERTO INTERNACIONAL DE VERACRUZ, VERACRUZ",,,,,,
HP 2138,HELIPUERTO,HME,MANTE,TAMAULIPAS,EL MANTE,DIURNO,SERVICIO PARTICULAR,SUPERFICIE,H-1,"INGENIO EL MANTE, SA DE C.V.",82.00,WGS 84,22,43,43.00,98,58,53.00,,,,,CONCRETO,SIN AUTORIZACION,,SIN AUTORIZACION,,,NO,EN TRAMITE,"AEROPUERTO INTERNACIONAL DE TAMPICO, TAMAULIPAS",,,,,,
HP-2139,HELIPUERTO,HEY ,SANTA MARTHA,CIUDAD DE MÉXICO,TLALPAN,DIURNO,SERVICIO PARTICULAR,SUPERFICIE,H-1,"AGROGANADERA P.H., S.P.R. DE R.L. DE C.V.","3,080.00",WGS 84,19,12,26.47,99,13,19.47,,,,,CONCRETO,SIN AUTORIZACION,,SIN AUTORIZACION,,,NO,EN TRAMITE,"AEROPUERTO INTERNACIONAL DE LA CIUDAD DE MEXICO, CIUDAD DE MEXICO",,,,,,
SP 2140,AERÓDROMO,EKA,EL CARMEN,DURANGO,DURANGO,DIURNO,SERVICIO PARTICULAR,TERRESTRE,1-A,ALEJANDRO RODRIGUEZ SAENZ,"19,202.00",WGS 84,24,18,34.28,104,44,53.2,6,24,,,TERRACERIA,SIN AUTORIZACION,,SIN AUTORIZACION,,,NO,EN TRAMITE,"AEROPUERTO INTERNACIONAL DE DURANGO, DURANGO",,,,,,
HP 2141,HELIPUERTO,HSM,HOSPITAL STAR MEDICA POLANCO,CIUDAD DE MÉXICO,MIGUEL HIDALGO,DIRUNO,SERVICIO PARTICULAR,ELEVADO,H-1,"STAR MEDICA, S.A. DE C.V.","2,261.00",WGS 84,19,26,38.90,99,12,16.3,,,,,CONCRETO,SIN AUTORIZACION,,SIN AUTORIZACION,,,NO,EN TRAMITE,"AEROPUERTO INTERNACIONAL DE LA CIUDAD DE MEXICO, CIUDAD DE MEXICO",,,,,,
SP 2142,AERÓDROMO ,SMS,SOCORRO MERAZ SAENZ,CHIHUAHUA,BUENA VENTURA,DIURNO,SERVICIO PARTICULAR,TERRESTRE,1-A,SOCORRO MERAZ SAENZ,"1,384.00",WGS 84,30,3,47.91,106,55,57.25,6,24,430,25,TERRACERIA,SIN AUTORIZACION,,SIN AUTORIZACION,,,NO,EN TRAMITE,"AEROPUERTO INTERNACIONAL DE CIUDAD JUAREZ, CHIHUAHUA",,,,,,
HP 2143,HELIPUERTO,HVT,VALMEX LZC,MICHOACÁN,LAZARO CARDENAS,DIURNO,SERVICIO PARTICULAR,SUPERFICIE,H-1,"TRANSPORTES VALMEX LZC, S.A. DE C.V.",128.00,WGS 84,18,0,23.47,102,15,37.23,,,,,CONCRETO,SIN AUTORIZACION,,SIN AUTORIZACION,,,NO,EN TRAMITE,"AEROPUERTO DE LAZARO CARDENAS, MICHOACAN",,,,,,
HP 2144,HELIPLATAFORMA,HFV,GALAR ,CAMPECHE,CAMPECHE,DIURNO,SERVICIO PARTICULAR,ELEVADO,H-2,BORR DRILLING CONTRACTING S. DE R.L. DE C.V.,49.40,WGS-84,18,30,31.02,93,26,29.6,,,,,METALICA,SIN AUTORIZACION,,SIN AUTORIZACION,,,NO,EN TRAMITE,"AEROPUERTO INTERNACIONAL DE CIUDAD DEL CARMEN, CAMPECHE",,,,,,
HP 2145,HELIPLATAFORMA,HNH,NJORD,CAMPECHE,CAMPECHE,DIURNO,SERVICIO PARTICULAR,ELEVADO,H-2,BORR DRILLING CONTRACTING S. DE R.L. DE C.V.,49.40,WGS-84,18,29,57.37,92,51,22.03,,,,,METALICA,SIN AUTORIZACION,,SIN AUTORIZACION,,,NO,EN TRAMITE,"AEROPUERTO INTERNACIONAL DE CIUDAD DEL CARMEN, CAMPECHE",,,,,,
SP 2146,AERÓDROMO,SOL,RANCHO NUEVO,SONORA,FRONTERA,DIURNO,SERVICIO PARTICULAR,TERRESTRE,1-A,"CORRALES DE GANADERIA JCO, S.P.R. DE R.L. DE C.V.","1,404.00",WGS-84,30,46,48.00,109,45,54.3,6,24,1200,15,TERRACERIA,SIN AUTORIZACION,,SIN AUTORIZACION,,,NO,EN TRAMITE,"AEROPUERTO INTERNACIONAL DE NOGALES, SONORA",,,,,,
ZD 2147,ZONA DE DESPEGUE,ZMAB,MAGIC BALLONS,ESTADO DE MEXICO,SAN MARTIN DE LAS PIRAMIDES,DIURNO,SERVICIO PARTICULAR,TERRESTRE,N/A,MAGIC BALLOONS S.A.S. DE C.V.,"2,318.00",WGS-84,19,41,32.03,98,49,14.01,,,,,TERRACERIA,SIN AUTORIZACION,,SIN AUTORIZACION,,,NO,EN TRAMITE,AEROPUERTO INTERNACIONAL FELIPE ANGELES,,,,,,
HP 2148,BARCO-HELIPUERTO,HVQ,VOLANTIS,TABASCO,VILLAHERMOSA,DIURNO,SERVICIO PARTICULAR,ELEVADO,H-1,"DOMX MARITIMA, S DE RL DE CV",16.00,WGS-84,N/A,N/A,N/A,N/A,N/A,N/A,,,,,METALICA,SIN AUTORIZACION,,SIN AUTORIZACION,,,NO,EN TRAMITE,"AEROPUERTO INTERNACIONAL DE CIUDAD DEL CARMEN, CAMPECHE",,,,,,
HP 2149,HELIPLATAFORMA,HDY,GRID,CAMPECHE,CIUDAD DEL CARMEN,DIURNO,SERVICIO PARTICULAR,ELEVADO,H-1,PERFORACIIONES ESTRATEGICAS E INTEGRALMEXICANAS SA DE CV,49.40,WGS-84,16,45,17.30,93,4,51.5,,,,,METALICA,SIN AUTORIZACION,,SIN AUTORIZACION,,,NO,EN TRAMITE,"AEROPUERTO INTERNACIONAL DE CIUDAD DEL CARMEN, CAMPECHE",,,,,,
HP 2150,HELIPLATAFORMA,HDW,GERSEMI,CAMPECHE,CIUDAD DEL CARMEN,DIURNO,SERVICIO PARTICULAR,ELEVADO,H-1,PERFORACIIONES ESTRATEGICAS E INTEGRALMEXICANAS SA DE CV,49.00,WGS-84,N/A,N/A,N/A,N/A,N/A,N/A,,,,,METALICA,SIN AUTORIZACION,,SIN AUTORIZACION,,,NO,EN TRAMITE,"AEROPUERTO INTERNACIONAL DE CIUDAD DEL CARMEN, CAMPECHE",,,,,,
ZD 2151,ZONA DE DESPEGUE,ZELL,EL LLANO,QUERETARO,TEQUISQUIAPAN,DIURNO,SERVICIO PARTICULAR,TERRESTRE,N/A,VUELA EN GLOBO S. DE R.L. DE C.V.,"1,918.00",WGS-84,20,32,20.10,99,56,0.8,,,,,TERRACERIA,SIN AUTORIZACION,,SIN AUTORIZACION,,,NO,EN TRAMITE,AEROPUERTO INTERCONTINENTAL DE QUERÉTARO.,,,,,,
HP 2152,HELIPLATAFORMA,HXC,CME II,CAMPECHE,CIUDAD DEL CARMEN,DIURNO,SERVICIO PARTICULAR,ELEVADO,H-1,PERFORACIONES ESTRATEGICAS E INTEGRALMEXICANAS SA DE CV,44.00,N/A,N/A,N/A,N/A,N/A,N/A,N/A,,,,,METALICA,SIN AUTORIZACION,,SIN AUTORIZACION,,,NO,EN TRAMITE,"AEROPUERTO INTERNACIONAL DE CIUDAD DEL CARMEN, CAMPECHE",,,,,,
HP 2153,HELIPUERTO,HFW,FELIPE AHUMADA ARTEAGA,HIDALGO,PACHUCA,DIURNO,SERVICIO PARTICULAR,SUPERFICIE,H-1,FELIPE AHUMADA ARTEAGA,"2,334.00",WGS-84,19,4,59.59,98,47,56.7,,,,,CONCRETO,SIN AUTORIZACION,,SIN AUTORIZACION,,,NO,EN TRAMITE,,,,,,,
HP 2154,HELIPLATAFORMA,HOW,ODIN,CAMPECHE,CIUDAD DEL CARMEN,DIURNO,SERVICIO PARTICULAR,ELEVADO,H-3,BORR DRILLING CONTRACTING S. DE R.L. DE C.V.,42.06,WGS-84,18,18,15115.00,94,5,"20,861",,,,,METALICA,SIN AUTORIZACION,,SIN AUTORIZACION,,,NO,EN TRAMITE,,,,,,,
ZD 2155,ZONA DE DESPEGUE,ZGGT,GLOBO TETRIS,ESTADO DE MEXICO,TEOTIHUACÁN,DIURNO,SERVICIO PARTICULAR,TERRESTRE,N/A,DANIEL VAZQUEZ HERRERA,"2,310.00",WGS-84,19.00,41,52,98.00,49,23,,,,,TERRACERIA,SIN AUTORIZACION,,SIN AUTORIZACION,,,NO,EN TRAMITE,,,,,,,
ZD 2156,ZONA DE DESPEGUE,ZBPC,BALLOONS PARADISE,ESTADO DE MEXICO,TEOTIHUACÁN,DIURNO,SERVICIO PARTICULAR,TERRESTRE,N/A,"BALLOON'S PARADISE, S. DE R.L. DE C.V.","2,290.00",WGS-84,19,41,47.00,98,49,24,,,,,TERRACERIA,SIN AUTORIZACION,,SIN AUTORIZACION,,,NO,EN TRAMITE,,,,,,,
HP 2157,HELIPUERTO,HVW,RESIDENCIAL PUERTO MORELOS,QUINTANA ROO,SOLIDARIDAD,DIURNO,SERVICIO PARTICULAR,ELEVADO,H-1,"TRANSCANCUN SERVICES, S.A. DEC.V.",,WGS-84,20,53,24.00,86,51,41,,,,,CONCRETO,SIN AUTORIZACION,,SIN AUTORIZACION,,,NO,EN TRAMITE,"AEROPUERTO INTERNACIONAL DE CANCUN, QUINTANA ROO",,,,,,
SP 2158,AERÓDROMO,PCO,LOS PERICOS,TAMAULIPAS,SOTO LA MARINA,DIURNO,SERVICIO PARTICULAR,TERRESTRE,1-A,"OYSTER PARROT, S.P.R. DE R.L.",21.00,WGS-84,23,25,31.00,97,47,18,,,,,TERRACERIA,SIN AUTORIZACION,,SIN AUTORIZACION,,,NO,EN TRAMITE,"AEROPUERTO INTERNACIONAL DE TAMPICO, TAMAULIPAS",,,,,,
SP 2159,AERÓDROMO,GPC,CAP. GONTRAN POMPA ESTRELLA,SONORA,CABORCA,DIURNO,SERVICIO PARTICULAR,TERRESTRE,1-A,"MUNICIPIO DE CABORCA, SONORA",229.00,WGS-84,30,43,57.33,112,19,53.09,6,24,2000,30,TERRACERIA,SIN AUTORIZACION,,SIN AUTORIZACION,,,NO,EN TRAMITE,,,,,,,
HP 2160,HELIPLATAFORMA,HXB,CME I,CAMPECHE,CIUDAD DEL CARMEN,DIURNO,SERVICIO PARTICULAR,ELEVADO,H-1,PERFORACIONES ESTRATEGICAS E INTEGRALMEXICANAS SA DE CV,44.00,WGS-84,N/A,N/A,N/A,N/A,N/A,N/A,,,,,METALICA,SIN AUTORIZACION,,SIN AUTORIZACION,,,NO,EN TRAMITE,"AEROPUERTO INTERNACIONAL DE CIUDAD DEL CARMEN, CAMPECHE",,,,,,
HP 2161,HELIPUERTO,HPN,HOSPITAL STAR MEDICA PUEBLA,PUEBLA,PUEBLA,DIRUNO,SERVICIO PARTICULAR,ELEVADO,H-1,"STAR MEDICA, S.A. DE C.V.","2,120.00",WGS-84,19,1,60.00,98,14,4,,,,,CONCRETO,SIN AUTORIZACION,,SIN AUTORIZACION,,,NO,EN TRAMITE,"AEROPUERTO INTERNACIONAL ""HERMANOS SERDÁN"" DE HUEJOTZINGO, PUE.",,,,,,
SP 2162,AERÓDROMO,RLJ,RANCHO LOS OJITOS,CHIHUAHUA,CHIHUAHUA,DIRUNO,SERVICIO PARTICULAR,TERRESTRE,1-A,"RANCHO LOS OJITOS, S.A. DE C.V.","1,344.00",WGS-84,29,35,2.30,106,4,45.4,17,35,800,18,TERRACERIA,SIN AUTORIZACION,,SIN AUTORIZACION,,,NO,EN TRAMITE,"AEROPUERTO INTERNACIONAL DE CIUDAD JUAREZ, CHIHUAHUA",,,,,,
HP 2163,HELIPUERTO,HAC,ACR,VERACRUZ,EL SUMIDERO,DIRUNO,SERVICIO PARTICULAR,SUPERFICIE,H-2,"ACE CAPITAL INMOBILIARIO, S.A. DE C.V.","2,415.00",WGS-84,18,41,25.01,97,20,7.46,,,,,CONCRETO,SIN AUTORIZACION,,SIN AUTORIZACION,,,NO,EN TRAMITE,"AEROPUERTO DE TEHUACAN, PUEBLA",,,,,,
HP 2164,HELIPUERTO,HQQ,QUETZALCOATL,PUEBLA,TEHUACAN,DIRUNO,SERVICIO PARTICULAR,SUPERFICIE,H-2,"ACE CAPITAL INMOBILIARIO, S.A. DE C.V.","1,557.00",WGS-84,18,27,49.00,97,22,15,,,,,CONCRETO,SIN AUTORIZACION,,SIN AUTORIZACION,,,NO,EN TRAMITE,"AEROPUERTO DE TEHUACAN, PUEBLA",,,,,,
HP 2165,HELIPUERTO,HFO,LA CORONA,ESTADO DE MEXICO,ECATEPEC,DIRUNO,SERVICIO PARTICULAR,SUPERFICIE,H-2,"FABRICA LA CORONA, S.A. DE C.V.","2,234.00",WGS-84,19,30,49.34,99,5,10.42,,,,,CONCRETO,SIN AUTORIZACION,,SIN AUTORIZACION,,,NO,EN TRAMITE,"AEROPUERTO INTERNACIONAL DE LA CIUDAD DE MEXICO, CIUDAD DE MEXICO",,,,,,
HP 2166,HELIPUERTO,HTS,TORRE CAPITA SUR,QUERETARO,SANTIAGO DE QUERETARO,DIRUNO,SERVICIO PARTICULAR,ELEVADO,H-1,ALFONSO SUAREZ GONZALEZ,"1,899.00",WGS-84,20,34,10.66,100,21,33.23,,,,,CONCRETO,SIN AUTORIZACION,,SIN AUTORIZACION,,,NO,EN TRAMITE,AEROPUERTO INTERCONTINENTAL DE QUERÉTARO.,,,,,,
HP 2167,HELIPUERTO,HPF,PANTALEON ALFA,VERACRUZ,PANUCO,DIRUNO,SERVICIO PARTICULAR,SUPERFICIE,H-1,"INGENIO PANUCO, S.A.P.I. DE C.V.",14.00,WGS-84,22,1,11.02,98,10,55.39,,,,,CONCRETO,SIN AUTORIZACION,,SIN AUTORIZACION,,,NO,EN TRAMITE,"AEROPUERTO INTERNACIONAL DE TAMPICO, TAMAULIPAS",,,,,,
HP 2168,HELIPUERTO,HLD,LA HERRADURA,VERACRUZ,PANUCO,DIRUNO,SERVICIO PARTICULAR,SUPERFICIE,H-1,RAMON RIVERA MESA,18.00,WGS-84,22,2,23.00,98,8,36,,,,,CONCRETO,SIN AUTORIZACION,,SIN AUTORIZACION,,,NO,EN TRAMITE,"AEROPUERTO INTERNACIONAL DE TAMPICO, TAMAULIPAS",,,,,,
HP 2169,HELIPUERTO,HDZ,DANZANTE BAY,BAJA CALIFORNIA SUR,LORETO,DIRUNO,SERVICIO PARTICULAR,SUPERFICIE,H-1,DANZANTE BAY CONTRUCCION CO S.S. DE C.V.,5.00,WGS-84,25,43,0.40,111,13,54,,,,,CONCRETO,SIN AUTORIZACION,,SIN AUTORIZACION,,,NO,EN TRAMITE,"AEROPUERTO INTERNACIONAL DE LORETO, BAJA CALIFORNIA SUR",,,,,,
HP 2170,HELIPUERTO,HZS,ASAMAZ,SINALOA,MAZATLAN,DIURNO,SERVICIO PARTICULAR,SUPERFICIE,H-1,HELIMAZ S.A. DE C.V.,10.00,WGS-84,23,9,38.00,106,16,15,,,,,CONCRETO,SIN AUTORIZACION,,SIN AUTORIZACION,,,NO,EN TRAMITE,"AEROPUERTO INTERNACIONAL DE MAZATLAN, SINALOA",,,,,,
SP 2171,AERÓDROMO,PCS,RANCHO GANADERO LOS PICOS,COAHUILA,MIZQUIZ,DIURNO,SERVICIO PARTICULAR,TERRESTRE,1-A,"RANCHO GANADERO LOS PICOS, S.A. DE C.V.","1,357.00",WGS-84,28,58,4.42,102,0,47.28,11,29,1200,30,ASFALTO,SIN AUTORIZACION,,SIN AUTORIZACION,,,NO,EN TRAMITE,"AEROPUERTO INTERNACIONAL DE PIEDRAS NEGRAS, COAHUILA",,,,,,
SP 2172,AERÓDROMO,ELT,EL TARAUMAR,DURANGO,SANTIAGO PAPASQUIARO,DIURNO,SERVICIO PARTICULAR,TERRESTRE,1-A,COMUNIDAD DEL TARAUMAR Y BAJIOS DEL TARAUMAR,"2,556.00",WGS-84,25,38,27.65,106,20,17.64,15,33,573.7,39.42,TERRACERIA,SIN AUTORIZACION,,SIN AUTORIZACION,,,NO,EN TRAMITE,"AEROPUERTO INTERNACIONAL DE DURANGO, DURANGO",,,,,,
HP 2173,HELIPLATAFORMA,HYF,RPM FRONTERA,CAMPECHE,CIUDAD DEL CARMEN,DIURNO,SERVICIO PARTICULAR,ELEVADO,H-2,RPM OFFSHORE SERVICES SAPI DE CV,18.09,WGS-84,19,30,1.87,99,59,17,,,,,ALUMINIO,SIN AUTORIZACION,,SIN AUTORIZACION,,,NO,EN TRAMITE,"AEROPUERTO INTERNACIONAL DE CIUDAD DEL CARMEN, CAMPECHE",,,,,,
ZD 2174,ZONA DE DESPEGUE,ZSBS,SPACE BALLOONS,ESTADO DE MEXICO,SAN MARTIN DE LAS PIRAMIDES,DIURNO,SERVICIO PARTICULAR,TERRESTRE,N/A,LUIS DAVID VELAZQUEZ BENITES,"2,299.00",WGS-84,19,41,57.00,98,49,7,,,,,TERRACERIA,SIN AUTORIZACION,,SIN AUTORIZACION,,,NO,EN TRAMITE,AEROPUERTO INTERNACIONAL FELIPE ANGELES,,,,,,
ZD 2175,ZONA DE DESPEGUE,ZSOL,AL SOL GLOBOS,ESTADO DE MEXICO,SAN MARTIN DE LAS PIRAMIDES,DIURNO,SERVICIO PARTICULAR,TERRESTRE,N/A,JUANA MARIA AMADOR AMADOR,"2,300.00",WGS-84,19,41,45.00,98,49,16,,,,,TERRACERIA,SIN AUTORIZACION,,SIN AUTORIZACION,,,NO,EN TRAMITE,AEROPUERTO INTERNACIONAL FELIPE ANGELES,,,,,,
HP 2176,HELIPUERTO,HYX,HELIPUERTO MYX,PUEBLA,SAN ANDRES CHOLULA,DIURNO,SERVICIO PARTICULAR,ELEVADO,H-1,"METROPOLITAN DESARROLLOS PREMIUN, S.A.P.I. DE C.V.","2,123.00",WGS-84,19,2,1.09,98,14,2.28,,,,,CONCRETO,SIN AUTORIZACION,,SIN AUTORIZACION,,,NO,EN TRAMITE,"AEROPUERTO DE TEHUACAN, PUEBLA",,,,,,
HP 2177,HELIPUERTO,HSL,HOSPITAL STAR MEDICA LEON,GUANAJUATO,LEON,DIURNO,SERVICIO PARTICULAR,ELEVADO,H-1,"STAR MEDICA, S.A. DE C.V.","1,830.00",WGS-84,21,9,7.00,101,41,8,,,,,CONCRETO,SIN AUTORIZACION,,SIN AUTORIZACION,,,NO,EN TRAMITE,"AEROPUERTO INTERNACIONAL DE GUANAJUATO, GUANAJUATO",,,,,,
HP 2178,HELIPUERTO,HSI,SERVICIOS AEREOS ILSA,BAJA CALIFORNIA SUR,LA PAZ,DIURNO,SERVICIO PARTICULAR,SUPERFICIE,H-1,"SERVICIOS AEREOS ILSA, S.A. DE C.V.",44.00,WGS-84,23,22,42.09,110,10,57.51,,,,,CONCRETO,SIN AUTORIZACION,,SIN AUTORIZACION,,,NO,EN TRAMITE,"AEROPUERTO INTERNACIONAL DE LORETO, BAJA CALIFORNIA SUR",,,,,,
SP 2179,AERÓDROMO,SUT,SUNSET,BAJA CALIFORNIA,MEXICALI,DIRUNO,SERVICIO PARTICULAR,TERRESTRE,A-1,SUNSET AEROFUMIGACION Y SERVICIOS S. DE R.L. DE C.V.,10.00,WGS-84,32,9,56.00,115,0,11.5,17,35,648,18,TERRACERIA,SIN AUTORIZACION,,SIN AUTORIZACION,,,NO,EN TRAMITE,"AEROPUERTO INTERNACIONAL DE MEXICALI, BAJA CALIFORNIA",,,,,,
HP 2180,HELIPLATAFORMA,HXU,CAMPECHE,CAMPECHE,CIUDAD DEL CARMEN,DIRUNO,SERVICIO PARTICULAR,HELIPUERTO MIXTO,H-1,"COMPAÑÍA PERFORADORA MEXICO, S.A.P.I. DE C.V.",30.00,WGS-84,18,39,44.40,92,51,23.95,,,,,METALICA,SIN AUTORIZACION,,SIN AUTORIZACION,,,NO,EN TRAMITE,"AEROPUERTO INTERNACIONAL DE CIUDAD DEL CARMEN, CAMPECHE",,,,,,
HP 2181,HELIPLATAFORMA,HXV,CHIHUAHUA,CAMPECHE,CIUDAD DEL CARMEN,DIRUNO,SERVICIO PARTICULAR,HELIPUERTO MIXTO,H-1,CHIHUAHUA JACKUP. S.A. DE C.V.,33.00,WGS-84,19,30,5.01,91,59,18.16,,,,,METALICA,SIN AUTORIZACION,,SIN AUTORIZACION,,,NO,EN TRAMITE,"AEROPUERTO INTERNACIONAL DE CIUDAD DEL CARMEN, CAMPECHE",,,,,,
HP 2182,HELIPLATAFORMA,HXW,TABASCO,CAMPECHE,CIUDAD DEL CARMEN,DIRUNO,SERVICIO PARTICULAR,HELIPUERTO MIXTO,H-1,"COMPAÑÍA PERFORADORA MEXICO, S.A.P.I. DE C.V.",35.00,WGS-84,19,7,20.88,92,14,34.66,,,,,METALICA,SIN AUTORIZACION,,SIN AUTORIZACION,,,NO,EN TRAMITE,"AEROPUERTO INTERNACIONAL DE CIUDAD DEL CARMEN, CAMPECHE",,,,,,
HP 2183,HELIPLATAFORMA,HXX,ZACATECAS,CAMPECHE,CIUDAD DEL CARMEN,DIRUNO,SERVICIO PARTICULAR,HELIPUERTO MIXTO,H-1,ZACATECAS JACKUP. S.A. DE C.V.,30.00,WGS-84,18,29,16.87,93,20,40.52,,,,,METALICA,SIN AUTORIZACION,,SIN AUTORIZACION,,,NO,EN TRAMITE,"AEROPUERTO INTERNACIONAL DE CIUDAD DEL CARMEN, CAMPECHE",,,,,,
SP 2184,AERÓDROMO,PNS,PINOS ALTOS,DURANGO,DURANGO,DIRUNO,SERVICIO PARTICULAR,TERRESTRE,1-A,COMUNIDAD DE SAN BERNARDINO DE MILPILLAS CHICO,"2,457.00",WGS-84,23,22,13.81,104,56,36.2,5,23,480,12,TERRACERIA,SIN AUTORIZACION,,SIN AUTORIZACION,,,NO,EN TRAMITE,"AEROPUERTO INTERNACIONAL DE DURANGO, DURANGO",,,,,,
SP 2185,AERÓDROMO,LDH,LOS DOS HERMANOS,TAMAULIPAS,GONZALEZ,DIURNO,SERVICIO PARTICULAR,TERRESTRE,1-A,GERRY FROESE KAUENHOFEN,100.00,WGS-84,22,45,41.00,98,21,57,18,36,950,18,TERRACERIA,SIN AUTORIZACION,,SIN AUTORIZACION,,,NO,EN TRAMITE,"AEROPUERTO INTERNACIONAL DE TAMPICO, TAMAULIPAS",,,,,,
SP 2186,AERÓDROMO,GLA,GALILEA,CHIHUAHUA,COYAME,DIURNO,SERVICIO PARTICULAR,TERRESTRE,1-A,ENRIQUE BAEZA LOPEZ,"1,551.00",WGS-84,29,44,41.27,105,15,10.49,14,32,900,18,TERRACERIA,SIN AUTORIZACION,,SIN AUTORIZACION,,,NO,EN TRAMITE,"AEROPUERTO INTERNACIONAL DE CHIHUAHUA, CHIHUAHUA",,,,,,
ZD 2187,ZONA DE DESPEGUE,ZAEG,AVENTURA EN GLOBOS,ESTADO DE MEXICO,TEOTIHUACÁN,DIURNO,SERVICIO PARTICULAR,TERRESTRE,N/A,"AVENTURA EN GLOBOS, S. DE R..L. DE C.V.","2,290.00",WGS-84,19,41,27.00,98,49,25,,,,,TERRACERIA,SIN AUTORIZACION,,SIN AUTORIZACION,,,NO,EN TRAMITE,,,,,,,
HP 2188,HELIPUERTO,HAD,HOSPITAL ANGELES ANDARES ,JALISCO,ZAPOPAN,DIURNO,SERVICIO PARTICULAR,ELEVADO,H-1,"HOSPITAL ANGELES DE GUADALAJARA, S.A.P.I. DE C.V. ","1,591.00",WGS-84,20,42,8.11,103,24,57.19,,,,,,SIN AUTORIZACION,,SIN AUTORIZACION,,,NO,EN TRAMITE,"AEROPUERTO INTERNACIONAL DE GUADALAJARA, JALISCO",,,,,,
HP 2189,HELIPUERTO,HCI,COSTA CANUVA,NAYARIT,COMPOSTELA,DIURNO,SERVICIO PARTICULAR,SUPERFICIE,H-1,"MOTA-ENGIL-TURISMO, S.A. DE C.V.",6.00,WGS-84,21,5,22.88,105,13,16.92,,,,,,SIN AUTORIZACION,,SIN AUTORIZACION,,,NO,EN TRAMITE,"AEROPUERTO DE TEPIC, NAYARIT",,,,,,
HP 2190,HELIPLATAFORMA,HPO,PERRO NEGRO 10,CAMPECHE,CIUDAD DEL CARMEN,DIURNO,SERVICIO PARTICULAR,ELEVADO,H-1,"SAIMEXICANA, S.A. DE C.V.",50.00,WGS-84,18,20,13.31,93,52,17.95,,,,,,SIN AUTORIZACION,,SIN AUTORIZACION,,,NO,EN TRAMITE,"AEROPUERTO INTERNACIONAL DE CIUDAD DEL CARMEN, CAMPECHE",,,,,,
HP 2191,HELIPUERTO,HMJ,HOSPITAL MIT,JALISCO,GUADALAJARA,DIURNO,SERVICIO PARTICULAR,ELEVADO,H-1,"MEDICA INTEGRAL TESISTAN, S.A.P.I. DE C.V.",16.19,WGS-84,20,40,33.00,103,23,22.52,,,,,CONCRETO,SIN AUTORIZACION,,SIN AUTORIZACION,,,NO,EN TRAMITE,"AEROPUERTO INTERNACIONAL DE GUADALAJARA, JALISCO",,,,,,